labelName,tabType,address,nameTag
0x Protocol Ecosystem 23,default,0x0e8ba001a821f3ce0734763d008c9d7c957f5852,AmadeusRelay
0x Protocol Ecosystem 23,default,0xc898fbee1cc94c0ff077faa5449915a506eff384,Bamboo Relay
0x Protocol Ecosystem 23,default,0x58a5959a6c528c5d5e03f7b9e5102350e24005f1,ERC dEX
0x Protocol Ecosystem 23,default,0x2cc42d1cd65af27cc999e41ef93d1a763dc821f8,IDT Exchange
0x Protocol Ecosystem 23,default,0x4524baa98f9a3b9dec57caae7633936ef96bd708,LedgerDex
0x Protocol Ecosystem 23,default,0xc22d5b2951db72b44cfb8089bb8cd374a3c354ea,OpenRelay
0x Protocol Ecosystem 23,default,0xd2045edc40199019e221d71c0913343f7908d0d5,Paradex
0x Protocol Ecosystem 23,default,0xa258b39954cef5cb142fd567a46cddb31a670124,Radar Relay
0x Protocol Ecosystem 23,default,0x55890b06f0877a01bb5349d93b202961f8e27a9b,Shark Relay
0x Protocol Ecosystem 23,default,0x0681e844593a051e2882ec897ecd5444efe19ff2,Star Bit Ex
0x Protocol Ecosystem 23,default,0x7219612be7036d1bfa933e16ca1246008f38c5fe,The Ocean
0x Protocol Ecosystem 23,default,0x5e150a33ffa97a8d22f59c77ae5487b089ef62e9,TokenJar
