labelName,tabType,address,nameTag
Aave 247,Main,0x317625234562b1526ea2fac4030ea499c5291de4,Aave: LEND To AAVE Migrator
Aave 247,Main,0xba3d9687cf50fe253cd2e1cfeede1d6787344ed5,Aave: aAAVE Token V1
Aave 247,Main,0xffc97d72e13e01096502cb8eb52dee56f74dad7b,Aave: aAAVE Token V2
Aave 247,Main,0x7fc66500c84a76ad7e9c93437bfc5ac33e2ddae9,Aave: AAVE Token
Aave 247,Main,0xf7dba49d571745d9d7fcb56225b05bea803ebf3c,Aave: Aave Variable Debt V2
Aave 247,Main,0xe1ba0fb44ccb0d11b80f92f4f8ed94ca3ff51d00,Aave: aBAT Token V1
Aave 247,Main,0x05ec93c0365baaeabf7aeffb0972ea7ecdd39cf1,Aave: aBAT Token V2
Aave 247,Main,0x6ee0f7bb50a54ab5253da0667b0dc2ee526c30a8,Aave: aBUSD Token V1
Aave 247,Main,0xa361718326c15715591c299427c62086f69923d9,Aave: aBUSD Token V2
Aave 247,Main,0x8dae6cb04688c62d939ed9b68d32bc62e49970b1,Aave: aCRV Token V2
Aave 247,Main,0xfc1e690f61efd961294b3e1ce3313fbd8aa4f85d,Aave: aDAI Token V1
Aave 247,Main,0x028171bca77440897b824ca71d1c56cac55b68a3,Aave: aDAI Token V2
Aave 247,Main,0xac6df26a590f08dcc95d5a4705ae8abbc88509ef,Aave: aENJ Token V2
Aave 247,Main,0x3a3a65aab0dd2a17e3f1947ba16138cd37d08c04,Aave: aETH Token
Aave 247,Main,0x9d91be44c06d373a8a226e1f3b146956083803eb,Aave: aKNC Token V1
Aave 247,Main,0x39c6b3e42d6a679d7d776778fe880bc9487c2eda,Aave: aKNC Token V2
Aave 247,Main,0x7d2d3688df45ce7c552e19c27e007673da9204b8,Aave: aLEND Token
Aave 247,Main,0xa64bd6c70cb9051f6a9ba1f163fdc07e0dfb5f84,Aave: aLINK Token V1
Aave 247,Main,0xa06bc25b5805d5f8d82847d191cb4af5a3e873e0,Aave: aLINK Token V2
Aave 247,Main,0x6fce4a401b6b80ace52baaefe4421bd188e76f6f,Aave: aMANA Token V1
Aave 247,Main,0xa685a61171bb30d4072b338c80cb7b2c865c873e,Aave: aMANA Token V2
Aave 247,Main,0x7deb5e830be29f91e298ba5ff1356bb7f8146998,Aave: aMKR Token V1
Aave 247,Main,0xc713e5e149d5d0715dcd1c156a020976e7e56b88,Aave: aMKR Token V2
Aave 247,Main,0x9a8ca7e1d64afff2664443b3803f280345f5336b,Aave: AMPL Interest Rate Strategy V2
Aave 247,Main,0xf013d90e4e4e3baf420dfea60735e75dbd42f1e1,Aave: AMPL Variable Debt V2
Aave 247,Main,0xcc12abe4ff81c9378d670de1b57f8e0dd228d77a,Aave: aREN Token V2
Aave 247,Main,0x71010a9d003445ac60c4e6a7017c1e89a477b438,Aave: aREP Token
Aave 247,Main,0x328c4c80bc7aca0834db37e6600a6c49e12da4de,Aave: aSNX Token V1
Aave 247,Main,0x35f6b052c598d933d69a4eec4d04c73a191fe6c2,Aave: aSNX Token V2
Aave 247,Main,0x625ae63000f46200499120b906716420bd059240,Aave: aSUSD Token V1
Aave 247,Main,0x6c5024cd4f8a59110119c56f8933403a539555eb,Aave: aSUSD Token V2
Aave 247,Main,0x4da9b813057d04baef4e5800e36083717b4a0341,Aave: aTUSD Token V1
Aave 247,Main,0x101cc05f4a51c0319f570d5e146a8c625198e636,Aave: aTUSD Token V2
Aave 247,Main,0xb124541127a0a657f056d9dd06188c4f1b0e5aab,Aave: aUNI Token V1
Aave 247,Main,0xb9d7cb55f463405cdfbe4e90a6d2df01c2b92bf1,Aave: aUNI Token V2
Aave 247,Main,0x9ba00d6856a4edf4665bca2c2309936572473b7e,Aave: aUSDC Token V1
Aave 247,Main,0xbcca60bb61934080951369a648fb03df4f96263c,Aave: aUSDC Token V2
Aave 247,Main,0x71fc860f7d3a592a4a98740e39db31d25db65ae8,Aave: aUSDT Token V1
Aave 247,Main,0x3ed3b47dd13ec9a98b44e6204a523e766b225811,Aave: aUSDT Token V2
Aave 247,Main,0xfc4b8ed459e00e5400be803a9bb3954234fd50e3,Aave: aWBTC Token V1
Aave 247,Main,0x9ff58f4ffb29fa2266ab25e75e2a8b3503311656,Aave: aWBTC Token V2
Aave 247,Main,0x030ba81f1c18d280636f32af80b9aad02cf0854e,Aave: aWETH Token V2
Aave 247,Main,0x12e51e77daaa58aa0e9247db7510ea4b46f9bead,Aave: aYFI Token V1
Aave 247,Main,0x5165d24277cd063f5ac44efd447b27025e888f37,Aave: aYFI Token V2
Aave 247,Main,0x6fb0855c404e09c47c3fbca25f08d4e41f9f062f,Aave: aZRX Token V1
Aave 247,Main,0xdf7ff54aacacbff42dfe29dd6144a69b629f8c9e,Aave: aZRX Token V2
Aave 247,Main,0xfc0eace19aa7498e0f36ef1607d282a8d6debbdd,Aave: BAL Interest Rate Strategy V2
Aave 247,Main,0x13210d4fe0d5402bd7ecbc4b5bc5cfca3b71adb0,Aave: BAL Variable Debt V2
Aave 247,Main,0xbdfc85b140edf1feafd6ed664027aa4c23b4a29f,Aave: BAT Interest Rate Strategy V2
Aave 247,Main,0x277f8676facf4daa5a6ea38ba511b7f65aa02f9f,Aave: BAT Stable Debt V2
Aave 247,Main,0xfc218a6dfe6901cb34b1a5281fc6f1b8e7e56877,Aave: BAT Variable Debt V2
Aave 247,Main,0x26d40544447f68a3de69005822195549934624b9,Aave: BUSD Interest Rate Strategy V2
Aave 247,Main,0x4a7a63909a72d268b1d8a93a9395d098688e0e5c,Aave: BUSD Stable Debt V2
Aave 247,Main,0xba429f7011c9fa04cdd46a2da24dc0ff0ac6099c,Aave: BUSD Variable Debt V2
Aave 247,Main,0x9288059a74f589c919c7cf1db433251cdfeb874b,Aave: CRV Stable Debt V2
Aave 247,Main,0x00ad8ebf64f141f1c81e9f8f792d3d1631c6c684,Aave: CRV Variable Debt V2
Aave 247,Main,0xfffe32106a68aa3ed39ccce673b646423eeab62a,Aave: DAI Interest Rate Strategy V2
Aave 247,Main,0x778a13d3eeb110a4f7bb6529f99c000119a08e92,Aave: DAI Stable Debt V2
Aave 247,Main,0x6c3c78838c761c6ac7be9f59fe808ea2a6e4379d,Aave: DAI Variable Debt V2
Aave 247,Main,0x4a4fb6b26e7f516594b7242240039ea8faac897a,Aave: ENJ Interest Rate Strategy V2
Aave 247,Main,0x943dcca156b5312aa24c1a08769d67fece4ac14c,Aave: ENJ Stable Debt V2
Aave 247,Main,0x38995f292a6e31b78203254fe1cdd5ca1010a446,Aave: ENJ Variable Debt V2
Aave 247,Main,0x2893405d64a7bc8db02fa617351a5399d59ecf8d,Aave: GUSD Interest Rate Strategy V2
Aave 247,Main,0xf8ac64ec6ff8e0028b37eb89772d21865321bce0,Aave: GUSD Stable Debt V2
Aave 247,Main,0x279af5b99540c1a3a7e3cdd326e19659401ef99e,Aave: GUSD Variable Debt V2
Aave 247,Main,0xe3a3de71b827cb73663a24cdb6243ba7f986cc3b,Aave: Interest Rate Strategy V2
Aave 247,Main,0xfdbda42d2ac1bfbbc10555eb255de8387b8977c4,Aave: KNC Interest Rate Strategy V2
Aave 247,Main,0x9915dfb872778b2890a117da1f35f335eb06b54f,Aave: KNC Stable Debt V2
Aave 247,Main,0x6b05d1c608015ccb8e205a690cb86773a96f39f1,Aave: KNC Variable Debt V2
Aave 247,Main,0x80fb784b7ed66730e8b1dbd9820afd29931aab03,Aave: LEND Token
Aave 247,Main,0x3dfd23a6c5e8bbcfc9581d2e864a68feb6a076d3,Aave: Lending Pool Core V1
Aave 247,Main,0x24a42fd28c976a61df5d00d0599c34c4f90748c8,Aave: Lending Pool Provider V1
Aave 247,Main,0x398ec7346dcd622edc5ae82352f02be94c62d119,Aave: Lending Pool V1
Aave 247,Main,0xed6547b83276b076b771b88fccbd68bdedb3927f,Aave: Link Interest Rate Strategy V2
Aave 247,Main,0xfb4aec4cc858f2539ebd3d37f2a43eae5b15b98a,Aave: Link Stable Debt V2
Aave 247,Main,0x0b8f12b1788bfde65aa1ca52e3e9f3ba401be16d,Aave: Link Variable Debt V2
Aave 247,Main,0x004fc239848d8a8d3304729b78ba81d73d83c99f,Aave: Mana Interest Rate Strategy V2
Aave 247,Main,0xd86c74ea2224f4b8591560652b50035e4e5c0a3b,Aave: MANA Stable Debt V2
Aave 247,Main,0x0a68976301e46ca6ce7410db28883e309ea0d352,Aave: Mana Variable Debt V2
Aave 247,Main,0xc01c8e4b12a89456a9fd4e4e75b72546bf53f0b5,Aave: MKR Stable Debt V2
Aave 247,Main,0xba728ead5e496be00dcf66f650b6d7758ecb50f8,Aave: MKR Variable Debt V2
Aave 247,Main,0x404d396fc42e20d14585a1a10cd64bddc6c6574a,Aave: PAX Interest Rate Strategy V2
Aave 247,Main,0xfdb93b3b10936cf81fa59a02a7523b6e2149b2b7,Aave: PAX Variable Debt V2
Aave 247,Main,0x4965f6fa20fe9728decf5165016fc338a5a85abf,Aave: Proxy
Aave 247,Main,0xa7d4df837926cd55036175afef38395d56a64c22,Aave: RAI Interest Rate Strategy V2
Aave 247,Main,0xb5385132ee8321977fff44b60cde9fe9ab0b4e6b,Aave: RAI Variable Debt V2
Aave 247,Main,0x9b1e3c7483f0f21abfeae3aebc9b47b5f23f5bb0,Aave: REN Interest Rate Strategy V2
Aave 247,Main,0x3356ec1efa75d9d150da1ec7d944d9edf73703b7,Aave: REN Stable Debt V2
Aave 247,Main,0xcd9d82d33bd737de215cdac57fe2f7f04df77fe0,Aave: REN Variable Debt V2
Aave 247,Main,0xb140cb1306b396c658a5438602b6857842e1e98a,Aave: RenFIL Interest Rate Strategy V2
Aave 247,Main,0xcaad05c49e14075077915cb5c820eb3245afb950,Aave: RenFIL Stable Debt V2
Aave 247,Main,0x348e2ebd5e962854871874e444f4122399c02755,Aave: RenFIL Variable Debt V2
Aave 247,Main,0xcc92073dde8ae03baa1812ac5cf22e69b5e76914,Aave: SNX Interest Rate Strategy V2
Aave 247,Main,0x8575c8ae70bdb71606a53aea1c6789cb0fbf3166,Aave: SNX Stable Debt V2
Aave 247,Main,0x267eb8cf715455517f9bd5834aeae3cea1ebdbd8,Aave: SNX Variable Debt V2
Aave 247,Main,0x3082d0a473385ed2cbd1f16087ab8b7bf79f0355,Aave: SUSD Interest Rate Strategy V2
Aave 247,Main,0x30b0f7324fedf89d8eff397275f8983397efe4af,Aave: SUSD Stable Debt V2
Aave 247,Main,0xdc6a3ab17299d9c2a412b0e0a4c1f55446ae0817,Aave: SUSD Variable Debt V2
Aave 247,Main,0x0ddec679166c367ae45036c8b2c169c5fb2dcee1,Aave: TUSD Interest Rate Strategy V2
Aave 247,Main,0x7f38d60d94652072b2c44a18c0e14a481ec3c0dd,Aave: TUSD Stable Debt V2
Aave 247,Main,0x01c0eb1f8c6f1c1bf74ae028697ce7aa2a8b0e92,Aave: TUSD Variable Debt V2
Aave 247,Main,0x24abfac8dd8f270d752837fdfe3b3c735361f4ee,Aave: UNI Interest Rate Strategy V2
Aave 247,Main,0xd939f7430dc8d5a427f156de1012a56c18acb6aa,Aave: UNI Stable Debt V2
Aave 247,Main,0x5bdb050a92cadccfcdcccbfc17204a1c9cc0ab73,Aave: UNI Variable Debt V2
Aave 247,Main,0x8cae0596bc1ed42dc3f04c4506cfe442b3e74e27,Aave: USDC Interest Rate Strategy V2
Aave 247,Main,0xe4922afab0bbadd8ab2a88e0c79d884ad337fca6,Aave: USDC Stable Debt V2
Aave 247,Main,0x619beb58998ed2278e08620f97007e1116d5d25b,Aave: USDC Variable Debt V2
Aave 247,Main,0x515e87cb3fec986050f202a2bbfa362a2188bc3f,Aave: USDT Interest Rate Strategy V2
Aave 247,Main,0xe91d55ab2240594855abd11b3faae801fd4c4687,Aave: USDT Stable Debt V2
Aave 247,Main,0x531842cebbdd378f8ee36d171d6cc9c4fcf475ec,Aave: USDT Variable Debt V2
Aave 247,Main,0xf41e8f817e6c399d1ade102059c454093b24f35b,Aave: WBTC Interest Rate Strategy V2
Aave 247,Main,0x51b039b9afe64b78758f8ef091211b5387ea717c,Aave: WBTC Stable Debt V2
Aave 247,Main,0x9c39809dec7f95f5e0713634a4d0701329b3b4d2,Aave: WBTC Variable Debt V2
Aave 247,Main,0x4ce076b9dd956196b814e54e1714338f18fde3f4,Aave: WETH Interest Rate Strategy V2
Aave 247,Main,0x4e977830ba4bd783c0bb7f15d3e243f73ff57121,Aave: WETH Stable Debt V2
Aave 247,Main,0xf63b34710400cad3e044cffdcab00a0f32e33ecf,Aave: WETH Variable Debt V2
Aave 247,Main,0xb49034ada4be5c6bb3823a623c6250267110b06b,Aave: xSushi Interest Rate Strategy V2
Aave 247,Main,0xfafedf95e21184e3d880bd56d4806c4b8d31c69a,Aave: xSushi Variable Debt V2
Aave 247,Main,0xfd71623d7f41360aefe200de4f17e20a29e1d58c,Aave: YFI Interest Rate Strategy V2
Aave 247,Main,0xca823f78c2dd38993284bb42ba9b14152082f7bd,Aave: YFI Stable Debt V2
Aave 247,Main,0x7ebd09022be45ad993baa1cec61166fcc8644d97,Aave: YFI Variable Debt V2
Aave 247,Main,0x1a4babc0e20d892167792ac79618273711afd3e7,Aave: ZRX Interest Rate Strategy V2
Aave 247,Main,0x071b4323a24e73a5afeebe34118cd21b8faaf7c3,Aave: ZRX Stable Debt V2
Aave 247,Main,0x85791d117a392097590bded3bd5abb8d5a20491a,Aave: ZRX Variable Debt V2
Aave 247,Others,0xd109b2a304587569c84308c55465cd9ff0317bfb,Aave: aAmmBptBALWETH Token V2
Aave 247,Others,0x358bd0d980e031e23eba9aa793926857703783bd,Aave: aAmmBptWBTCWETH Token V2
Aave 247,Others,0x79be75ffc64dd58e66787e4eae470c8a1fd08ba4,AAVE: aAmmDAI Token V2
Aave 247,Others,0xe59d2ff6995a926a574390824a657eed36801e55,Aave: aAmmUniAAVEWETH Token V2
Aave 247,Others,0xa1b0edf4460cc4d8bfaa18ed871bff15e5b57eb4,Aave: aAmmUniBATWETH Token V2
Aave 247,Others,0x0ea20e7ffb006d4cfe84df2f72d8c7bd89247db0,Aave: aAmmUniCRVWETH Token V2
Aave 247,Others,0xe340b25fe32b1011616bb8ec495a4d503e322177,Aave: aAmmUniDAIUSDC Token V2
Aave 247,Others,0x9303eabc860a743aabcc3a1629014cabcc3f8d36,Aave: aAmmUniDAIWETH Token V2
Aave 247,Others,0xb8db81b84d30e2387de0ff330420a4aaa6688134,Aave: aAmmUniLINKWETH Token V2
Aave 247,Others,0x370adc71f67f581158dc56f539df5f399128ddf9,Aave: aAmmUniMKRWETH Token V2
Aave 247,Others,0xa9e201a4e269d6cd5e9f0fcbcb78520cf815878b,Aave: aAmmUniRENWETH Token V2
Aave 247,Others,0x38e491a71291cd43e8de63b7253e482622184894,Aave: aAmmUniSNXWETH Token V2
Aave 247,Others,0x3d26dcd840fcc8e4b2193ace8a092e4a65832f9f,Aave: aAmmUniUNIWETH Token V2
Aave 247,Others,0x391e86e2c002c70dee155eaceb88f7a3c38f5976,Aave: aAmmUniUSDCWETH Token V2
Aave 247,Others,0x2365a4890ed8965e564b7e2d27c38ba67fec4c6f,Aave: aAmmUniWBTCUSDC Token V2
Aave 247,Others,0xc58f53a8adff2fb4eb16ed56635772075e2ee123,Aave: aAmmUniWBTCWETH Token V2
Aave 247,Others,0x5394794be8b6ed5572fcd6b27103f46b5f390e8f,Aave: aAmmUniYFIWETH Token V2
Aave 247,Others,0x17a79792fe6fe5c95dfe95fe3fcee3caf4fe4cb7,Aave: aAmmUSDT Token V2
Aave 247,Others,0x13b2f6928d7204328b0e8e4bcd0379aa06ea21fa,Aave: aAmmWBTC Token V2
Aave 247,Others,0xf9fb4ad91812b704ba883b11d2b576e890a6730a,Aave: aAmmWETH Token V2
Aave 247,Others,0x1e6bb68acec8fefbd87d192be09bb274170a0548,Aave: aAMPL Token V2
Aave 247,Others,0x272f97b7a56a387ae942350bbc7df5700f8a4576,Aave: aBAL Token V2
Aave 247,Others,0x41a08648c3766f9f9d85598ff102a08f4ef84f84,Aave: ABPT Token
Aave 247,Others,0x712db54daa836b53ef1ecbb9c6ba3b9efb073f40,Aave: aENJ Token V1
Aave 247,Others,0xd37ee7e4f452c6638c96536e68090de8cbcdb583,Aave: aGUSD Token V2
Aave 247,Others,0x2e8f4bdbe3d47d7d7de490437aea9915d930f1a3,Aave: aPAX Token V2
Aave 247,Others,0xc9bc48c72154ef3e5425641a3c747242112a46af,Aave: aRAI Token V2
Aave 247,Others,0x69948cc03f478b95283f7dbf1ce764d0fc7ec54c,Aave: aREN Token V1
Aave 247,Others,0x514cd6756ccbe28772d4cb81bc3156ba9d1744aa,Aave: aRENFIL Token
Aave 247,Others,0xf256cc7847e919fac9b808cc216cac87ccf2f47a,Aave: aXSUSHI Token V2
Aave 247,Others,0xfe1a6056ee03235f30f7a48407a5673bbf25ed48,Aave: Deployer
Aave 247,Others,0x2fbb0c60a41cb7ea5323071624dcead3d213d0fa,Aave: Deployer 2
Aave 247,Others,0x51f22ac850d29c879367a77d241734acb276b815,Aave: Deployer 3
Aave 247,Others,0x25f2226b597e8f9514b3f68f00f494cf4f286491,Aave: Ecosystem Reserve
Aave 247,Others,0x4a49985b14bd0ce42c25efde5d8c379a48ab02f3,Aave: Genesis Team
Aave 247,Others,0xd784927ff2f95ba542bfc824c8a8a98f3495f6b5,Aave: Incentives Controller
Aave 247,Others,0x7937d4799803fbbe595ed57278bc4ca21f3bffcb,Aave: Lending Pool
Aave 247,Others,0x311bb771e4f8952e6da169b425e7e92d6ac45756,Aave: Lending Pool Configurator V2
Aave 247,Others,0xb53c1a33016b2dc2ff3653530bff1848a515c8c5,Aave: Lending Pool Provider V2
Aave 247,Others,0x52d306e36e3b6b02c153d0266ff0f85d18bcd413,Aave: Lending Pool Registry V2
Aave 247,Others,0x7d2768de32b0b80b7a3454c06bdac94a69ddc7a9,Aave: Lending Pool V2
Aave 247,Others,0x8a32f49ffba88aba6eff96f45d8bd1d4b3f35c7d,Aave: Lending Rate Oracle V2
Aave 247,Others,0xb9062896ec3a615a4e4444df183f0531a77218ae,Aave: Pool Admin V2
Aave 247,Others,0xa50ba011c48153de246e5192c8f9258a2ba79ca9,Aave: Price Oracle V2
Aave 247,Others,0x057835ad21a177dbdd3090bb1cae03eacf78fc6d,Aave: Protocol Data Provider V2
Aave 247,Others,0x4da27a545c0c5b758a6ba100e3a049001de870f5,Aave: Staked Aave
Aave 247,Others,0xa1116930326d21fb917d5a27f1e9943a9595fb47,Aave: stkABPT Token
Aave 247,Others,0x4a75f0ae51a5d616ada4db52be140d89302aaf78,Aave: Team Gnosis Safe
Aave 247,Others,0xe3d9988f676457123c5fd01297605efdd0cba1ae,Aave: Token Burner Address
Aave 247,Others,0x89c51828427f70d77875c6747759fb17ba10ceb0,Aave: Treasury
Aave 247,Others,0xcc9a0b7c43dc2a5f023bb9b738e45b0ef6b06e04,Aave: WETH Gateway
Aave 247,Others,0xdcd33426ba191383f1c9b431a342498fdac73488,Aave: WETHGateway V2
