labelName,tabType,address,nameTag
Abracadabra.Money 18,Main,0x7b7473a76d6ae86ce19f7352a1e89f6c9dc39020,Abracadabra.Money: ALCX Market
Abracadabra.Money 18,Main,0x806e16ec797c69afa8590a55723ce4cc1b54050e,Abracadabra.Money: Cvx3pool Market
Abracadabra.Money 18,Main,0x4eaed76c3a388f4a841e9c765560bbe7b3e4b3a0,Abracadabra.Money: cvxtricrypto2 Market
Abracadabra.Money 18,Main,0x05500e2ee779329698df35760bedcaac046e7c27,Abracadabra.Money: FTM Market
Abracadabra.Money 18,Main,0x5f0dee98360d8200b20812e174d139a1a633edd2,Abracadabra.Money: Multisig
Abracadabra.Money 18,Main,0xc319eea1e792577c319723b5e60a15da3857e7da,Abracadabra.Money: sSPELL Market
Abracadabra.Money 18,Main,0x003d5a75d284824af736df51933be522de9eed0f,Abracadabra.Money: wsOHM Market
Abracadabra.Money 18,Main,0x98a84eff6e008c5ed0289655ccdca899bcb6b99f,Abracadabra.Money: xSUSHI Market
Abracadabra.Money 18,Main,0xebfde87310dc22404d918058faa4d56dc4e93f0a,Abracadabra.Money: yvcrvIB Market
Abracadabra.Money 18,Main,0x0bca8ebcb26502b013493bf8fe53aa2b1ed401c1,Abracadabra.Money: yvstETH Market
Abracadabra.Money 18,Main,0x6cbafee1fab76ca5b5e144c43b3b50d42b7c8c8f,Abracadabra.Money: yvUSDC v2 Market
Abracadabra.Money 18,Main,0x551a7cff4de931f32893c928bbc3d25bf1fc5147,Abracadabra.Money: yvUSDT v2 Market
Abracadabra.Money 18,Main,0x920d9bd936da4eafb5e25c6bdc9f6cb528953f9f,Abracadabra.Money: yvWETH v2 Market
Abracadabra.Money 18,Main,0xffbf4892822e0d552cff317f65e1ee7b5d3d9ae6,Abracadabra.Money: yvYFI Market
Abracadabra.Money 18,Others,0x7b7473a76d6ae86ce19f7352a1e89f6c9dc39020,Abracadabra.Money: ALCX Market
Abracadabra.Money 18,Others,0x806e16ec797c69afa8590a55723ce4cc1b54050e,Abracadabra.Money: Cvx3pool Market
Abracadabra.Money 18,Others,0x4eaed76c3a388f4a841e9c765560bbe7b3e4b3a0,Abracadabra.Money: cvxtricrypto2 Market
Abracadabra.Money 18,Others,0x05500e2ee779329698df35760bedcaac046e7c27,Abracadabra.Money: FTM Market
Abracadabra.Money 18,Others,0x5f0dee98360d8200b20812e174d139a1a633edd2,Abracadabra.Money: Multisig
Abracadabra.Money 18,Others,0xc319eea1e792577c319723b5e60a15da3857e7da,Abracadabra.Money: sSPELL Market
Abracadabra.Money 18,Others,0x003d5a75d284824af736df51933be522de9eed0f,Abracadabra.Money: wsOHM Market
Abracadabra.Money 18,Others,0x98a84eff6e008c5ed0289655ccdca899bcb6b99f,Abracadabra.Money: xSUSHI Market
Abracadabra.Money 18,Others,0xebfde87310dc22404d918058faa4d56dc4e93f0a,Abracadabra.Money: yvcrvIB Market
Abracadabra.Money 18,Others,0x0bca8ebcb26502b013493bf8fe53aa2b1ed401c1,Abracadabra.Money: yvstETH Market
Abracadabra.Money 18,Others,0x6cbafee1fab76ca5b5e144c43b3b50d42b7c8c8f,Abracadabra.Money: yvUSDC v2 Market
Abracadabra.Money 18,Others,0x551a7cff4de931f32893c928bbc3d25bf1fc5147,Abracadabra.Money: yvUSDT v2 Market
Abracadabra.Money 18,Others,0x920d9bd936da4eafb5e25c6bdc9f6cb528953f9f,Abracadabra.Money: yvWETH v2 Market
Abracadabra.Money 18,Others,0xffbf4892822e0d552cff317f65e1ee7b5d3d9ae6,Abracadabra.Money: yvYFI Market
