labelName,tabType,address,nameTag
airdrop-hunter,Main,0x586dad500694db76be34220e5d0240c03b5c5a2e,
airdrop-hunter,Main,0x2dd2cd80f91f483f18f7729d28de08525d10286c,
airdrop-hunter,Main,0xe24d629f5fb7b33e1ce2777b155e193ae9a869f2,
airdrop-hunter,Main,0x8c3a7cc804276d2a1695a0b8ee86f89be2a30133,
airdrop-hunter,Main,0xca12152dc7560fb9252ddd817683e0c619328654,
airdrop-hunter,Main,0x3902fa382e8063c6936ebd79178b0bfd22b10899,
airdrop-hunter,Main,0x9b512065bae0b9d26dfa831e0b321b6852b698d9,
airdrop-hunter,Main,0x5afae0810d592b22d9209dd8efe26e9831a84004,
airdrop-hunter,Main,0x7371455ace2f08b5b242874af613b853a422db40,
airdrop-hunter,Main,0x9551b60a3a4e6dd829663c20ac7634ea9e9729d2,
airdrop-hunter,Main,0x86e5d157afafe09a460cff702122aee22dd310b9,
airdrop-hunter,Main,0x83ed97669ef490cf813677264c3d9cf79380a3a2,
airdrop-hunter,Main,0xbd3de2e94ad90f5c97c91fee372c64b5f9cb38c6,
airdrop-hunter,Main,0xb11fc107c0270326ad8673f34a3eb86ffdb4e5fd,
airdrop-hunter,Main,0x386419071ea6f2cc5ee8ee96e2076267599578d1,
airdrop-hunter,Main,0x04f2473e6e21947e25e1e78242658d7530ff2d5b,
airdrop-hunter,Main,0xbc132b19d47886222ec076f3e18e538a816e4f1b,
airdrop-hunter,Main,0xf132fe57e438ba1db12e3e172e7ec214d9e7f866,
airdrop-hunter,Main,0xad558441cb23748551f84164344ff7d61d953791,
airdrop-hunter,Main,0x9b91e820b2d65d046aba36c929258c8ea6622ead,
airdrop-hunter,Main,0x16c9e497746dbc67527c21a90d929422c2c6f7a3,
airdrop-hunter,Main,0x7c2e34e2121eff8531aa7a8ba3f2548b8d54c031,
airdrop-hunter,Main,0x8e9f12954c91c09e0490af0368521269b2517f06,
airdrop-hunter,Main,0x8b69598004c826b64621efb425f03c33465b57d4,
airdrop-hunter,Main,0x495bdec1226dd79905102ac2458fd77d7c87be82,
airdrop-hunter,Main,0xf43b0bb6b5c0fccbef5e174b4f9b0563ad2005e4,
airdrop-hunter,Main,0x3b050cb37af2441cabeb71a6b112e1c76b9f7bdb,
airdrop-hunter,Main,0x953e29e55e28ecb1395d748050afdde04c1fbdb9,
airdrop-hunter,Main,0x41ca14343c584708f8b668915798a2d15372de3f,
airdrop-hunter,Main,0xa175802b4384b155e439e55c21f72a507c72f4f4,
airdrop-hunter,Main,0xddf629d11a5f17c17a60440e9cfbf132f31cea45,
airdrop-hunter,Main,0x0a0ecc53cfb1831f341a3feebf6e4eefc77b91d3,
airdrop-hunter,Main,0x957d62a5a4e88e85cd7323eb30c32fc916265241,
airdrop-hunter,Main,0x2dfa38419a1577f320d3f0aa4fd6b34f41825c66,
airdrop-hunter,Main,0x60430c5d90c46f3609ab6a13b5428d0d74bbfaf7,
airdrop-hunter,Main,0x01bd315d77686d2249d7cbf3ec7befcf2660a9b6,
airdrop-hunter,Main,0xf904aeb1101b211e7b35fe6065bc3fd37fc3a9b0,
airdrop-hunter,Main,0x20e2c6031d56dd0ddb54c9fd2fa67b9576339cb1,
airdrop-hunter,Main,0xb1f435cbc12586b4885c0488dfd802a08b496010,
airdrop-hunter,Main,0x29ce7dc54b2d57d28d72dd5c5736289131b638f0,
airdrop-hunter,Main,0xe8962c8ea9e00d69c11aab202dcf06dbb2087d5a,
airdrop-hunter,Main,0x39afc779ddbb4dd861c32c08341cad8fc8b5d7c5,
airdrop-hunter,Main,0xf8f25125a992ed62a209fcd108a3a5c5ab978acd,
airdrop-hunter,Main,0x7734ab637d74e673684324edae35729e5283494b,
airdrop-hunter,Main,0x3e873f6e7280a082f48dbdee5b4a68544549d44f,
airdrop-hunter,Main,0xb59cd52bc5de6dafd1107a9fab80ae642bed6aeb,
airdrop-hunter,Main,0x7c704ec5088de9f2498a7dd462b5c238cefefb1c,
airdrop-hunter,Main,0xb410e8a8f54a7388ce29ba1d73300f503f7368cb,
airdrop-hunter,Main,0x2792a743ad038f8cf03675d06abbf0ad5f6e6435,
airdrop-hunter,Main,0x1ef01b7a5b2a2e824947135a906b18e550b1c5a8,
airdrop-hunter,Main,0x48248ef447c7fbac894f4f104fd1a3fd6b73c0da,
airdrop-hunter,Main,0x407f0523bf18289d93833d59a59249981d71a80f,
airdrop-hunter,Main,0x7d8a9b408ff7363deff893b69f9ec28c9b18edd9,
airdrop-hunter,Main,0x811996828d8585e72b5129587130d94477d38730,
airdrop-hunter,Main,0xf9a045680bd97e2cda280ce937c4c3ef4facc9e7,
airdrop-hunter,Main,0x790152e3f6bdd2c5ff6d5d112be065a7e396ac15,
airdrop-hunter,Main,0x6a26024174be5498df4f926c6568bfc382fba49a,
airdrop-hunter,Main,0x606cef8fb49a9a18e0c1961790a5afc06773e58e,
airdrop-hunter,Main,0xb8bd6b44fbc40b1fe5ceabb87702ca8863670181,
airdrop-hunter,Main,0x61c40554e44b4ee0c4643b757cddaa7f94b1f66c,
airdrop-hunter,Main,0xe8d22df2da7687ae21d456fe8f877f921d965431,
airdrop-hunter,Main,0x926f318c5d2656c7bea4e1d813096bca599f3d46,
airdrop-hunter,Main,0xc624683bf48db5a7ea9e062745ac339bdef8fa19,
airdrop-hunter,Main,0xa917dee7768683e00d8583680aac6f8829e20b4b,
airdrop-hunter,Main,0xb1623dfd0d1dd0a45b296204ec8eecafd7de9e4f,
airdrop-hunter,Main,0x278e48943a4052d72ac804dfb7e163c03569a961,
airdrop-hunter,Main,0xb8ff756ed93c5bf6d75e813f9d5c54e1464a8165,
airdrop-hunter,Main,0xc160a02b7f0eb827ac33d092011839c72805bd53,
airdrop-hunter,Main,0x42d18d3832f0912b2677abda0b66ddf82561558f,
airdrop-hunter,Main,0xc8e579bc457ac3ce38b1d63d96444609143d7a4c,
airdrop-hunter,Main,0x72a544d258f16820ee2fe0adee4d7130cb758d6d,
airdrop-hunter,Main,0xb0c5dad76a9a1dd4761a3966ca1daa28d54e20b3,
airdrop-hunter,Main,0x34c478f68d1d12f951a2a0eb9582d78fefe6d599,
airdrop-hunter,Main,0x677163fcca0da3cd38be89917552e485c5df6149,
airdrop-hunter,Main,0x0bfaddff9361069d6ca7891ae157e466b5520e46,
airdrop-hunter,Main,0xa13423a389a79b714e5e5eb864f51e7f13de2570,
airdrop-hunter,Main,0xbb19421c765d206d765f09761eb5d2335fc0253d,
airdrop-hunter,Main,0x0b745412ff2ad9a197cd7366c31d28a94c0253d6,
airdrop-hunter,Main,0x5ee679bd8e709c7a2c5f6750057f18a77a6f7cb0,
airdrop-hunter,Main,0x8b9327e9be9f5f936b7bfcba4e5e479303838a59,
airdrop-hunter,Main,0xfd1a54d42640b14c8122cfdbf6e239e2a401748f,
airdrop-hunter,Main,0xe019cad0f3de3566954357bd4c30eaaba8182a42,
airdrop-hunter,Main,0xe8c65cbeb7d8cf970446bc4c9d209958dea5852e,
airdrop-hunter,Main,0x2ea2245e3a70a4e96d33cda3d04f092779e30ee9,
airdrop-hunter,Main,0x412c0cfdf70e3ea79d78a7b269ea05f26da13d40,
airdrop-hunter,Main,0x002e37a56123af01858bb16de9ae519d8cf94acf,
airdrop-hunter,Main,0x00b0de0ae871c8959c776da46b67c8bd43fdd14d,
airdrop-hunter,Main,0xc312d6d715756eefa7764fd88ad88cfd3d4b5d43,
airdrop-hunter,Main,0x63f2de2678e9c869758f43bae7da5dfd39046180,
airdrop-hunter,Main,0x3fa2a2baaa73dfefca6346d6f42e5be07237c3ad,
airdrop-hunter,Main,0x7fb29a28c889422ba031cbf78a106f634ce2ff7f,
airdrop-hunter,Main,0xb97f8ac1c3680ffa9aa4f144d3017a08d26f3a2a,
airdrop-hunter,Main,0x797d734575fe939b4a3f0a7c91b8d92ff3d1ae3a,
airdrop-hunter,Main,0x835b2b34c77ef4229f2115717ddba7c5390fdf7c,
airdrop-hunter,Main,0x5661ce010990b979814d6d68079708b666deb139,
airdrop-hunter,Main,0xafd9957212c333737ac7a914d0f5752fcf819618,
airdrop-hunter,Main,0x4e2cc41969b647a3dae78836c21395ec6035fe29,
airdrop-hunter,Main,0xae6aaa079c02a57b2bb7c1454b0d469f92b06885,
airdrop-hunter,Main,0x7c24cb2f7de04d8ed9f1e5e649aa3732728af4aa,
airdrop-hunter,Main,0xbf6d9c62ab58d8d3fdfd3cb867cfb261a22eb095,
airdrop-hunter,Main,0xd34a161f886afa9a4f179fe11b5c8c2f79f05768,
airdrop-hunter,Main,0x807e78680d00a191689705568eba431419fc5b70,
airdrop-hunter,Main,0xf54bd3f7db64e46322dd4afcc79cbda5adb4c328,
airdrop-hunter,Main,0xb37abc70a6337c9d3f518c0f235c1024e3e76abc,
airdrop-hunter,Main,0x7e42450fc646ebaa67489da87f270ade108c187a,
airdrop-hunter,Main,0x7b9260769f387010327d5d520a12efd8bbf72dce,
airdrop-hunter,Main,0x3809bf91ddfc268ee946b56c14d9d284d2fcb8f2,
airdrop-hunter,Main,0xad6e114008b7559b87ddd658b9f265afcf7a16e3,
airdrop-hunter,Main,0x4f678caa550b9e763cb829736d3d76d6ebeadcbb,
airdrop-hunter,Main,0x25c73e0c1225a5685a7cf3373f3536af4c7117dd,
airdrop-hunter,Main,0x408f46dd7f029f3f4ea216bef670a6b8bef8d866,
airdrop-hunter,Main,0x56aebbf789a38691b57c1779339ab849d2753812,
airdrop-hunter,Main,0x71b7235dac80026ed3b48962344bdb87d09835a5,
airdrop-hunter,Main,0x5b70ca0d2ef89a24bca59d0bd83917f960eca48e,
airdrop-hunter,Main,0xd34618df7fa70baa77fbed5af06c345eacf38e53,
airdrop-hunter,Main,0xc6634bdc6d549ab8e6a18967da9fa14b64262eda,
airdrop-hunter,Main,0xca412f8339dd4eb9739336dbee53edfcddb005b9,
airdrop-hunter,Main,0xd43e2fc715b36d095b16fa089c1cecda80cade52,
airdrop-hunter,Main,0x315b4b36b14274e585316c8cd2521276f15b06e5,
airdrop-hunter,Main,0xf4977b3f2beedee040b9ec6ad88530b95cf34ab1,
airdrop-hunter,Main,0x905b5ff4e4edcc773bc87edd69400571d577c72b,
airdrop-hunter,Main,0x09296a9ae812893c7773b79e14d8e1d2fee59695,
airdrop-hunter,Main,0x23ef4a6e213475520b65eee46a0954e05c0d9b7c,
airdrop-hunter,Main,0xb5488151b4bdd3ebac56614f7ab3bf8677b730ff,
airdrop-hunter,Main,0x3ea2a13af7dc4bd804ae80a3809f77854dbfed7f,
airdrop-hunter,Main,0x6bdf0c75fa06436a0872aaeae9448e141c032946,
airdrop-hunter,Main,0x020b77cdb9979c67877b800039f7e4646e527c43,
airdrop-hunter,Main,0x8b5c52bd111fe3daccf6fddb49802f97b6980cf4,
airdrop-hunter,Main,0x7ec243afccef0d7009b3e0e87d2ae8528ab74ff5,
airdrop-hunter,Main,0xe912db0783e9b1df1590778a75349e33ac04cb3a,
airdrop-hunter,Main,0x8d244719a69e26369e2acb1ed330fb7446cfbd60,
airdrop-hunter,Main,0x6c498c4563c1cf01d431ea25e4d69d67b8e46139,
airdrop-hunter,Main,0xc9d95be400ad85387f78e6aa040b173bd6e6b38f,
airdrop-hunter,Main,0x60a7b64ca977b6b033c815d4a78c87166a7114b6,
airdrop-hunter,Main,0x46cc49e484bd4f7af8eaeeb0988ec2a049977f8a,
airdrop-hunter,Main,0xce1b19d12e3b5b507c24f5c8fa472f6842f88ffd,
airdrop-hunter,Main,0x6b24f27464c3343df697b3b4ce304f8e62fec86e,
airdrop-hunter,Main,0xd2c1375020ee8985b1e87a3e713f1f0ec4007b34,
airdrop-hunter,Main,0xaf3ee2f2afbcbc70396121ae76cd60d3e89b2552,
airdrop-hunter,Main,0xc0ef8b66fb1603ca9056031346147100020831d1,
airdrop-hunter,Main,0xc11e7cf24ad64155379777408842d5653e732fba,
airdrop-hunter,Main,0xe4a85995fc606ddc313b1cea8786feb2d9f99405,
airdrop-hunter,Main,0x0297c2834bbf6844032319171b47840c100e6cf5,
airdrop-hunter,Main,0xe057a0f87a701ec5c2b11daf059e66587252e22e,
airdrop-hunter,Main,0xb2025fcbc0159493cee557dacdd30511d0c1095e,
airdrop-hunter,Main,0x01d411af627d8c44d61655f67c4008297b1c9b6d,
airdrop-hunter,Main,0x80202d6e4f050d6da520b6c7052512d40d6c6464,
airdrop-hunter,Main,0x45755305d6cc73f380a46ac63afe5824007668ae,
airdrop-hunter,Main,0xae1b8f2ddce441d3ba8bf0817fafb5469ae46350,
airdrop-hunter,Main,0xae0d394de21f9540f085198af7630e4f2d7b0120,
airdrop-hunter,Main,0x78ffd35e3d77abdb8e46bc79bff75de7ffb8724e,
airdrop-hunter,Main,0x4556913f770b0c394e8a87f1ca0c06b36c2d787c,
airdrop-hunter,Main,0x92ca0689798c19754e8f9f037275865fc3416ac1,
airdrop-hunter,Main,0xa97d0f20de82e576be2e87e90548b26e59b20f4a,
airdrop-hunter,Main,0xde073c8e14d4bb43b63d46a71043f7c28cae8917,
airdrop-hunter,Main,0x8f75efdd495882279b288c27470d925677c3232f,
airdrop-hunter,Main,0xbaa5d41f8faa959e788a6bd6859887d2056c666b,
airdrop-hunter,Main,0xd94494095419545ec52dffb860f79f898a5e3cbe,
airdrop-hunter,Main,0xde7705dba95844c609b6151afaee4f628db40bab,
airdrop-hunter,Main,0x10301de5e20ccd583ca382925d529a6c47955ac5,
airdrop-hunter,Main,0x5ae370ed313391287694143876315ad1b007046c,
airdrop-hunter,Main,0x75dc82a1b59dad0c2e89f7658f5bc2f1b450de63,
airdrop-hunter,Main,0xc49eed24f14614e5569e1fd25dfbaa41d2498945,
airdrop-hunter,Main,0xe6011d18062506cbf7a4376d3be905fb9e08bdf4,
airdrop-hunter,Main,0xe5f877d9cdfa983b60551a76f8cd80d7bfa71d36,
airdrop-hunter,Main,0xfe464183f379050532111638f5b6bcb6ec376083,
airdrop-hunter,Main,0x3ca83813d0291de4ac41fc2b4c16fe604aa19828,
airdrop-hunter,Main,0x61377c49855f6187a488cdc48be10054b9026123,
airdrop-hunter,Main,0xd54a1e645c5d527e626b243c8134c29c1f65acff,
airdrop-hunter,Main,0xacb21de24674b3232be04f6de3ee581e7c7205a5,
airdrop-hunter,Main,0xea6383de7a453c5177774c302fda8a52cdac04cc,
airdrop-hunter,Main,0x719b7a14f7ce093f017c116eaec6c42cd43d6e5c,
airdrop-hunter,Main,0x36def12977f04e88807fcb6f66af48ed4d634659,
airdrop-hunter,Main,0xb4e677fe10f31b44cd9910113a2bde9477088ddb,
airdrop-hunter,Main,0x07a6910efe5d4fc400fc34451b3f01ef076a00e1,
airdrop-hunter,Main,0x452540f679d2e4365628357434359a2fc4361093,
airdrop-hunter,Main,0x32f5b414e55bfccb6debfb965dd6f4670aff270a,
airdrop-hunter,Main,0x3fb231d730135c31a26debc881571ad45486e7ba,
airdrop-hunter,Main,0xcaa661d996e1fad9a514cc6d10554b0845e7252f,
airdrop-hunter,Main,0x901356732fe95d5a233ee253c85b64ac395180a9,
airdrop-hunter,Main,0x4de0ff7a8807a74dcbc308e8301f4aa509fb5804,
airdrop-hunter,Main,0xadd316bf412bd169df38b24a69994660cc706fc1,
airdrop-hunter,Main,0xefc2dde8570bdffc29ebfd6a3bcc6fd7b3f94f6a,
airdrop-hunter,Main,0xc92d8c5eb58d23ed424fabd656f16920b0aa8d58,
airdrop-hunter,Main,0x3a23b9edfae9860760fec643616cffaf168937c1,
airdrop-hunter,Main,0x8b06ef492819cca5158ae0479205ee6019cfd55d,
airdrop-hunter,Main,0xb0c018c0c615fb1cfc02275d67dc34e52751cb71,
airdrop-hunter,Main,0x96d3bdf007231186eb5a09dff4fa7a7b0fb0f167,
airdrop-hunter,Main,0x4ad918e8ddb9b163fb38699301ebedbec24db884,
airdrop-hunter,Main,0x87e647de1b73afe96c75085e559a58df18b22f3c,
airdrop-hunter,Main,0x3c838b836b5934580d7663c1ad7c037a7ac032f0,
airdrop-hunter,Main,0x67a219afada30abee4dc96e2e006f199cc884c19,
airdrop-hunter,Main,0x226b14331d3422615b8a5ab424946a7de2cfca56,
airdrop-hunter,Main,0xd8b33619b51353f25aaaef3d88559b943e4dc1e4,
airdrop-hunter,Main,0xe3051e86957aa7f39f840ce83cc45fecda14f05c,
airdrop-hunter,Main,0xde67966f1d3ade38e8b9e1d77bc890ac10712aba,
airdrop-hunter,Main,0xc3e2534a7234993404c037ea5eb15fda85fcf7f0,
airdrop-hunter,Main,0x04582e7ec589ed8b4038acfd997fedbe00418c3c,
airdrop-hunter,Main,0x84f7f4d18f72a39124eb58ed6d4194c664c1b9e6,
airdrop-hunter,Main,0x5827413aac8c067c96bb0c6adf2c814793b7ff07,
airdrop-hunter,Main,0xb18362251ac81ba993d5b76557e5d27b785eae7e,
airdrop-hunter,Main,0x6b9ec9a167b4b2210a108388dd7fc8c1d854a79b,
airdrop-hunter,Main,0x846e595f4942db5d1ba80e458915383f71a1a33e,
airdrop-hunter,Main,0x54ccb59aa5d277aa169ca8c5da55c0f8a34955e3,
airdrop-hunter,Main,0x59f27e258bd3e3eecdfbedf4acbaaa2be294036c,
airdrop-hunter,Main,0x3e0990d79a7506fa3b08a4ea308a04be311a1c90,
airdrop-hunter,Main,0x500500cf6b2c53a79f1740f2c1befd43d9a37f9d,
airdrop-hunter,Main,0x74bc337198957ad8aaf12908c99860c54e8fb265,
airdrop-hunter,Main,0x0492dad67531a6f7174e20dc759f4e3cfae0db6f,
airdrop-hunter,Main,0xb1e6a08127ac9f99abcd1e9570fb06284c80c38e,
airdrop-hunter,Main,0x6b241f7f5b2b5a91fe647005eab636d2dd8ad5eb,
airdrop-hunter,Main,0x4da699d768140cebc6dc1b0956caeaa299f571a8,
airdrop-hunter,Main,0x5f1f112aa33931f03a43113478e93a607435e177,
airdrop-hunter,Main,0x4246bf74d948af19d727517595960a2f247828db,
airdrop-hunter,Main,0x28a7e7b4e67a6299e7556c02578422132e5c0dfb,
airdrop-hunter,Main,0xe722acfc5d310f23abea386234caffb33fe948bc,
airdrop-hunter,Main,0x017ccb6cac8a936d72ccde1f2935cb9566545c5a,
airdrop-hunter,Main,0x8699514fe0693099301eb366bb1cad870b018a17,
airdrop-hunter,Main,0x915e6c494c4f23c05fb066bc6cc603a99b7280ae,
airdrop-hunter,Main,0x08ba7af8de80a72937b10458961c981fb3e99373,
airdrop-hunter,Main,0xefa7d15a9fa9114e6c8ce13cab11e1ef4d7eef6b,
airdrop-hunter,Main,0x3b48fe62f57d7c82895b15178c7cfe0948e1d3ff,
airdrop-hunter,Main,0x2f3c275afe178439d9bc5415975e4742fce659a8,
airdrop-hunter,Main,0x5a8f4e7184bdff4161166b522715b3228d1ecfb8,
airdrop-hunter,Main,0x6b14bacd99dd1c10ce497e238ee34110f1f168ae,
airdrop-hunter,Main,0x3788e02f7ea5486d2038b77cc2b49585f726de4e,
airdrop-hunter,Main,0x58446de0b7630718ab9eafc0fc925859d7238317,
airdrop-hunter,Main,0x49ce7d18daf52be0e41a63e21278dd4229fb3630,
airdrop-hunter,Main,0xbb5ca50360257892506ce63c86c0acc666304e86,
airdrop-hunter,Main,0x3a7b97f369c11e1a9fb97af56640642807284d15,
airdrop-hunter,Main,0x37f648c8450a54fb737d5de825f18bd494c5bba7,
airdrop-hunter,Main,0x4fa2e3850605fefe1367bc664280d93b6b687297,
airdrop-hunter,Main,0xdebef15550858ec5f5d13dd5a623c839a13c2c3f,
airdrop-hunter,Main,0xdfa991f0725278fbd495f9425d1e9616fa57940d,
airdrop-hunter,Main,0x6ac746dc5f25a50e4d0ad1455935e96dc7931965,
airdrop-hunter,Main,0x49ae28098574142166797804a2d74a06f762ce76,
airdrop-hunter,Main,0xa0eecf3b995e8bae55c6587b3eb1c1c8f8ae14b8,
airdrop-hunter,Main,0x6581c12292818966d7039631186dcfa720bc76c0,
airdrop-hunter,Main,0x7b2244042fb21c0b2beac921010c55203ac8c81b,
airdrop-hunter,Main,0xfb802e71d73945fb4ae3215c4cf7e634905357f4,
airdrop-hunter,Main,0x13763b8d68f0bdd6f743a895383daafb8329d44f,
airdrop-hunter,Main,0x828b4e0f7edadce3db30260f3a92bdbc061f0bb1,
airdrop-hunter,Main,0x0b21128737a48fccf1cdc6a5f7726b0a602a8b9b,
airdrop-hunter,Main,0x14adfa82f246c730289ee0a4828f04ce326a94c0,
airdrop-hunter,Main,0xb2168f692d6995e47a7407ada4fb7a0c85676279,
airdrop-hunter,Main,0xa61d2a2d60591ec95175e2a689616d174a6a275e,
airdrop-hunter,Main,0xdc7a73e471eec997332987824deb01cc797d0a68,
airdrop-hunter,Main,0x711a783eb6422c469f0bc5c049c6976b898e58d9,
airdrop-hunter,Main,0x8b6122ca70252375ad94396312c337accd6d0e9f,
airdrop-hunter,Main,0xcc9effb3a375b0867e278434a705f5a616daded6,
airdrop-hunter,Main,0xb9e91ea5e12b38acae545b07d2bf66962b3a46b3,
airdrop-hunter,Main,0xab70beaa9de0782bf8eb4d85781f7fcd3c2805a5,
airdrop-hunter,Main,0x48188571768d96a9139a091696e0cbbd6259c170,
airdrop-hunter,Main,0x844b0207a8f573b4a64b4f607903ee7f9d60cdad,
airdrop-hunter,Main,0x93931bf938ec262b576cdc788fdbf86dc69de389,
airdrop-hunter,Main,0x510ba3b50f00d0264cf1eadce4e9f761b9874b61,
airdrop-hunter,Main,0xc226aa2a9c51f45ea5845cb6d34032d3c7a9aa3a,
airdrop-hunter,Main,0xb4df4182c9d0fd7adaead15f05dc1ed688eea19f,
airdrop-hunter,Main,0xc317cc2ddc5ac0612a68d831c44b9c56368fecc0,
airdrop-hunter,Main,0x4d45ac472dd07a25866227af0528cc792e23be24,
airdrop-hunter,Main,0xfd43dc0069449381258c77646a40785c9b04d68e,
airdrop-hunter,Main,0xfb5727f3241e772afa133dcc1dc1a9a68aa3ee63,
airdrop-hunter,Main,0xff29a74a880ff72ee321a6e55a2b0557445ecbd1,
airdrop-hunter,Main,0xb737a88f6ba09fe35c4590949ad0df0d9e3690c1,
airdrop-hunter,Main,0x9ab5cd30847b1f6b24cd53b86f65aeb09d13abf8,
airdrop-hunter,Main,0xe80ad5e3ec4e751f8ae04eba45c50fc660621a09,
airdrop-hunter,Main,0xc65dbf663d45b29acbcad012829661346bd57cd6,
airdrop-hunter,Main,0x1fb56b16a1871a82201378844ad64711c00ed724,
airdrop-hunter,Main,0x49c3cbed4236e2cc3ed7b275430513f85847e92a,
airdrop-hunter,Main,0xe564ef5bb8eb87d4184cbfa4a7a8b3bc3b164bac,
airdrop-hunter,Main,0xaccbf6afafb2f9cdfeb15b184d36db5f580ca20d,
airdrop-hunter,Main,0xadd017ce7c5751619f3aac90ff8552caded6f535,
airdrop-hunter,Main,0xda9851e9133e7e0ed81b2991a49120971c4df5d9,
airdrop-hunter,Main,0x700dcd1f055e5e10019085e0ee8d74c68f7acbf4,
airdrop-hunter,Main,0x7ff16fb17ecb96bc619c789c4b9f952f549743cc,
airdrop-hunter,Main,0xf02224c040de7c2d0e8392cce4600b3c935a9d82,
airdrop-hunter,Main,0x25c6586f22e6df28f9edf771fae0b9bed48c6019,
airdrop-hunter,Main,0xb3f51edc6558bc58416561bf70cd2f400babc2db,
airdrop-hunter,Main,0x0e4578c053ef0b543c3ba1dcc80896ac839ebc7f,
airdrop-hunter,Main,0xd81a829c7fa95774dc338d0f7fcce49ccbc60e41,
airdrop-hunter,Main,0x13b789cbdc6889b203279ba70d2184204af4120e,
airdrop-hunter,Main,0x50c993cb2c2c149c688044198f58cab203370ff2,
airdrop-hunter,Main,0xc0153a6253491c06f03a6ca48c4ca00651a43498,
airdrop-hunter,Main,0xb7dc67bcfd145f7768490912c7643382316813be,
airdrop-hunter,Main,0x1082d6e47d0e7148b9a2e5517a91f9822a80a3b2,
airdrop-hunter,Main,0x40174ed5855049a76d256f1cdcfdb27db210a17a,
airdrop-hunter,Main,0xbc614098993c7e7d9e077f9d61931b7050a679c2,
airdrop-hunter,Main,0xdf8e2391714205e05cb9a2ee0dd4f0195a052456,
airdrop-hunter,Main,0xeaf45767d3e9cf0fcb3867a6ad4d34f61596eadb,
airdrop-hunter,Main,0x83bff49eb28d1b1b99a4ec032abe9d5455d8b837,
airdrop-hunter,Main,0x8b571dac68e27b2068df344fed32ba14b4bf4e64,
airdrop-hunter,Main,0xf32f8755b1d4cad615adc72b2737bd98dafb77a4,
airdrop-hunter,Main,0x9e87ffdb1b3e606c3bc6de99e236dcd4c61f7957,
airdrop-hunter,Main,0xf64eb4f00bedb28c11d6f3ca261f3faed55585a2,
airdrop-hunter,Main,0xf8d602d98004c36ad34081b1e48ed38dbccab247,
airdrop-hunter,Main,0x51a04e03a9e00cf091a56290fda5ad49d45ca250,
airdrop-hunter,Main,0x2be4ce66784c31f8fee038ca303650f970781eee,
airdrop-hunter,Main,0x32a8faa3baaac888533d5ed8fe0f1236efb6ce3c,
airdrop-hunter,Main,0xb7a17fca31e1904e955eb9ab45f10e1c23a63008,
airdrop-hunter,Main,0x04b26b3db7460bdbfd176d0b4a143575be33bc2b,
airdrop-hunter,Main,0x7a690a979c9c1b88f27a28aebfea8268edcfb963,
airdrop-hunter,Main,0xb5ff54ffbff3169437b59a368d90417e195e3a57,
airdrop-hunter,Main,0x5313d6732411d7d05d04af123c2eaddcc6903529,
airdrop-hunter,Main,0xc290ac8f48c39171fbaf1e506e9426f6496309a9,
airdrop-hunter,Main,0x50a60a92b9ee32a7a940759b89a84812fc590a8c,
airdrop-hunter,Main,0xee0b84e2aa3f93ac087efdc231652c1449737df2,
airdrop-hunter,Main,0x3fa228dff7fc3f7e898ab4ba5e11997652747ca2,
airdrop-hunter,Main,0xa0c0d0bf000329c325429fc80196d943ff4592c5,
airdrop-hunter,Main,0x764d03ac86ceaebbf0623d839611b8b7d1a86a1e,
airdrop-hunter,Main,0x6c247ff35e31df33f059e48eb10ac78175b30e4d,
airdrop-hunter,Main,0x03cd00bc53305085062e9db27c2fb8d13a90e999,
airdrop-hunter,Main,0xb5f99f2110d511c807da63ff77e9ed503b9b4cc8,
airdrop-hunter,Main,0x8f4dd228226c5d962fd552c2c66d79f0c86eb87a,
airdrop-hunter,Main,0x91ac8253752716706c20e651f9fbbc932527770a,
airdrop-hunter,Main,0x2fd0bb3e5dc742d5fd0d083f274acedf998794ec,
airdrop-hunter,Main,0x8c074afea7d836104f5b3d2b33cc8701b27f00c7,
airdrop-hunter,Main,0x1dd4c42193aa82968b51f46c9c4c5eb08c776291,
airdrop-hunter,Main,0xc199550ea949f09b716438a8f4341384748cc513,
airdrop-hunter,Main,0xd3a868c7ccee61e7a4226efa5bb67dc00311fa03,
airdrop-hunter,Main,0xfac951bfe4031b9e6f5d98599cf3a00fd43a47f6,
airdrop-hunter,Main,0x1006ac4c8dc2677a277e647e4c164c29e1a9eddb,
airdrop-hunter,Main,0x3dbfc0a802b4e22665715cd497a4a7b0ddc98f91,
airdrop-hunter,Main,0x5d7bce66c25ad580c72e15a7c6fc11ecf5cd9419,
airdrop-hunter,Main,0x1f11d2b0b28da7ccc94fffbc3303a9f190d25f13,
airdrop-hunter,Main,0x6a3723aedee1918581971675be0f31e1501663f6,
airdrop-hunter,Main,0x420953ec451538f7651260c2ee50c1f7e8fd1bd9,
airdrop-hunter,Main,0xfc78785f82ca0658b1043e80f277e9526c9ab4af,
airdrop-hunter,Main,0xf56f80faba23ab4a55cbc1420936617cce9fc687,
airdrop-hunter,Main,0x0c521a6833d66e92a141b39fbea331b0cd8d7ca4,
airdrop-hunter,Main,0xc2420b4ed0d8010ab8779e8028374dcf7ca06779,
airdrop-hunter,Main,0xcbb7962e632a67ffc95360fb62c1c5cb221bb356,
airdrop-hunter,Main,0x8302f2173afea8599a3aa73174a03bf43b2c0daf,
airdrop-hunter,Main,0xb07eccfec2a9164e1a18e16cf1c3bddbca895ebd,
airdrop-hunter,Main,0xba8bba7cd5c24712b26dc68f6c0d003168bccfd7,
airdrop-hunter,Main,0xa01fba969347b154498cb02fe2b7cc535def06c0,
airdrop-hunter,Main,0x29f830bcb6511228acb818ba9fe8fe178ad78e28,
airdrop-hunter,Main,0xc9df307325b1c7064a72eb083c7981bd03855377,
airdrop-hunter,Main,0xe46155fefca60d0b9e4eab7cb6cc697d85c15270,
airdrop-hunter,Main,0x9716a20fc6c550b41cfe514ddc9ac286d8e0ba52,
airdrop-hunter,Main,0x5c58c6db59c596dbeadcc09b9783aaddfe0a8e48,
airdrop-hunter,Main,0x3f73c80370952704aa0f919d3b7a9f4f8506e708,
airdrop-hunter,Main,0xc63c9d7d5bb23c6b11cb0d9adeab8319ac721ccf,
airdrop-hunter,Main,0x033312f178d99a8f41c6bb1bb60746c737439825,
airdrop-hunter,Main,0x7b7d46ac39c0f2b414d480b6a18bd6dce0551078,
airdrop-hunter,Main,0x69962352d89e039fb563e48c4105fda542fb3cf2,
airdrop-hunter,Main,0x017d51d448fb38affe03a52682b2003c27fb51c1,
airdrop-hunter,Main,0x6d3eb1741858e249ea2d3ccc7ce6baa9266f2c1d,
airdrop-hunter,Main,0x23831c8a9ca993ae101271f0a41fc6c1362f3c0d,
airdrop-hunter,Main,0xfdd13bfb76bced71643fbc9dfce8eba0062fcb37,
airdrop-hunter,Main,0xf59598942e3af8dcbb8a5e78b60c669783577542,
airdrop-hunter,Main,0x791018934df872b729eb2852dec200bab6f95709,
airdrop-hunter,Main,0x215402de56096fb15b870bbf97b18610a63d5f75,
airdrop-hunter,Main,0x9903306d299caa8d3fec8fcccea100dbc72e92ca,
airdrop-hunter,Main,0x39e1935e20ad7ee15a4e39f70dffe4c2c7c0bf2a,
airdrop-hunter,Main,0x757073817def79a8589bad1278899a68aa35ac46,
airdrop-hunter,Main,0x730942d6c09d1ca72c8e65f8d0563dbe307dc348,
airdrop-hunter,Main,0x373dfa624d9b51e33229e41359d1d258774a9204,
airdrop-hunter,Main,0xeef5d22b51e92812abb0c50ab107ee9e3974221f,
airdrop-hunter,Main,0x7608dc41c3369459f2edcafe4e863a4bb804401c,
airdrop-hunter,Main,0x8bec07027f655302cb8358ddb15bda4ffd6c86de,
airdrop-hunter,Main,0xdada804a5f9f5ca3942fd5d598302adec418d259,
airdrop-hunter,Main,0xe2e8bb58206b0608e3c5205deb0060f935776647,
airdrop-hunter,Main,0xa5fd1d88ff1b0921081f9cf1635cbd423a7866e9,
airdrop-hunter,Main,0x84bef81a68e40f53a729756399d939f6548b364e,
airdrop-hunter,Main,0x5705f9ed3bb0adc1951ca8d761dafb091ef54a1d,
airdrop-hunter,Main,0x45695df5e7a9301a255dd98320952858c5821c4f,
airdrop-hunter,Main,0x595b77c7563b82bf4420a2a45fddfc04281c0016,
airdrop-hunter,Main,0x76ceba673117fbc58f69c8c31d96be853dcf57a4,
airdrop-hunter,Main,0x6310b44204da3746de28eb196fc2cab1e9a0f93c,
airdrop-hunter,Main,0xfe326b98463804bd3e61b4b0331d8208c697f969,
airdrop-hunter,Main,0x7648cbc49dd98de3596dbdb29f1f86739e7aa991,
airdrop-hunter,Main,0xeb235d3ec3a185acb3ec474eead28709897f592c,
airdrop-hunter,Main,0xc40406b883541988666c86fc7f35dc0fef88fd15,
airdrop-hunter,Main,0x711d6922322737aeaa6ea25c23b9b5bb3881ac1e,
airdrop-hunter,Main,0x0c73fdfc9b7ba5257b88f07b1994b150ce781a77,
airdrop-hunter,Main,0xc20666e5eb6b1ba43fe4c0c5e03f7ca30cb55c42,
airdrop-hunter,Main,0x736c03a2c8eca6a0a824398404d0cb4b94cbd652,
airdrop-hunter,Main,0x837b1b04ee76f824ccd12d38ae98d93df9828ddb,
airdrop-hunter,Main,0xf660df7a51563c607316fe2587c2873aedd9511f,
airdrop-hunter,Main,0xd363a3413036856938c2e5d3c2f84d7f87f2ec66,
airdrop-hunter,Main,0xb79642edba518e807792db5e47a1c3a628793cc5,
airdrop-hunter,Main,0xbc95e5789d0e767528026f5832bd72c41bdd0381,
airdrop-hunter,Main,0x57563657616cc79b30912435a13b62b9bef65673,
airdrop-hunter,Main,0xa138cde2dab9f47dbc52faef42fc160f56249559,
airdrop-hunter,Main,0xbf263d9cbe6bdbd8ca5cb0f65b8382a3bf71fc01,
airdrop-hunter,Main,0x2703a63f073095291d68470b240cf9be8eb526b8,
airdrop-hunter,Main,0xfd21e1b6eacb801cc5d363a9108c1b592edb82eb,
airdrop-hunter,Main,0xf1ce2eb84f3e044ebd924ce25c2d5ee04a1bd548,
airdrop-hunter,Main,0xf093a7647787d5b7d2b191db53d8fcb1cba441ac,
airdrop-hunter,Main,0xe663fa80c2fd52962e0295967989f6142b6417d4,
airdrop-hunter,Main,0xcf178f4b87d6cd32c0c9405055a6948b7b7d4fea,
airdrop-hunter,Main,0xa5a87653c1d73e6aa3511c6acc8eecc443d09fa8,
airdrop-hunter,Main,0x695dd5d95e47960ed18e50625341c56587439d33,
airdrop-hunter,Main,0x2ff4790c26ab39e7fddc34d209e968e8231cbfdc,
airdrop-hunter,Main,0x716ce1c343dbc5e772fed1ce05569dcdea7b696f,
airdrop-hunter,Main,0xbb557c0c3b85ec6d0c0c83d1463a20ec6259e3e2,
airdrop-hunter,Main,0x938d69c03da89d5df32a0e28552c48e160667a01,
airdrop-hunter,Main,0x7a76ffa08ca0ca86c8ab1bbb68263da94121383c,
airdrop-hunter,Main,0x3c22374777d147fb0e3c3e61ffd42ce6163182fb,
airdrop-hunter,Main,0x052a6b0b18f1dcd67595fc3e03081a02b3694faf,
airdrop-hunter,Main,0x94e484ba433bce051c7d2468642de272d59bb321,
airdrop-hunter,Main,0x8405667453a688d8fe08682247f9d6d4f74f3235,
airdrop-hunter,Main,0x7bc83038dca17697078b71b437848c4b508ff83c,
airdrop-hunter,Main,0x663bd39a5e312da10ba54b45c234c728d6a97a5f,
airdrop-hunter,Main,0xab1304bb99b9c85c4e5ac31ff08ec571f0117822,
airdrop-hunter,Main,0x57d6826110bf18346d58d199795de3628bb89a67,
airdrop-hunter,Main,0xac9a53a01d4ae9040679a267a9e8b51a955868e4,
airdrop-hunter,Main,0x697163bdf9fd0c003ecf45c08d959c48ee8466be,
airdrop-hunter,Main,0x64b6d3247c9dfe00a871b3bc5ce92575f5dfe119,
airdrop-hunter,Main,0xb1dda9bc04b4164c52c75191c7dbbaebf3c4e55c,
airdrop-hunter,Main,0xf3edf521a09c270fa1b71b85fdd4375088e89399,
airdrop-hunter,Main,0xca11b612bf4f3a5b491eb2513e2560f73e8afedd,
airdrop-hunter,Main,0x40300a40b6b2f168b13f313fdaf76db3ef1bffe5,
airdrop-hunter,Main,0x26b83a28ec705a0a55d1abccf5a3503ae8606252,
airdrop-hunter,Main,0xd81adbd652f948541d0fdb1b09fed519bf6c7b35,
airdrop-hunter,Main,0x129be971e757f5f27811e429728a00626ea208d1,
airdrop-hunter,Main,0x088e7697ad0b8f62152c5fd7ce056ddd46d21f61,
airdrop-hunter,Main,0xb8df733564343d7609b3b1b607499dd112a71838,
airdrop-hunter,Main,0xbe63b128dfabc5a8a2518baa2824fadd40eda105,
airdrop-hunter,Main,0x8cf70e9d074f0f5f70db9597a5dc9e4395f08811,
airdrop-hunter,Main,0x54b36a533ee3a8e47a899864815152836b3f0819,
airdrop-hunter,Main,0x7b64b677ec656c3fd829faa96fc4d1b156fd2bd6,
airdrop-hunter,Main,0xc43930b865457a7f0ce7ac00da2f68055a6b6c09,
airdrop-hunter,Main,0x9b134757c89cc9fa481f71f690b4449e940e7d94,
airdrop-hunter,Main,0xf6c7d1076a3e3fd5411e720c7892d370f535040b,
airdrop-hunter,Main,0x90050f9ff955f1094cb50c595417f9cf418d26b6,
airdrop-hunter,Main,0x3eb7488cfe8c550bafba1c0869d114d54853b979,
airdrop-hunter,Main,0x958248c584156dda9a83ca6a360165c9e4f73048,
airdrop-hunter,Main,0x787b5a6a1dfbddfad8ae9032f3d502f038c79e69,
airdrop-hunter,Main,0x81247613730861a007c64bb6fe844eb00b6cc469,
airdrop-hunter,Main,0xa43ea2d76d346b9655fd266af14429225e5a7e23,
airdrop-hunter,Main,0xc4e8a8881bc347e3cda3c3bcae4093f7274707b4,
airdrop-hunter,Main,0xc19539a06806c3ea6b440327381ee4e16e501b2f,
airdrop-hunter,Main,0x333b58ca45b49cf8905cf2a72964b46f7627966a,
airdrop-hunter,Main,0x9a5c9163449182cc3ddfb3e1d31671eed1471b59,
airdrop-hunter,Main,0x6a8a62d57aaaf0e5221aa8f91acf9ea3040adb01,
airdrop-hunter,Main,0xc24f0449871b2307b1a5ee19b59b6f6b7cde99a4,
airdrop-hunter,Main,0x294b560cf08d79fd93bad34118028eee8bd5e890,
airdrop-hunter,Main,0xfbc5249feae7b6050d8c2aab75a4e529b74b7e5d,
airdrop-hunter,Main,0x82a35216c36281d872f66ad98a1c54dd6ef24d47,
airdrop-hunter,Main,0x0f5481591bdeef9335a999bd79785df7ddcac42a,
airdrop-hunter,Main,0xb44bb174470910653288b35523364e074ca6e211,
airdrop-hunter,Main,0xbfe476542fdd1334b752533374237b66abfe719b,
airdrop-hunter,Main,0x3c698b189c55755941e4e86cbdaa8e59c54c4d34,
airdrop-hunter,Main,0x8b9c7e804499431c72d5b1635307dc4d96b5b19e,
airdrop-hunter,Main,0x2c1228aea6eab3fb519e0f60aba68ae753e90dbd,
airdrop-hunter,Main,0x85eaf33fd2687020e6a04697b547a2ab1af7ad2e,
airdrop-hunter,Main,0xbd97ea5972e7ca5567f2f6d5bae586f38773089c,
airdrop-hunter,Main,0xca3fba9c68dd6c954304b10336da72c252b0437d,
airdrop-hunter,Main,0x147c5cd7bfbe6bd985ab5dbcc1f3a5b82f9d12e9,
airdrop-hunter,Main,0x25753543ee772ced12e993074ca2f78e86841f20,
airdrop-hunter,Main,0x117cfe3ba60c6a678a32c8c4ffb55ac855c18782,
airdrop-hunter,Main,0xe2116d04cce3da1d3751f03ce7e59e1a961ba535,
airdrop-hunter,Main,0x1d5b30280fecebe11faed052e42ff21155a22c7e,
airdrop-hunter,Main,0xe2fd0aaf17c347f0ea20cb7229c548dd2b84e2fa,
airdrop-hunter,Main,0x0c2f5eab6276790c261077e8bf3902462cb596fe,
airdrop-hunter,Main,0x489230a465d494ce1dc66f479892f2ed442c3e58,
airdrop-hunter,Main,0x5a74b77c62f8414d34bb9809a1c6b084001726c8,
airdrop-hunter,Main,0x196971471bea57b61beb95af968256d27c9e269c,
airdrop-hunter,Main,0x9d6971bf21b0e94724a7134371a8f7f41bb9db88,
airdrop-hunter,Main,0x3b93c66df1200d7034064fe4bd33dcf05ab60be3,
airdrop-hunter,Main,0xa72ff872540b6dd4dc83cb0396face0ff2f15200,
airdrop-hunter,Main,0x6ba66ae0706f41e5b465ec6900d4bea72f9e7f68,
airdrop-hunter,Main,0x874f55646a9ce6687f9c847c66c72da50d38dd17,
airdrop-hunter,Main,0xd4d0b1a2b4bb4a20bbf16f9dac19a46599fdaa93,
airdrop-hunter,Main,0xde0c4eba9e7d3be6b04616465cefc8dd24526413,
airdrop-hunter,Main,0x9ad71f68c0052947867658a2b18811f0a2ee657c,
airdrop-hunter,Main,0xf2e1ee7b27dc557069116f527647743e28c47a27,
airdrop-hunter,Main,0xa29092bc7cc44902c2d3877fc619453abb392fe1,
airdrop-hunter,Main,0x73c0a1f25fcfe6ea1bec8c8bffdf561a11b8708a,
airdrop-hunter,Main,0xe2866a62915cacee090f419a97ccc31a5ccb3a28,
airdrop-hunter,Main,0xe2bd2e7bd7f317c0ba6a2295562c4c5b411c3dae,
airdrop-hunter,Main,0x6681a4975bcfa597fb3fdcb8953356c6bc4ab40f,
airdrop-hunter,Main,0x8d90502d9a79974491b19ecc7cd0114c36aa0473,
airdrop-hunter,Main,0xaa065a878aa298ed81f855cf6f9237cebf8b1c3d,
airdrop-hunter,Main,0xfdd2353566bdb3698b5565877e3242b698c0e536,
airdrop-hunter,Main,0x4ed1fd86af9196456988533b0b0bf2db00a267a0,
airdrop-hunter,Main,0xe40ad71da3936cb026ce58364473ae2825728a5e,
airdrop-hunter,Main,0xffd75dec1e9cd39e7fbd8d40f756f3d6c2e1e43e,
airdrop-hunter,Main,0x91d55607a2c6a53ce332cfccc28b299ee87cea43,
airdrop-hunter,Main,0x4c677c4b5ffe92072ac344fd359112a4364af36f,
airdrop-hunter,Main,0xb0c1bba5d9f678d7732e91a240d254cd16bfcdb7,
airdrop-hunter,Main,0x64fc1f4a0b3523c68f6ae3156fd17dad73c5d62d,
airdrop-hunter,Main,0xc333a96ab7fcd331bafbbdf862f554693d5f919d,
airdrop-hunter,Main,0x02588d1df328f0abce8ec85206b2067e8ce3488b,
airdrop-hunter,Main,0xf190c29729756e780b61e6aba9bed1098ccd21a4,
airdrop-hunter,Main,0x77e35b7321a382722971e33fd31dc0b6e6467e0a,
airdrop-hunter,Main,0x7e9a8e5ef906622386f87476360a6a4ebd515b7b,
airdrop-hunter,Main,0xb502677b6bc9c6efb7fcde41995d970351fd8792,
airdrop-hunter,Main,0x59ca6782300cba58c6a5ccfa50ad967490a296c4,
airdrop-hunter,Main,0xa279d6d7e98b1d84aac50994239e962a3bbf5347,
airdrop-hunter,Main,0x7e2572928cb809fb4dc18d91ebb38dbdc85cd869,
airdrop-hunter,Main,0x56dff081e9ea817eb1385308e0b47778b0563937,
airdrop-hunter,Main,0x56fb849ee37977a7ca6db3c44f5d2198031bad57,
airdrop-hunter,Main,0x7ec168fde9ec038fae01e32b99de7f662e7c13cb,
airdrop-hunter,Main,0x3c0219063ab26c155bcf647a9b3d3919b052c623,
airdrop-hunter,Main,0xca4ddffa6409fee356196f8fa4d13534eef64a0b,
airdrop-hunter,Main,0xc5dc22acc567450a18909b2e705a5a23bdd881eb,
airdrop-hunter,Main,0x83f50af486e7f6b1c1c40f0bd95dc6d21ae11ca1,
airdrop-hunter,Main,0xf2ee1bb8fe0b86152b606e5f8eeabce875e9ab9c,
airdrop-hunter,Main,0x10b7426fe2646cc71ee57b40d8c6d552996e49d4,
airdrop-hunter,Main,0x07797c40889cc4334b5034b12bd1426f49bfdc45,
airdrop-hunter,Main,0x099b1b32b7dfb998d69cf942d365d8a06da0eff8,
airdrop-hunter,Main,0x186d7913e2402bc2fdee7df4f7cd6803457286b8,
airdrop-hunter,Main,0x8b34a0eeacc27c8f7f70b33167dcc07979ea97e1,
airdrop-hunter,Main,0xa5e7e1652140226498e15623f79dd6feacddbb19,
airdrop-hunter,Main,0x50ecea13a5a5b4a6ba4a582094342b77492a4dd7,
airdrop-hunter,Main,0xdd08240a9a3cc37d1323430e4a266ad9270d0005,
airdrop-hunter,Main,0x8a6b3648d5e3a20946ceeb40a51fd23edceb729a,
airdrop-hunter,Main,0x89485748bcdf38e631f1d1bc49a7982757f7d74c,
airdrop-hunter,Main,0xef96fabfe2d49f39484d50192632a0f2cbca024d,
airdrop-hunter,Main,0x1b47aaa57455fbc2d00a70f8d05eea5ae0905442,
airdrop-hunter,Main,0x87569f67d3929200eb252397eb42597cf9409a93,
airdrop-hunter,Main,0x51d365adc0224524510d7e1a1cd9e5b3657db907,
airdrop-hunter,Main,0x92ae09b9bdcc096042d4b8c7de6a778aa51543f1,
airdrop-hunter,Main,0xe54c3695ec4c6a07716e0f1cc79d71189e80f162,
airdrop-hunter,Main,0xeabf0ca1707c7d1bbe61b61582ddc88ecfde3190,
airdrop-hunter,Main,0x8c3d3542f4315b1a3439c8f0b4ad2898c1a6d43c,
airdrop-hunter,Main,0x5103df3b336b86102c79c90679b91ca3b962e3b9,
airdrop-hunter,Main,0x8011722c7551e82a7598b063919ed64a41044162,
airdrop-hunter,Main,0x8585b33af367bf8553b61e304341e78f03d24bb5,
airdrop-hunter,Main,0x904e271b41ddbf0e2153c9c34c0df5aa3c194345,
airdrop-hunter,Main,0x93f48975bd41df7fd863bd00498aea190e52a0b2,
airdrop-hunter,Main,0x03301f47dc30d92e6fd72bfec0a012bbfca7af9e,
airdrop-hunter,Main,0x5269d0ba4afa22bc8a4845a5ec4a59c48f7b38e1,
airdrop-hunter,Main,0x2d4cf44e6a7f74665f40e5677f82ada08c74f098,
airdrop-hunter,Main,0x304c10a9c0a3b4a0b4a3a79501d2caf576b0368b,
airdrop-hunter,Main,0x247cbf9713f1bbdb6d636e8d467d2fbf3dafc446,
airdrop-hunter,Main,0xe11c95871c206618d3a09c9fa853ef12cd24d043,
airdrop-hunter,Main,0x75da209e933914bab1ac773a157cdd7732a67704,
airdrop-hunter,Main,0x832fef05e489759640cfca21a536ddaf9db64f36,
airdrop-hunter,Main,0x9e95196d2a5b967b7366c407315c56eeb782859f,
airdrop-hunter,Main,0x36bb083bc575bf8d48aa913b85a31e8694213c04,
airdrop-hunter,Main,0xc9d1803696398555f421a2919db12c1b29cac89c,
airdrop-hunter,Main,0xca44a9dc777d800aa43d913ae958e81ddc8b7d90,
airdrop-hunter,Main,0xfec7709c9dee60ca18cde025b8c0973e2af207ac,
airdrop-hunter,Main,0xc2529c4b0ac2755f58ca46d0071d4f1b126c50f6,
airdrop-hunter,Main,0xca47511806b5077bae19522a966d2f080ab55e08,
airdrop-hunter,Main,0xd7bc1b466cbde4b2e50c50a48417e5e57e848e82,
airdrop-hunter,Main,0x4c3a0c9798a38738563b1fd1040fc78bf6c6de3a,
airdrop-hunter,Main,0xa3a65be67491b076bf68e5a0e36deee3e8ec2de5,
airdrop-hunter,Main,0x8a05deea3623238e9535c9f2553389a7175b9795,
airdrop-hunter,Main,0xe5cd1519f4c2136dec64323bc8371aeb57b6e0ae,
airdrop-hunter,Main,0xb081446504762b7753cc27de2487b496e1b475ec,
airdrop-hunter,Main,0xda05c939d86979b84b5fc3a3edf046e583306e67,
airdrop-hunter,Main,0xcc9bd829f2b68bf5cac944d9b2363e5dc65719a8,
airdrop-hunter,Main,0xec6a25b35083b62338bca5c08c1630134fe5d402,
airdrop-hunter,Main,0xba7eee0853e96d8e1acfc7aa847ee2ecb4578cbe,
airdrop-hunter,Main,0x5790379afd0113963d95284d7a9709211228dca0,
airdrop-hunter,Main,0x6551052b612499e29f6f0c14cc42f4ff6466f206,
airdrop-hunter,Main,0xa8aaea07e71ab4c729b792f30943dec9386e5b21,
airdrop-hunter,Main,0x78ab2f0c37f71103d38c51912a7d31b9d224422e,
airdrop-hunter,Main,0x52f5adfbf22cd333c3aa6db0f777875a862cdac3,
airdrop-hunter,Main,0x4a75e7a9b7358c9505af93f2ad6e4c5552d2bb52,
airdrop-hunter,Main,0xd52c0f8eb07387bf6d20be0793aaa075d692541d,
airdrop-hunter,Main,0x9333ea81a0ada622f866f903dc75b73c0d14337b,
airdrop-hunter,Main,0x487b880892b4ae2a6dc1697a1dd7bf8fde9d6aff,
airdrop-hunter,Main,0x3d2dffd3d8e258fde26349de6847d4d20acc3c61,
airdrop-hunter,Main,0x8c506e776e1cf6ae7d0becaa118689228280d5ba,
airdrop-hunter,Main,0xf057242e3ccd45644b0515049843098b29d4ff57,
airdrop-hunter,Main,0x7e24f84a3161f8e9015feaa541062134f437c293,
airdrop-hunter,Main,0xbbfb6c0852794f8e1a9c98bbf776b821c223489f,
airdrop-hunter,Main,0xd0b7c8f236377d631297d7f38b2d907dc4093d9e,
airdrop-hunter,Main,0xf413e12b6b0e9ce53cd545465bd423c4149323b3,
airdrop-hunter,Main,0x82b134cbb23d5ce5b7037457125823be0997bc04,
airdrop-hunter,Main,0x60fe955802eb84c900d366a43f88954890d8596a,
airdrop-hunter,Main,0x1bdc2ec8a2099919c5af7ca8cdbd986366241585,
airdrop-hunter,Main,0x5b41cf6bb320297379e6b84a8339e6a26af7fd32,
airdrop-hunter,Main,0x9403f7fc25f7b2ce876db2d9131fc6eb1c0671ef,
airdrop-hunter,Main,0x9f6451f147d0dd2580b82390020e6d1ff159ff5c,
airdrop-hunter,Main,0x6b36c95793bfdba63e8a07b0549d19965d396ddf,
airdrop-hunter,Main,0xc79d534d484685a9139c7c005140fd697c7bb813,
airdrop-hunter,Main,0x2a915ac63d9cd7c52cdf07a783bebc6ea35a979b,
airdrop-hunter,Main,0xbb9d079421150414d47caba990d6cca0cae719d3,
airdrop-hunter,Main,0xea4c783e4be11dccbf1374c24f0d70ac47f235f4,
airdrop-hunter,Main,0x827c953998cda25341c14ac2ef76e482bcf22955,
airdrop-hunter,Main,0x9032de202076f1f8578d0f98d2388b1e981ecd19,
airdrop-hunter,Main,0x1ea13f16ec5a45a2f650023c849e065cfa25cf84,
airdrop-hunter,Main,0x8b7f30da3deedc57e85f1bf28293d93be40d3285,
airdrop-hunter,Main,0x4ceb3d5961a0ee345ffc8e510fd46e33f5fef34f,
airdrop-hunter,Main,0xf8f90c51713c3ca4966fda395562645c0465598a,
airdrop-hunter,Main,0x77a386b803698defc02ae0b305791ab6f7ce0988,
airdrop-hunter,Main,0x295eb3f78cbc7e8b0107ab2933b1e34af3ced275,
airdrop-hunter,Main,0x16c7e2290186b6199b6155a5894d022ce8b35d89,
airdrop-hunter,Main,0x4397bb2bc4451ceff9b3e9f19850de87c4b10c25,
airdrop-hunter,Main,0x8d90409916f749c71eb8ea890996ade86c962f2e,
airdrop-hunter,Main,0xd3b22e2b7a1ef8568a1d9ed88893e97c581a574c,
airdrop-hunter,Main,0x52233beab294a5eee82975561c2de3a24271de5d,
airdrop-hunter,Main,0x0974c1a1149d8d79cf68175f3969e9921a5fa9b0,
airdrop-hunter,Main,0x56cb8cde6e2290a26d8074e5e903c64e29095648,
airdrop-hunter,Main,0x58ba472ec9cf582b25ea75baee74c210487e0f7e,
airdrop-hunter,Main,0xf97e2380daef22f20d0b52f128bfea192bdfeb98,
airdrop-hunter,Main,0x472a4d26ad92d01a91157903cabeb9ac6d9d79e8,
airdrop-hunter,Main,0x9590ef5d50a268f02f1db51276031e912e694dc6,
airdrop-hunter,Main,0xf79b32de9f19e3c8439198837f6f5d51936f089f,
airdrop-hunter,Main,0x2aedc526602d3458c1a02a5aaa436decf2567dbb,
airdrop-hunter,Main,0x58c188180f003781da8f125c74f262e027a6f361,
airdrop-hunter,Main,0x0a6cd564977f348c25bab358b508c3d007d29554,
airdrop-hunter,Main,0x21778966362f6cf06b1dcc215b64a6ac9e711c92,
airdrop-hunter,Main,0xa94f09de4f10b9667898309882cf00772d5e715e,
airdrop-hunter,Main,0x620f7895daeb190f2b1ad9538ff91792d99aa2a0,
airdrop-hunter,Main,0xe5e97673add1c58927e832ec69e401f958e5113f,
airdrop-hunter,Main,0xfbd5e88a170f28abb45d4c0178042755a3a31fde,
airdrop-hunter,Main,0x0654e8cc51ab8b8d627aaa6b195cfb1a8b0f4b18,
airdrop-hunter,Main,0x9ffc8e5475ea13beb708abbd89b8913291059f74,
airdrop-hunter,Main,0x691bb08c825d626cb0f0bbc7a7586f2e10ea15e9,
airdrop-hunter,Main,0x4febc57809217ae27a60a61c0d93284d107d0c6d,
airdrop-hunter,Main,0x1458b121875eafc6e181ec85d16473d8b647228a,
airdrop-hunter,Main,0xccc5e6ae2371d4fec34809eeae60df147d800934,
airdrop-hunter,Main,0x5687b9ba2300f5822d265e1865ebad36e7dac856,
airdrop-hunter,Main,0x8fdc86093620edfaca86cda747e6566987572580,
airdrop-hunter,Main,0x57ab9b9a021766f1af90dae53274883bfe36e3d9,
airdrop-hunter,Main,0x4246480de83a4500897937041ed97ae1ae220cce,
airdrop-hunter,Main,0xcb54f6cf50b2168297609615579c7957c92c1e40,
airdrop-hunter,Main,0x55e8323d7afd77d33d7e2ab1a53c51e783bd7bd2,
airdrop-hunter,Main,0x063ec714f1c7d45be9b20a637089957676c0426a,
airdrop-hunter,Main,0x7eac86a80aa42ec4a5149777893c079865fe10ce,
airdrop-hunter,Main,0xc64642d05bf3e238f1a149999a9fb2193db0b1d3,
airdrop-hunter,Main,0x929e3d84b34a1751d6349139d0d6f13dd3fd00ff,
airdrop-hunter,Main,0x16e08c843bf9a32517f8656d085af87324a114e3,
airdrop-hunter,Main,0xc76a0f04be9426e67235fb7821158aca098f1459,
airdrop-hunter,Main,0xf04b5bb8fbb150cd977cd131a40ec3ac33b596c6,
airdrop-hunter,Main,0x3b4faba0c5ca5a4166b21e50f89932a4e2ce6324,
airdrop-hunter,Main,0xf214185370073edcb4cd13d121347ac5dcc07897,
airdrop-hunter,Main,0x7e791cf4abb1f1f98fe1c0e191268fefa3d5258b,
airdrop-hunter,Main,0xeded2ef126a52ddab18151269d0d6dd2690ac6f9,
airdrop-hunter,Main,0xb8f2d4f49f4a5d717bfe386d6645ae9650ddcf89,
airdrop-hunter,Main,0xcbf9004a2f3871164fe07298da2646aee54df28d,
airdrop-hunter,Main,0xa3f69eb712b8e1f9e5b2b4830e83071b45ff0a8a,
airdrop-hunter,Main,0xa0e3e71b459141d5ef8fdfa8b2df7a1fb4242286,
airdrop-hunter,Main,0x9494194be6d853d98240ad3c7bd447a1bb52be7b,
airdrop-hunter,Main,0x0b99013a95ece3a9a23b9095e52d7f412d9a9dd3,
airdrop-hunter,Main,0x21c25d5ecb89807fb5b4f656501be47a827d22ec,
airdrop-hunter,Main,0x7532e37a13067b5944a3fc8c999269e1f9af87eb,
airdrop-hunter,Main,0x28a43f6c2f20696f86545ab7a60969d4d5cbb069,
airdrop-hunter,Main,0x8f38ec53937f5e6baeebc5a6591940b21164fc48,
airdrop-hunter,Main,0x6aac9fbe0b2e1d93c61037c5b05270702935a57e,
airdrop-hunter,Main,0x75867d97b7262f1090bab5f849cfa41f1fceae7e,
airdrop-hunter,Main,0x6ddeedf00d7773e63eb7445c7460d9bd1c42d997,
airdrop-hunter,Main,0x6a21c945b6ff8fa50aa74c21b88de7f3d5faced8,
airdrop-hunter,Main,0x65c5825faf3cab5ed87224c0df48cbdda65baa22,
airdrop-hunter,Main,0x861757943443bf8bfdff0fbe0bc1587b6e735f2e,
airdrop-hunter,Main,0xe378004f831bc742982d3fe77cc1ee46064cd44c,
airdrop-hunter,Main,0xac740c46f935519f83b724d54addae0342e8ddbc,
airdrop-hunter,Main,0x7250c421cd5b81026094f5b3c11a5c71f9d5dc37,
airdrop-hunter,Main,0xff7ce46fd57320f4c030476833acea75cbf1599f,
airdrop-hunter,Main,0xdc02e624473b504b2d5b8bf6143780c0b620af7d,
airdrop-hunter,Main,0xacdda84684c35a766c1a1c79f5defe481886b38a,
airdrop-hunter,Main,0xc752a839d53e021c5980443357b08afae3c56741,
airdrop-hunter,Main,0xa05f30b292e2ce7c7ec79ec7c161161d38d57fa5,
airdrop-hunter,Main,0x9bea0958221b846373270646957b55445b238303,
airdrop-hunter,Main,0x8aa2ee6bd8f4ea46156c2e4f455fc8ada9a984de,
airdrop-hunter,Main,0xe7286dabccf712dde3a0fa6bb2a3ac24b88dfd3e,
airdrop-hunter,Main,0x6a0cd62d17dc04eb873c595c2f9b6e1570f64cb5,
airdrop-hunter,Main,0x7e527adb357c785bcd4faaf4a6fd7612c7aaf058,
airdrop-hunter,Main,0x4dceae4ce16bf36e686ac9c3c015558b28eb2013,
airdrop-hunter,Main,0x34722330f029a4364588a27362a16c218176d4e5,
airdrop-hunter,Main,0x64c4ea18faa5ccecc75e66c36e1433a7fbfda3ca,
airdrop-hunter,Main,0x9ecc37ed12344b2405fb55aab60a3302d7d38dd0,
airdrop-hunter,Main,0xaeaf0efc665c3a249979f0aa3e149a8421f1c52b,
airdrop-hunter,Main,0xadc6b05ee3b5d205743ffafb73c58fb106a1c1ac,
airdrop-hunter,Main,0x1dd9703f1dbf48c53f392439b450ddc96b616407,
airdrop-hunter,Main,0x74da4982c86c72231a6c3cdc04316250c0aefb62,
airdrop-hunter,Main,0xb6f083b416e51298e9942bb232c66255426c512e,
airdrop-hunter,Main,0x450fd2ac0c1e584bcec6f2007f5cf8a320414fc0,
airdrop-hunter,Main,0x0d8d9ebe0080ec7e588c9b7ef59ea0877b74211b,
airdrop-hunter,Main,0x93f268faf6c4c2305a5cb8301f0caf6012fcedd5,
airdrop-hunter,Main,0x364fcc071b4645311407afa14999d6ee142334c6,
airdrop-hunter,Main,0x445bcbb95eee9625377aa16bbfd135dd81069474,
airdrop-hunter,Main,0x2a7c2db71c7834e9a63cb0df4b0c9f25e2dc5076,
airdrop-hunter,Main,0x31b25e83de23d1a12af920bba8bb2e5ae30b0104,
airdrop-hunter,Main,0xdedac75f079044fe6530ffb8e163a0758078d0b2,
airdrop-hunter,Main,0x4f16529b0520aa2ca341ddbbce7ed4e877b008f6,
airdrop-hunter,Main,0x1220ceb238ea041a97a2cfb117efaf1012790615,
airdrop-hunter,Main,0x4823d783cdce12904f9ca0a77e5209bb46ed860a,
airdrop-hunter,Main,0x99cfdc3959eae253cb83c107178fc0dbb0778191,
airdrop-hunter,Main,0xd2de528f1c39b7be0fd8b60b735d087628104918,
airdrop-hunter,Main,0xaf5ed937be234b44490b4237f9ed24f5088ede7b,
airdrop-hunter,Main,0x88e2dab22a6d5bb05ed5583e83b4a634644890e5,
airdrop-hunter,Main,0x5dc4cdd20f3a5f608545d47d1212353fcf3fb8a1,
airdrop-hunter,Main,0xf971ef568cf88cca4b0c2a0a13e80e0d09bed6d6,
airdrop-hunter,Main,0x7cfac7bc3a1dd720da67d93ef96ec029395b9def,
airdrop-hunter,Main,0xf48042ada1b5f036e422acb320cd8b7118541cd4,
airdrop-hunter,Main,0x1364c8aabaa7a17bf8dda91f0c0e3fac22609438,
airdrop-hunter,Main,0x941cbf07dc64a8d1abf2f686f60702bdaeee9319,
airdrop-hunter,Main,0x23a8799491293e49482868cf10c236c0036e0bc8,
airdrop-hunter,Main,0x3168d2d7afab0b66a0616bd57318dd899b89df93,
airdrop-hunter,Main,0x78871b36a0e1f5bd28ae55db6b445eabf8ead912,
airdrop-hunter,Main,0x62c9b492c2ddc1fb7304f12c60a92c4210c8a761,
airdrop-hunter,Main,0xf4af985b0c6323f7ccf318fd7c898c31ca7d3fb6,
airdrop-hunter,Main,0xdbb6ae538d1e3fec724ea6426ffec7e99c440ff0,
airdrop-hunter,Main,0x29fd23ba357593af9ded6847dff40fc3d722f8b3,
airdrop-hunter,Main,0x41173a0b8a1d7f8247484e62330a256fc110fbb4,
airdrop-hunter,Main,0xa9d5014201797d6af223baf3b68bbde1144b4350,
airdrop-hunter,Main,0x6dcdb56354a503a207d16c8c33e1800a960a6082,
airdrop-hunter,Main,0x16d6c217133f42ef7d073296d2dd9f1603242b3b,
airdrop-hunter,Main,0xd7b4f66e61752627026edb96f84fe55f40baf185,
airdrop-hunter,Main,0x095628819c7b5fcaecc02a30f80fb52638443355,
airdrop-hunter,Main,0xe5b002854f4963ac58c023996d07b9af93a3d93c,
airdrop-hunter,Main,0x540fe6b6de605fbee1fd53bc6bc883f10a940c23,
airdrop-hunter,Main,0x3651ef3f60aa48bb01fc578531eebbbbd76e1452,
airdrop-hunter,Main,0xda87c02b403ca616282df9743de859a7c50142ba,
airdrop-hunter,Main,0x9a19e206ad165ed64696cf357c7f11e1fb989d44,
airdrop-hunter,Main,0x9e71f5a1cee52e3647837f28eff8e4ae1101825d,
airdrop-hunter,Main,0x33304ac1de9b504238ae24c7dbe7aaebaf3c0f4f,
airdrop-hunter,Main,0xf2d7dd478bf45f4b5db86d2a2bf12694c23364e6,
airdrop-hunter,Main,0x5b5b8debe336a6a401cd5ceb585fc7399e8d2612,
airdrop-hunter,Main,0x76514185312ad81463841cd3d6e271a81d3295ba,
airdrop-hunter,Main,0x8e18b9340ad4d3ccb9b1f4b8db50020325814b87,
airdrop-hunter,Main,0x8e952e033b76ec95a129be09d55131648e616170,
airdrop-hunter,Main,0x48aab052ec8999f220f736945c4d66b8f9695d2c,
airdrop-hunter,Main,0x479e1b93ed3187aea00568e5b4cb94a7effcacbd,
airdrop-hunter,Main,0xb9ed2555ca1f9ae68a4649191e6bef3dc646f156,
airdrop-hunter,Main,0x90b45b456520fb5cb4f87332ae1b2fb4a414f7ed,
airdrop-hunter,Main,0xa68624b4fcf289595869cd146290aea513952c6d,
airdrop-hunter,Main,0x69261ba1c7995d5d15a5a63899c2314bc76244e1,
airdrop-hunter,Main,0xc719028e697c2417ac0943b068ad5c471c7715e4,
airdrop-hunter,Main,0xb519a94bbd7fc2c98d32a593152c1748086e5df4,
airdrop-hunter,Main,0x2a1aebb09cd9f307208497cbad1508dfd5551bd3,
airdrop-hunter,Main,0xdba228054459e4aca11e33a3fed7d0297b7fed8f,
airdrop-hunter,Main,0xa2cd3604b6d1a6a1fb85b6fae91f0e9d50c1a3e7,
airdrop-hunter,Main,0xc5e453cca9f1bdddc2017e393d7343cefba7d3f6,
airdrop-hunter,Main,0x88a4f5e106be620b3ef78adf202ad8a20c1f7f58,
airdrop-hunter,Main,0x48a85c295190c9cc51ead2e51c1a701638b63c3a,
airdrop-hunter,Main,0x0b397d63e4f710768a0a726dbba5c693c96ffae8,
airdrop-hunter,Main,0x096c0771096222512ef03d02965b27e93779bbd3,
airdrop-hunter,Main,0x165e5dc9fd32c5057e039922d73de1c595802788,
airdrop-hunter,Main,0x3c6190dd71debfcf70c97f1880364de1c4dd7d69,
airdrop-hunter,Main,0xb1b2518c3982c2cb0e3aaf37c2db695fd4d2fd4a,
airdrop-hunter,Main,0x9d097d308570bcecc356d12aa6b20f6ba5a5094f,
airdrop-hunter,Main,0x02d4baa5c5cc00422496b2cf5ddef10f05d86102,
airdrop-hunter,Main,0xe18fef1a357db2d40d33e782360b851571deeafb,
airdrop-hunter,Main,0x1ba5e204995adba326216555c2c67ebfc11f8336,
airdrop-hunter,Main,0x9b5d6d37c532b53bea399a9710f2d436352cea45,
airdrop-hunter,Main,0x1849b74f7d3c7010a43e708cbe91ba577b5972a1,
airdrop-hunter,Main,0x19733424f05b8989cfd6f3adb8b195f123d0150e,
airdrop-hunter,Main,0x6802149f3a8d4061ce104c81c8f8693949c5ad53,
airdrop-hunter,Main,0x8e3af2d0b1796c4ceef200c942d6de1adee71bd2,
airdrop-hunter,Main,0x31fdb4f2d7eac46a55c4731871dd79d9aac6e24a,
airdrop-hunter,Main,0x8438730c290b89afa626cc2b05939eb41ae7c181,
airdrop-hunter,Main,0x586c0ff5129430d15eb3a05b77586b471a8971cc,
airdrop-hunter,Main,0x3951eb72302fe876c54a031fca52cbe4d6c866a2,
airdrop-hunter,Main,0x43f1dea591bf67cc9c9ebd93cf2e8b23502c249b,
airdrop-hunter,Main,0x7a23032d10a2f205001bb5ea6beaa026df3aa80b,
airdrop-hunter,Main,0x6c67f598a574357243f70f59480ffcc8ffe79a84,
airdrop-hunter,Main,0x6f39b3e4a8f298d533d5e7bac63057150bba2a6c,
airdrop-hunter,Main,0x5594164779dadbc9f64e9fe892280224d9f07a3d,
airdrop-hunter,Main,0x637af3aefc9071cf1d534d242cbd0ee2a33654df,
airdrop-hunter,Main,0xd736686a9fa2d05f6c387790744c5750d88b8c29,
airdrop-hunter,Main,0xce6477a9152491e1c2fffcd17c671851d9be6f63,
airdrop-hunter,Main,0xef078724ff75dcede52c9bef5b0b2c961fcf2cfd,
airdrop-hunter,Main,0x7c42af4992fa3dad3f21d7131a30590a6fc2612d,
airdrop-hunter,Main,0xc1eabe5ba7bd0ccd10e681b6d092c05f0e6d01b5,
airdrop-hunter,Main,0x9e73f02410fa08aceb91e4c6fefeeaaa88d2b2e5,
airdrop-hunter,Main,0x52d87a240bd6c2c6353b513969c01e77d033af3c,
airdrop-hunter,Main,0x60938b13d1959088e07fed2c7e63d3ce31ca733a,
airdrop-hunter,Main,0x7235a52d070827873c5d2a4b84f6c9dcd032a83e,
airdrop-hunter,Main,0xfd2b62403518b324059d263d29e380d2b3b2ed21,
airdrop-hunter,Main,0x2d3914ee4a05a422e25164403aa031580a3552ed,
airdrop-hunter,Main,0x3a444d7e7ac8766b469dd3fae7dbc0e54315ef3a,
airdrop-hunter,Main,0xcbb35a1f43e29540326d2517eb7895beb16bdfe5,
airdrop-hunter,Main,0x1a1e34156f9ec1a489ebfef125e5593e1495465e,
airdrop-hunter,Main,0x24171949e968df0bfc45b92d24aaf33a95d0a301,
airdrop-hunter,Main,0xdd03111823a99718d2ca49d0d2605e21081b3539,
airdrop-hunter,Main,0xb306b590b64b4ba0a9272feedd0fe86ec61ea270,
airdrop-hunter,Main,0xff9d2324ea307511268a6f010a77ee69813ca53e,
airdrop-hunter,Main,0x8c1eb548893f696ffb8aecd7fd85554b31d2959e,
airdrop-hunter,Main,0x6afe8ea06dc4f3471db58051bb397726d8575304,
airdrop-hunter,Main,0xda2d02aff99bceafba1889525be938c597a4e096,
airdrop-hunter,Main,0xab1f1795f90443a6eae8ffae32cb02582ccc57f9,
airdrop-hunter,Main,0x6953a5c7244de636b4f9b8bdf23655042a43bcf1,
airdrop-hunter,Main,0xad5f97af9c763cc725027e13aadf8b48f9fbcb31,
airdrop-hunter,Main,0x311e85083a6b956d5b17346f8777fb21b4aaf6d2,
airdrop-hunter,Main,0x68368f0a915c1c09c526734f8b841802925d5cd8,
airdrop-hunter,Main,0x77d2b74cd9a86c9ed7ec9bd28ab62acc5e639b56,
airdrop-hunter,Main,0x23bddea589937a2b99fd2fe63f0fe13fce0b5e0f,
airdrop-hunter,Main,0x071781800cfa709574f80a1a9cd6633f93747104,
airdrop-hunter,Main,0x43a89b58320baed8bae150ae4a01a5b12a425d7d,
airdrop-hunter,Main,0xcf8fb3d1dafd256db72ca46d3a3e9ef2877c123f,
airdrop-hunter,Main,0x729bdd957afa2b54740b27a27c4b01958c45a263,
airdrop-hunter,Main,0x1650d701f74a3e7c31eb9df3cc954e0c7439420a,
airdrop-hunter,Main,0x9d11a5eb551fd5b108456ca0e5c1b220e8203232,
airdrop-hunter,Main,0x96f5862d5d6b3df2f4d5e0725a6003fa0cb0fcf8,
airdrop-hunter,Main,0xfbd4fd5e9a8b32c8df396b13dcf75f09d653139f,
airdrop-hunter,Main,0x353f72ea2a4b304c165d36222a6e17eaa10b389d,
airdrop-hunter,Main,0xfb93394c0001186b04359e3288d52bceef21b3cd,
airdrop-hunter,Main,0x95e7696ef733661f5fe6e30356432438dbb68fca,
airdrop-hunter,Main,0xb0be7dfe2bf84846f0195485fa19f741b978fd53,
airdrop-hunter,Main,0xcfc2b604aaaafea73cd0ad58a13eb3a81a969c51,
airdrop-hunter,Main,0xe42d2fac039d1d1c6cf86a2c1f01ca81017f8fac,
airdrop-hunter,Main,0x7c4ed83ed2035d1af8c9ab1a13ed021e13004620,
airdrop-hunter,Main,0x3afb5dcab7a0f0e8263d672ab78c66525e09a0b5,
airdrop-hunter,Main,0x0c78ca82a20fce1548cf1a1a68a2f57bce574562,
airdrop-hunter,Main,0x7d03ef14191f15b68bdb23a215ff253a7cb98405,
airdrop-hunter,Main,0x9db65a82f2439e10047e10b8058072de2b765437,
airdrop-hunter,Main,0x1ddc44f79b6b9df2e96911c7863fe7fe91f67d29,
airdrop-hunter,Main,0xe99a2e5f6398aed8227d95cd2420906d0224367b,
airdrop-hunter,Main,0x1610664334ca123c96d9bb5d285dc6b55e66fc84,
airdrop-hunter,Main,0x62c419764871d2609fe3cb96fe0710c6dd08367a,
airdrop-hunter,Main,0x1bd39fdda02496b990d7a8d5db4829d3a285e88b,
airdrop-hunter,Main,0xde3df60a8c5d215f4e7f1fcdfa1fa06ac3b2a802,
airdrop-hunter,Main,0xed1d4c8f0a25d815993b436b9419962c7fd6a3ac,
airdrop-hunter,Main,0x6ab7c834fcf5e48d50deb4d49580d56dc5fd40ab,
airdrop-hunter,Main,0x5d39249a5a4f44e6a117fcb0bf532532c1978541,
airdrop-hunter,Main,0x8443924bb62d2d6e425507e4cc1fef72257575a1,
airdrop-hunter,Main,0x4a012556c3547fba1ed074bda3976d7c610e7d4c,
airdrop-hunter,Main,0xed2bf3ad3eec73669c5d8a674f43cd1a1ab4070c,
airdrop-hunter,Main,0x823c4a7f56582ccaba0e215de549dc7059a605ad,
airdrop-hunter,Main,0xd0c5600c1e8f68c6a281c9e8eb97bdffe1181869,
airdrop-hunter,Main,0x4410ca777170316b42a455b909c67f13214c35e6,
airdrop-hunter,Main,0x7d842d35c855c082b03c11c2e71653eb187d6c87,
airdrop-hunter,Main,0x6493ad382be3c148fe4996cbf4e316f358db10f6,
airdrop-hunter,Main,0x5e7064d5fe64a2d1e325c4f0398e6f4d0f2e27f4,
airdrop-hunter,Main,0x8c1869ec0604b6a016bfb228c0457a9bd9ba226d,
airdrop-hunter,Main,0x133e237a5c792d6319cb6b8fac1b3dbd2ef7d3ce,
airdrop-hunter,Main,0x78b0a34fb815276f9024d5625228e11981638cb9,
airdrop-hunter,Main,0x18c746c96293cfc78a800337a09db4219021408f,
airdrop-hunter,Main,0xc3455e21d20a5b4eb0ea9c8da01e4d5d13e23da0,
airdrop-hunter,Main,0xc87f6bde3d54cd588f4239e86fd7695edfa1c4bf,
airdrop-hunter,Main,0xf7ad59f9245c9cd7e645d67c0223f94891d66142,
airdrop-hunter,Main,0xb7bb094f6503e6eae2225e267c2e978886838d64,
airdrop-hunter,Main,0x167f85a4d8a4d1b5af09d4eaefc55d1f5bd6f6ab,
airdrop-hunter,Main,0x8a144daa4ddc6bf6d26b705b026d7d67d70f16d8,
airdrop-hunter,Main,0xf37f416c02f56a7a1618abcbd6d6508bdba210e0,
airdrop-hunter,Main,0x6b5415c9f2e9d6c607be096265557906b44a74f7,
airdrop-hunter,Main,0xd7d2c6a8486bea934932f475da3c87c2f98b0eed,
airdrop-hunter,Main,0xbae2db6c171d9b2efc27c37eb257f60a1fac5cec,
airdrop-hunter,Main,0x7aa9c477c572394ff137ecde0c047b7704382123,
airdrop-hunter,Main,0xd60d8692f742db2465484dc876ed315a7baae6aa,
airdrop-hunter,Main,0xebbb31af82f2782e745fa7d04173d20cd7f32ac0,
airdrop-hunter,Main,0xe8c697d47b1d38aa77fb4839d8ac23a1d338a4b4,
airdrop-hunter,Main,0x0c933c45ee5b4411e9f1805e6e6946affacb6bc4,
airdrop-hunter,Main,0x3f4590de2ac3ecc46fc119f49d784467c30b825f,
airdrop-hunter,Main,0xe5f08c91d6371e0fc25f86a9a4046e885aa6f829,
airdrop-hunter,Main,0xb8971f3418bee3aacbcda9b7ea61bdcee5080de2,
airdrop-hunter,Main,0xb6d9e2c363695e55f6dd88e112b89b89d55dc9cc,
airdrop-hunter,Main,0x5547395c7ebf61328b77aec42e1e40f6fa88ab70,
airdrop-hunter,Main,0x7d4ca3cf389836db250653f6749f3616e19a31fa,
airdrop-hunter,Main,0x07d1b285cb8504a83a2f00426bcd73f0f9b97e89,
airdrop-hunter,Main,0xb4ca9c84c115cddf160587dd85a924139aff214a,
airdrop-hunter,Main,0x21adb81b5c8eafe7cd9724d04c107c7d9619eb84,
airdrop-hunter,Main,0x69af11f901062c3b1763154d4be24e61f5c92998,
airdrop-hunter,Main,0x30852a7c8193af11272489d7b791c46766498706,
airdrop-hunter,Main,0x12131640cd345d8fcd4d8c0d3d0c762a45c5a799,
airdrop-hunter,Main,0x1d79d764483eeec8ef590fbb5e2c6cdb74f6e0a0,
airdrop-hunter,Main,0x63266ba9e578fef861548e572279acb859aea960,
airdrop-hunter,Main,0x1695bcb2827a211493515e95fd34b2bb66511341,
airdrop-hunter,Main,0x304163c9e7f478f6ac165be4456685236f6c8541,
airdrop-hunter,Main,0x7f9cd5354e869a9e2c1538fe29997945d2aa8382,
airdrop-hunter,Main,0xd869b69e87bde37b6bedc68dc2a73c1b3bb77ab4,
airdrop-hunter,Main,0xf223a5ea3912d7659b8d9fb9b2515c1aa7382362,
airdrop-hunter,Main,0x28767c99fafa0cb0a396985f7990bf846ebfb242,
airdrop-hunter,Main,0xe1cf4129204d77614a40a3c4949491dcfe900d9c,
airdrop-hunter,Main,0x0d3477f670fe701c9f8e1300509bae45f86a7bb4,
airdrop-hunter,Main,0xa2c783f6984472f09ee6d8e016aae2b9445edbdf,
airdrop-hunter,Main,0x63b4e10130655a0014f9a5bb1d0d4674f5bdffe8,
airdrop-hunter,Main,0xd3e535ab3c4cbcac435815d24b85ba8a0c3d1cbf,
airdrop-hunter,Main,0x5aeb08e30b24d47cccba795dbb3d6b0d493acc06,
airdrop-hunter,Main,0x75192aad96ddc5f69b3242c539504d2f5328faf1,
airdrop-hunter,Main,0x12ec8ba8e78b0eed0946f89f0791510c31ef176b,
airdrop-hunter,Main,0x70c780201e6cbfa24f5e8fef1ab416c4a06b3e2f,
airdrop-hunter,Main,0x93190d99fc4830f136e9f627d36d95385397fc0d,
airdrop-hunter,Main,0x9094205a3ec56b65c433868455ed0d728e245805,
airdrop-hunter,Main,0xa4c359f897e1ecb5378d9077245949eef21b37a2,
airdrop-hunter,Main,0xdf695f311b2d5cc5ba6264a95b17764bf3772e44,
airdrop-hunter,Main,0xd3504f4cadae1d9545f755d52aa32d747bd64914,
airdrop-hunter,Main,0x50a44ca720719021f808def77dd49873eb375380,
airdrop-hunter,Main,0x4e0b922fbf6d384a19f197f644e55dfaa5619e9d,
airdrop-hunter,Main,0x8c780bd1a9cfc050f7b8c3c1560938060b68acbd,
airdrop-hunter,Main,0xa079b031cf287dcf5d039d396f2b3dbd7e2607c6,
airdrop-hunter,Main,0x67f5fe2c91643bbd34dfae7b2efc9bac9cbf8d63,
airdrop-hunter,Main,0x82ce5ee154c66e45b1d9b1383fff25c478792a29,
airdrop-hunter,Main,0x2a1226b74cd7697895acd2021830a19059373b78,
airdrop-hunter,Main,0x04b992f024042746a569817f3ea4cca70f1e6a86,
airdrop-hunter,Main,0xc154647bb33001a43c14925f105707929099d89c,
airdrop-hunter,Main,0x01139102e91554008235ab4959437c7d3fb28c4c,
airdrop-hunter,Main,0x73fe33c7e52d46874404a3d6c9f49550407b1097,
airdrop-hunter,Main,0xd5e5564456af02f3799fe7c549d9130abe06dfb0,
airdrop-hunter,Main,0xd98d0758004e54cd1c623c532c8e9ac0e6b1ee57,
airdrop-hunter,Main,0xfadfbb85ba22c7e24aaedc4df6f97c9348cdb8d1,
airdrop-hunter,Main,0x4b110fbea6d41e7ba3924c82b3a28b78cf5280ec,
airdrop-hunter,Main,0x24a977493717df79502c3ece13ed12e1cddb56ca,
airdrop-hunter,Main,0x11b4ec1733110c129feeec6f93deb0d962b07217,
airdrop-hunter,Main,0xc00e1a074fd054b9e8a2195a9cb4822bbbd2c409,
airdrop-hunter,Main,0x41980b7d8d827a905aaf0c435ee6b5a337f3912f,
airdrop-hunter,Main,0x57b06b7a3ab349ae19820d0841e77e38b06a2ba3,
airdrop-hunter,Main,0x501400ea5e6f5a2e90e363e531688f473c1d8cc6,
airdrop-hunter,Main,0xd238e46fb8728b8f4c1a8bda5840b8abd7e1a3b8,
airdrop-hunter,Main,0xc171aca21675662ba4ff5787b230916c31397fef,
airdrop-hunter,Main,0xb82e5881968216ef6a029c592405ed5f0c0d5477,
airdrop-hunter,Main,0xe0495feef6d96bee508799478298998a43e0e033,
airdrop-hunter,Main,0xd5ff684b0b4d6ee9015896c64145efc88f7e2fcc,
airdrop-hunter,Main,0x02e69c74e9df824b82d1ed40d2907515c27a4f23,
airdrop-hunter,Main,0xc274452bf8f92570b587adec14a345e3483b088c,
airdrop-hunter,Main,0xf69d8da8267d5fae43155b13706509349dce16c6,
airdrop-hunter,Main,0x7f7015e6916aaefeb5d2c38a150761abf080b7a3,
airdrop-hunter,Main,0x1c525562702fdbfbaa3fae459a696302d74c2e8c,
airdrop-hunter,Main,0x18104bf7a1d3ad7b313fd6fae65e18a835bc27a1,
airdrop-hunter,Main,0x4bae53af9903b0eddead7de7bdf42e5304d45988,
airdrop-hunter,Main,0xc4e106abca46bcddfee6c59289465448ee2aa568,
airdrop-hunter,Main,0x2fc3f66e99573f490b71fc1c542a2eeda5e55f85,
airdrop-hunter,Main,0xeae7bb11394c5d9be991aae2f82d85f7cd3c87b3,
airdrop-hunter,Main,0xcfbabd2ea6b3657925145fb9158ae9b42ee42564,
airdrop-hunter,Main,0x3564626439c4cf396feb36f908bfdd90eaa7f024,
airdrop-hunter,Main,0x2760f11ac3a8db66db6a976a8ec4fcdf5aa46b3b,
airdrop-hunter,Main,0x2a13269a6f141a1253b4d434e3384476ce169343,
airdrop-hunter,Main,0x745762fa069aaeaee7014babfdddc2d2b76e3743,
airdrop-hunter,Main,0x79e5cdb7d433e284dda6926c357ee43aee6b2ed5,
airdrop-hunter,Main,0x3f2c8fc3fed2c06d129362b1fb1c40748c50fbab,
airdrop-hunter,Main,0x021476b80ee7f9e41f466002a90a02d5f5a1c8a2,
airdrop-hunter,Main,0xb56c0889a88be0c9164c3ccc8c82f19cde1bc6c8,
airdrop-hunter,Main,0xa1889cad5b6a28bd8b2a36725792018985709a22,
airdrop-hunter,Main,0xeca84fffe736042c818501b76203163dbf2fcedc,
airdrop-hunter,Main,0xe936f939c9e756e27236edb5b8fcf40c98da76f3,
airdrop-hunter,Main,0xefffc93b461fdf160d6935bc6c1a2385695ff37f,
airdrop-hunter,Main,0x5bb68d65d245a6e13e5fe4dc2ee4cdab430ea2f8,
airdrop-hunter,Main,0x96defea808aa711419a29364dba68cc6a8e03092,
airdrop-hunter,Main,0x7178bd479ab7f7b3c518c3a5e309670819c9f74d,
airdrop-hunter,Main,0x68aefd734fbec52809cb7ba2bdad1d326a53e9af,
airdrop-hunter,Main,0xe14c64f731a4d2744d6cf6fcefcfebd06b29644f,
airdrop-hunter,Main,0x2ca75c20d4b569234219431968487cb113475bd4,
airdrop-hunter,Main,0xa5364d6f5c761a8bfb583c7dc056115fb486f06a,
airdrop-hunter,Main,0x20f1a6417d7ed462b4e2259496afa6899f9f738a,
airdrop-hunter,Main,0xddf05b414d7c30aa1af79621c8f4f90d08ef2d29,
airdrop-hunter,Main,0x4071c8fb90e33b153ecc85f0acdef43734aa7b6c,
airdrop-hunter,Main,0x82782fe0a45ed8564ca7f648b824551e1e81eeb2,
airdrop-hunter,Main,0xd9a736cc418869759ee154cf9f63b881ecc1ceaa,
airdrop-hunter,Main,0x83a71cdb4186fe6b1f94c71f988d4208d080ec13,
airdrop-hunter,Main,0x847a66fbc40e1edc3a01ee50bc977f4fc07d6519,
airdrop-hunter,Main,0xfe195626e77e1caf2c342d7626fe6866567c984f,
airdrop-hunter,Main,0xa1d7153b5e3576a77f1401a77693020a4eabc620,
airdrop-hunter,Main,0x1d94f420a2b133a7620851c127c6f3e77e3346e4,
airdrop-hunter,Main,0x8b16334615202f26a9183b669820c20b86e965c9,
airdrop-hunter,Main,0x74d43c1e27531c4d323526e7e103e56aa8ae6515,
airdrop-hunter,Main,0xee4f86a14d2eefddc524463b6570fe5ca1f791f3,
airdrop-hunter,Main,0xcb38efad0b782a754915d617915c4730d3af3dce,
airdrop-hunter,Main,0x349875b4a91a5411425133603c29140d2857841f,
airdrop-hunter,Main,0xe5fca51d1fe5f902e3199210abcb7592bfa2848f,
airdrop-hunter,Main,0x797c4d0650e9f09e612b8dc03e59349d13583deb,
airdrop-hunter,Main,0x8f5050b7143f3dedce21f55182966c63f9bd7888,
airdrop-hunter,Main,0x7407e79b6e7ae51c50bda1d12b56c7b703194eeb,
airdrop-hunter,Main,0x8814a687400057fc1a32c3a6bb106778c5b51b8a,
airdrop-hunter,Main,0xc4669b81b875d27b83176891f64ccf96e75b164d,
airdrop-hunter,Main,0xeca5e174504ecffed0f1f5dae84bfed4348974ab,
airdrop-hunter,Main,0x108e6a7f726c73d9cfa3dad638e0c334b0a13f46,
airdrop-hunter,Main,0xec2b625ea1e73ed102cb067366f4aab7ab1f2959,
airdrop-hunter,Main,0x0c0f0ae4e2e6e4e19f5ec0fc84094d0f7a0052a8,
airdrop-hunter,Main,0x6cc86bbd863a62ad640979e967de1f5acfd20112,
airdrop-hunter,Main,0xec2c7f28b53752b8503db5c60a8fb5f75d57b13c,
airdrop-hunter,Main,0x117a82a31a7ae8878000818cf514fc3dda293db0,
airdrop-hunter,Main,0x4a7ee9d6034d25ef16dc2e2f643f8ba313b76b75,
airdrop-hunter,Main,0xe2c48b14e17ff2a1c11086b361abccc4ed2ed9c6,
airdrop-hunter,Main,0x5bf5b9fb50457564c7851b0c73fc2fb5dda5c4e7,
airdrop-hunter,Main,0x8f14b99cbd008a14dc8a665f8175fd046b3fdf52,
airdrop-hunter,Main,0x5bc31138a50f80ced54140f7d5c5034d8a80b42c,
airdrop-hunter,Main,0x69ebef8d8ca0a57bc17f3be00459e313667defcd,
airdrop-hunter,Main,0x9b7d6421006876326e8644f59c338233dcdbcdf7,
airdrop-hunter,Main,0xf2662889642441bb908703894592bd88776a8870,
airdrop-hunter,Main,0x7d7a318306d5a03f5ecaf675134c4c63740b5b77,
airdrop-hunter,Main,0x8ab5830a9daea80ae3c13488322df83efb618d3e,
airdrop-hunter,Main,0x9862d13319bda2386f8d753c542233aac9b567eb,
airdrop-hunter,Main,0x8280da45fd4127849660675087b44e246c05614b,
airdrop-hunter,Main,0xaf99ccd59287ce7905d78dffd76cc0e527de6a68,
airdrop-hunter,Main,0x6daac6cc812cce0e0d7c5103c3b91fcda54405c3,
airdrop-hunter,Main,0xc51a844057b2c46ed63c000710f7cbbf1f0e8323,
airdrop-hunter,Main,0x7281737d0b2f6b095d4ea6244b92f759bcbedc63,
airdrop-hunter,Main,0x0574b45569a03c3f77af5a3da1a936b891c3c03e,
airdrop-hunter,Main,0x00c5734fe55bc1f67d49d5eaee5ed976b81dfa64,
airdrop-hunter,Main,0xea04db7a6b11630d0e77c197f34ae62a9a0357a7,
airdrop-hunter,Main,0x388cece94ae57d9b0aa1fd5fe739a003eb2d7008,
airdrop-hunter,Main,0x4befc4acbf12d982679bda7ad17ce17db4c6fba9,
airdrop-hunter,Main,0x478bfa8c250738299a354f19d1ecc0a199375d7d,
airdrop-hunter,Main,0x478613a9231a235d7d4f66c8d3a2a02a24458e63,
airdrop-hunter,Main,0xa4caacdeca298d666ce379e0748649c928dc56d9,
airdrop-hunter,Main,0x9e7bc9db284502eea027b8b26c2f0731094f7a8c,
airdrop-hunter,Main,0xfd917c828bcf06bfec787131dca966e59aa85d4f,
airdrop-hunter,Main,0x94adea830779bb4b5c8c72de530d2c6aa36a73e4,
airdrop-hunter,Main,0x6bfb99bb831b0df769df359d87935c088ac2bd57,
airdrop-hunter,Main,0x5af953ce20cbeeeecd4812fcdd5e9a2d9ce75859,
airdrop-hunter,Main,0x09f05699de5d0cddbe4ddefe40a59a39fa4f9644,
airdrop-hunter,Main,0x60a70c6284edf925ecf7f70a6a9fe92c6dd045b5,
airdrop-hunter,Main,0x20ee7053580fe279dd4d95a066b330f0bfd01acb,
airdrop-hunter,Main,0xd56c9f6f6f8e6add43f8b77fa5bbaa5063236c55,
airdrop-hunter,Main,0xb9baa0701cfbcbc9522e0bc8b513ca1ab2918127,
airdrop-hunter,Main,0xfeb3a9dbe53c40ae4d6821a93fccfcd6028d6b5d,
airdrop-hunter,Main,0x3153329fa4e20f421e9e1021c0a2d32f820a5137,
airdrop-hunter,Main,0x45f1d3b9ce8be48d8e5cae3e20cf9e20b68a3f89,
airdrop-hunter,Main,0x8e5eebbf50afea7a0bbba1cb758783dc982cf89c,
airdrop-hunter,Main,0xe99fe10bfbd9f6ab25bade35f5885d14bb76e79e,
airdrop-hunter,Main,0x47da2257c8134edf265eb94f015922f1328b3e35,
airdrop-hunter,Main,0x960a3573b1a402cb7a3646cba59827e8a7fbe1d7,
airdrop-hunter,Main,0x2d11e6f43263c4ff79b79878c6bc3750096db8e6,
airdrop-hunter,Main,0x903a42aa04491d4389a90008ddd1a70055a098f4,
airdrop-hunter,Main,0x6176fd5c13f4a4c5d2f6cee1aa8d73c2d7ede517,
airdrop-hunter,Main,0x65bbc454a4ee14213d327f8a03ab47b38f92226d,
airdrop-hunter,Main,0x5489b6451da6caa40e55269f84b92af2d164c4e8,
airdrop-hunter,Main,0x9a0b17e0bfe6a250f0eeed9edf256eea323e080f,
airdrop-hunter,Main,0xfc57c20e25afb4b9d63d86e5e6c31f31a6a38ac7,
airdrop-hunter,Main,0x51899bbc30a24ebc8553e8c3d2e76963ec73f46d,
airdrop-hunter,Main,0x1ad7ecdef4bbed1410bcdb00b9d323ec3fa61713,
airdrop-hunter,Main,0x4353d346715f716e5dc8b1caf377a3b260744cbd,
airdrop-hunter,Main,0xabd111085310f9200883eb2999605c332a74da04,
airdrop-hunter,Main,0x306133b1ce681330aa3e17a2cb68818f0a61933f,
airdrop-hunter,Main,0x3871f84f08769417704ec56febecd6dc39285416,
airdrop-hunter,Main,0x0c96dce596f14fca72414e50670ecc3db23c15bb,
airdrop-hunter,Main,0x2892499d8167a59334d3ed9b66e94588009b2e30,
airdrop-hunter,Main,0x7eb1ae242c7ac4e23f3b23a4b306b4d2f17c3dbf,
airdrop-hunter,Main,0x6f2ca803c30b0a867a711605ca143635955c36b3,
airdrop-hunter,Main,0x13205b134e2204340f801826e87f76bc8061cc2b,
airdrop-hunter,Main,0x3e53ab3bc38d736e76b5a8865dc1e81a841194f3,
airdrop-hunter,Main,0xe30f826011575f62a6415c3b9c64455a6e334c7e,
airdrop-hunter,Main,0x7b9bf97ba021f548e73dad82e7a49c24eda526fe,
airdrop-hunter,Main,0x6d75d85aa29ff27b989030982005b2da42112d51,
airdrop-hunter,Main,0x53d00552ef4152923529b8420a3ec39f6a6704cb,
airdrop-hunter,Main,0x1f00a3e7c1cb7de0b65b56a025f616e31ddbd680,
airdrop-hunter,Main,0x3835cc1d554041b274975a652553b7b3f1b37701,
airdrop-hunter,Main,0xfab611732cc8a2c3ef510095aec97ed1be59d825,
airdrop-hunter,Main,0xb64d08b9529f2e217ed95a2869aab34090c03220,
airdrop-hunter,Main,0x8d88a6e678728221bfa451a044015d5e0f6c4a02,
airdrop-hunter,Main,0x2563a22fa83dbb92519f3006ec9b8980f5fcbab5,
airdrop-hunter,Main,0xd45090fb1d07514eefdeea8267f4111ab267d9d6,
airdrop-hunter,Main,0xa24ad809e88f541414e277d0cac16abe693b16da,
airdrop-hunter,Main,0x27541c675a057b6bbdb6b3981025971440635aef,
airdrop-hunter,Main,0x04140c74ba1280f517a727e1a975830ab412719c,
airdrop-hunter,Main,0x51ef5496510b3dcac2a14a52b222dc3d3a21f5f0,
airdrop-hunter,Main,0xa9561c8f7e325bf9a9e8b860d0ebe6e354ea8a84,
airdrop-hunter,Main,0x3466bff44940317f05f1d3c3fe10c16832cae82d,
airdrop-hunter,Main,0x6804409af36c09198b3506ba67a3d0a8c73bbb41,
airdrop-hunter,Main,0x8447113dd23d366ca40ff92ac11d4d19f6bdcdae,
airdrop-hunter,Main,0xefdf06178b6c44f8c4fc01a1570e2977762e9bee,
airdrop-hunter,Main,0xfa0c4950314e45a2ce79c2c5385aa73b0b747168,
airdrop-hunter,Main,0x7cd801e50a0477682da66dc3029b4678d37a43ae,
airdrop-hunter,Main,0x3417af04841d01e870977404c12e17e1add23f4b,
airdrop-hunter,Main,0x108d99005779677db07ee91119e7d56d6014db59,
airdrop-hunter,Main,0xfef57d45cb22b6b42a069bffcf34d04a5423f090,
airdrop-hunter,Main,0x1b9544da1c37fbeab2667b41b2a4091423781d19,
airdrop-hunter,Main,0x6e74efaa5a11ec1250d3ed2e6c6d9114992aaa09,
airdrop-hunter,Main,0x31567330c5c48727fcd0edbd33d819b9741e0cf2,
airdrop-hunter,Main,0xe0f399bb446399a1e8fd151dfbe3a173c86f1605,
airdrop-hunter,Main,0x8dcb29c4c84ce333186ea3a97cfa9f316bee78d4,
airdrop-hunter,Main,0x1a9500fffc0b45a5b0b146978de4de771fa41fd2,
airdrop-hunter,Main,0x1ce8fa4f67d36da31b4283158db3a757c8fcb778,
airdrop-hunter,Main,0x9734e659fe611224c8cc3bb2c1fba7717bbc1c85,
airdrop-hunter,Main,0x9e5723051ef55332f9870444d6ff42d17b3aba3f,
airdrop-hunter,Main,0x35c110b30ab5f16d6aa6c5d01eddb65f811aab40,
airdrop-hunter,Main,0x1ada56c2863b6709283417070834570f8352235e,
airdrop-hunter,Main,0x70c6b9ff67e49da5fd7596cd8cc3bfeb0752c4a4,
airdrop-hunter,Main,0xd738002686edd5762dc7ca80d66391fc9bae3987,
airdrop-hunter,Main,0x6d3c58d10f11aed3dcdf818012cfc710454575bc,
airdrop-hunter,Main,0xfabc85f0fec2a676d4c9966b12ade25d7e91e954,
airdrop-hunter,Main,0x834fe463246f71e4f7d4eff5320f2342c692f1e8,
airdrop-hunter,Main,0xbe73ed3a30a19fdf5c4a6d64208fb9b2dc05cb61,
airdrop-hunter,Main,0x87cab22681a3c7ddba1c3b9d7198800aa825a6e5,
airdrop-hunter,Main,0x33e2bc2c81d4199b83fc0a8a78a4fbfa6ffe440e,
airdrop-hunter,Main,0x16d03b9a1fbf206d208cb58ac995e3a60cedf8ad,
airdrop-hunter,Main,0xe143446f48843e491d1c0b8efd0499c94f17ccd5,
airdrop-hunter,Main,0x72a37dbc0029bfd51849de579bf3f63e1cba999c,
airdrop-hunter,Main,0x6607ae77d377f3e4885507f125a91cddd1982a7e,
airdrop-hunter,Main,0x2507867b27a8536a8604264dc4eefdfc3d24744d,
airdrop-hunter,Main,0x9130b2942306949ec8375ccdf8ef34f3ca1ef4af,
airdrop-hunter,Main,0x04d377b8e5427989aa675cf2fe1b1c699b50052a,
airdrop-hunter,Main,0x1d6e547fa34b51b190848ef4a86e4786ba7bb9a2,
airdrop-hunter,Main,0x2447cd3593ae7b315018772df2fa7397c83b29c5,
airdrop-hunter,Main,0x4e59187f2d78ed7ecb7b3fa17becec6528324dc2,
airdrop-hunter,Main,0x3f5de075d50c956253bc85ddc7dd71316e5b0474,
airdrop-hunter,Main,0x6548537619be6cd963fdc17ca02444e5014f3e8d,
airdrop-hunter,Main,0x35511dd437c60e20df0a990fa92ce31b4588a0ce,
airdrop-hunter,Main,0x85700e2fde77d61e32c587a544816a26f93b6bbb,
airdrop-hunter,Main,0x4e32c5482400a5be37801716aaaee1fd2b3e1744,
airdrop-hunter,Main,0x0a8d97a78aa56957d0483e3eb1865b6443d94703,
airdrop-hunter,Main,0x1337646627dc30e54f35fdd82f22f468595d935e,
airdrop-hunter,Main,0x15c0fdb7540e41fda1c9088fd9cad068826929d7,
airdrop-hunter,Main,0x79b161513fc4db6e251503cb4ba44e5b28ab8c85,
airdrop-hunter,Main,0x6bc4df436a8c4b470c1a8e6ad6eee38de404b863,
airdrop-hunter,Main,0x72df5f17039cdbecd3f06e7501504c3fdc701a40,
airdrop-hunter,Main,0xe056330d2a9bb42df7a1e192e8e6f2e806a1efd0,
airdrop-hunter,Main,0x745dc748654c5e4351546a95f6ac9deecad4ff05,
airdrop-hunter,Main,0x563afc8df3e63fa6ae13589718d982e3e5172f63,
airdrop-hunter,Main,0xbe64c2ff04fbfd97d08053d9db634d93d7cfb185,
airdrop-hunter,Main,0x5b7b4a0a273d259a9f23f7bade3d7461c8c6f61e,
airdrop-hunter,Main,0x20dff4b057c9c8cb8347f5b81a492c780976d44e,
airdrop-hunter,Main,0x9872964fbf81babf10e4c7380c75a5e452189967,
airdrop-hunter,Main,0xd18221b7eedacbccf70276ffe922fbbfcecf96ac,
airdrop-hunter,Main,0xd8e9c1b5812cc71124686ab4ce2cf9b577aa1e5d,
airdrop-hunter,Main,0x82d239cfd8202e1247bec279fd6e0f23e3c9a414,
airdrop-hunter,Main,0xe29797a88a28c1e16d858b8a6918c3e2aad2a975,
airdrop-hunter,Main,0xe381795f00dec5c126df0ec99e2146a1deb14c86,
airdrop-hunter,Main,0xddfdda97a30dd2979da3ced1bea486b4726fe5d8,
airdrop-hunter,Main,0x46b0717e6b7bc7ed30666968dfaeee121957c179,
airdrop-hunter,Main,0x1d2f5140ba3405c588d4d47d2f16412c49490a32,
airdrop-hunter,Main,0x7331f881734385d59858d3db7b0b17f80d37574a,
airdrop-hunter,Main,0x7821636e59bf2e51363da968069409c12c8c110d,
airdrop-hunter,Main,0x1a7a172fa4e93a72673833c2a9411808d1c2ec0d,
airdrop-hunter,Main,0x573df543aeffef901aa5f70fa867490bac9fbb00,
airdrop-hunter,Main,0x331b46662c3a1fa768fa11aa1d29a5ee522cc72d,
airdrop-hunter,Main,0x41d7638d7457fc11fe934d78c1c33584523b7a20,
airdrop-hunter,Main,0xc44c266d66a833fbf87ad700580eadcee61b1a64,
airdrop-hunter,Main,0x2a09e758604444dd0bdb7f2b69e16f30e6cd3357,
airdrop-hunter,Main,0x317d90e7a9cb570970ca83c0cf96523dce86ec8a,
airdrop-hunter,Main,0x8343bb460abe9fd46481949cb9abcdb2c6889100,
airdrop-hunter,Main,0xfd341886cb4082cf3195d43ee8908077538e4ce1,
airdrop-hunter,Main,0x3cd0ec165407af9df06d9068013a4f37cb74d429,
airdrop-hunter,Main,0x8269536559c0a6f5ab659e978e2576bde7ee89d5,
airdrop-hunter,Main,0xe7e538ecfc4acbed1123ffdd742295c6db310469,
airdrop-hunter,Main,0x57972c1e58062dcd356a28c5867374644fb3b65e,
airdrop-hunter,Main,0x51ba85e27cf739f7a84c676f2e8fb24ee07a07f6,
airdrop-hunter,Main,0xef05caf86d056080ffde15598a51061e8957034c,
airdrop-hunter,Main,0x609e9b956a680e1b87a067a484017b50a192d1dd,
airdrop-hunter,Main,0x737f54e745c933b110583d7bd701be8f80b47bf6,
airdrop-hunter,Main,0x77820e7984621c2aa35b195ed2bb51d95fb38f51,
airdrop-hunter,Main,0xa169ae86c985fa7f4462c475347cfc1625e480ad,
airdrop-hunter,Main,0xe6ef8211b4c3a2ab8b4b3d0a0fc678b1ae48408e,
airdrop-hunter,Main,0x10d3c42e6c83198d6e13eb63f5c163be3d0bd9f7,
airdrop-hunter,Main,0x4640e5b07e215ccceac0693cd94b826db4383f95,
airdrop-hunter,Main,0x8fe8182f691ec6f322e36fdacbcca7953b538aac,
airdrop-hunter,Main,0xe1af391f51f1e96c89b4e2ab0a162bdf453f3040,
airdrop-hunter,Main,0x99fbc4b3c3eaf0a8b8d1a8ab7d597926ecfe8a9e,
airdrop-hunter,Main,0x954941b115c366efe354808adc510358971c20a9,
airdrop-hunter,Main,0xf53b017f6816be2d50603430eb15ae900d74b604,
airdrop-hunter,Main,0xdb647d15112b0aa573f84ccc7f98dfea8402b3c3,
airdrop-hunter,Main,0x296276a35c89d508cb56e5efab860e216c31c4fb,
airdrop-hunter,Main,0x9e6e99b2a2f9f87ac5cbe3587783af809b9a4cf3,
airdrop-hunter,Main,0xd5e769137f3b4df31d1989621aaded1e25f91d5d,
airdrop-hunter,Main,0xcdf0be7ad0ea3233414f7c4aa4d7ebfb331a5e93,
airdrop-hunter,Main,0x758201b5bf567dcc883511d9ffe4546a24915d62,
airdrop-hunter,Main,0xca8abe22428352982861137cc01bd8dfde25be15,
airdrop-hunter,Main,0xa2ea963ee16a0ae68c0f717b89d4904ad71c41ea,
airdrop-hunter,Main,0x01fec22abe292edbaef924bd65619bf0c04dbd17,
airdrop-hunter,Main,0x5dfb63b56cba405c8b0cb03bfbce38ca330e4d14,
airdrop-hunter,Main,0x84637f378bf51991966f2cb2b02618f91f773d8e,
airdrop-hunter,Main,0x76e8bb954650701f1833b232672ee38e5881612f,
airdrop-hunter,Main,0xcc2e25b00ba29e8aa330b17952c053dcdccd6204,
airdrop-hunter,Main,0x38ae7e689b955aa990884bbe439147dc10827b44,
airdrop-hunter,Main,0x4e3e07edeff64a58a29fe47c25aac14e12ba4cbc,
airdrop-hunter,Main,0xa0020232258babb744c1cd7460b23a4fd2124a07,
airdrop-hunter,Main,0x0177abb4d812e3bcdfd6a57360394a8f1e07fd9c,
airdrop-hunter,Main,0xca8a7590b8b21e74f03378dc7cd8a8430608d06a,
airdrop-hunter,Main,0x7530ec1813fc7b0a8bca2bc17bc3ba58a40b9806,
airdrop-hunter,Main,0xb957b4655bc0fea6d811368756447a44b7b89116,
airdrop-hunter,Main,0x9cf2e49ce506b973e4e7aa55b8f057ebf24ab479,
airdrop-hunter,Main,0x037f5c64184b963d0acfaf4c159dd72160b0c06b,
airdrop-hunter,Main,0xb39863952025f017feff5c38f2e5c06ad3972fe2,
airdrop-hunter,Main,0x229b6336ff4703b455f0540376d960244f822bb6,
airdrop-hunter,Main,0x4b51b377876596402bbe7847054b951ab23ec56b,
airdrop-hunter,Main,0xccb138e28a7a0a5c1a7422ba55ab12257aebfa58,
airdrop-hunter,Main,0x258a483ae7eacec3a9253ec7ba5d1be281f3cfa7,
airdrop-hunter,Main,0x44d1b6a5dec81e21cdeed38fba6149f8be6019d7,
airdrop-hunter,Main,0x3ae491f85129ce05c6e3427c55363e2d59842a81,
airdrop-hunter,Main,0xc1aff0af978c5b10dac9c96dcf7df8d76230c403,
airdrop-hunter,Main,0x2f749d0310d8f4166476abb339083d816eb9e990,
airdrop-hunter,Main,0xf9170e203be2086a68572e97a4cbaa3d8d9e7be5,
airdrop-hunter,Main,0xdf05d37ba47a6ba12ae72da9ec0184e6ffdb5309,
airdrop-hunter,Main,0xc4b083e984c1497078ccf926706512a0b3f14c7c,
airdrop-hunter,Main,0x4f3223e2adc76753f3abcae97c92e4df530be595,
airdrop-hunter,Main,0xf4bc67a2956cbb1bc5c6e2847c16f9473bdc1c4e,
airdrop-hunter,Main,0x2f3de7737b93712fd84853b27bc7a2f9d11441cb,
airdrop-hunter,Main,0x3c6a7d1401e795e70fbb710f8e4b314ca15198e9,
airdrop-hunter,Main,0xfc557229c080459e5b252abaaea0f6a342af3d58,
airdrop-hunter,Main,0x26258c5ce985572335d2da5508769c6c120c6c82,
airdrop-hunter,Main,0x0e4fa3eb35d62efc93e099bd55f11f118e990c33,
airdrop-hunter,Main,0xdd110ba23ab385a6cc133fbfd93ab65f44a04e8a,
airdrop-hunter,Main,0xcaf46b8c68da5be2f06f0507d5d7052edd3e1956,
airdrop-hunter,Main,0x66e52085f2853ea0497f78532e673a5617f86f3c,
airdrop-hunter,Main,0xda55af540e80e1069ba906d7d71a5573b8d1f3bc,
airdrop-hunter,Main,0x0472542d9bd3d34a7ef692658f677a744deb9034,
airdrop-hunter,Main,0x3720f4e424ee901182e79495e5581a2a5059ef22,
airdrop-hunter,Main,0xda88dfb573ad039cf13d3ace9d267a58bd9b7659,
airdrop-hunter,Main,0x6237d5ee31f29534cb45518e21ed7c4cc13105d7,
airdrop-hunter,Main,0x5523b9123e0e7bb809b36a398796a69f6c2e74ce,
airdrop-hunter,Main,0x414ee3ce34f5e60521b6313ffac8a1b4ea13d334,
airdrop-hunter,Main,0x1013bcfcbba520bd86e03854a164543ba2c47cbb,
airdrop-hunter,Main,0x23a789bc0ff957f763dd1f2c850e2d29f8b3b556,
airdrop-hunter,Main,0xa16b9887b0f090b42234a31c541c3fa9a4aa422c,
airdrop-hunter,Main,0x19b25077ad52e97e0b61fc0f04ced6b7d361bc3c,
airdrop-hunter,Main,0x43d260279203ada5c7ee771fe430a0ca2502e097,
airdrop-hunter,Main,0x7fa37b3e417e3857ea4ccd2481fb7280e30c3c60,
airdrop-hunter,Main,0x6e2d59c5ac1fecb2c9b638ff3995ba1398f35702,
airdrop-hunter,Main,0xa6fd728a374d0e16843cba0225ba4d798d16baf9,
airdrop-hunter,Main,0x775cb64e4313f4a6d2d44546b5b7972a522fa225,
airdrop-hunter,Main,0x8de827bd5073578ba3559f0bb0bf13ba6ec3f8e3,
airdrop-hunter,Main,0x6c28a2eddb85f50464b950f9320551dd76efd0d9,
airdrop-hunter,Main,0x1d745de040b031f27fc4420ea986c53792df5629,
airdrop-hunter,Main,0x065da82900dfa273602baef5950e876f55dffeb2,
airdrop-hunter,Main,0x8fe7ce07e127d40769423f3c3fc3ba12f78f8b5e,
airdrop-hunter,Main,0x5afa9af98c0a324c6205455f79699f2dd76859ba,
airdrop-hunter,Main,0xfa83e3b1c6a32f90105cec7f0d3e0afac7d76c48,
airdrop-hunter,Main,0x3258c52beb5d21becd68298e118e5e85b6681645,
airdrop-hunter,Main,0x4bb969a45ccfbc2c28d48bb092a043a9f7c81614,
airdrop-hunter,Main,0x5b79bb2e3fd2d9772365e6fccb6ca808cbc4913c,
airdrop-hunter,Main,0x811a42d99110a8b1de27af67dfac1349c13184c4,
airdrop-hunter,Main,0xa53af6cdfff2876cca3491843e92bb15df25f1d2,
airdrop-hunter,Main,0xa40d3d6075b98eb1ef6453a93a06bd39c45f5982,
airdrop-hunter,Main,0xa2edd1b52d4cd3acf5bc28acf8068b5d9636da28,
airdrop-hunter,Main,0x2c3e8e280c2e1619e9c412017e58d29a66f32744,
airdrop-hunter,Main,0x656c8c7eb74f3ada7bdc1398ac28f0f7bbd0e7ae,
airdrop-hunter,Main,0x717e6c87ea3cd6f467355ae1e3f8c25b6761a153,
airdrop-hunter,Main,0x21adfca2b41635c777e655585a997139a26bd1dc,
airdrop-hunter,Main,0x9cf467be18611ffa1e8254fd3332d10592345da6,
airdrop-hunter,Main,0xfd0ba40c2a924d4a5db01aa8b453f57cfdf913c9,
airdrop-hunter,Main,0xbd2f2c62310adfcb1aeb5523307df61d9cfdcd89,
airdrop-hunter,Main,0x4abbb99af272bbf6540b503dae7420755fa903a4,
airdrop-hunter,Main,0x1a696394ced5b9b7c7563be9260ae0c721c0c538,
airdrop-hunter,Main,0x37ffa464500892508812f0ed184d70c758aeac82,
airdrop-hunter,Main,0x77193fc48311b9c54dd1433205269761cc37fb90,
airdrop-hunter,Main,0xe0680c24214caf4d89ff63a80809b8b7cf6c008b,
airdrop-hunter,Main,0x889de2e31e2220ed3362ce40eea5510a20fcf38f,
airdrop-hunter,Main,0x0192964cdf58f06ef0bd72e2c45425dca90375de,
airdrop-hunter,Main,0x3666ea06c47f3e5ac570af8ff9c606f9b57c8543,
airdrop-hunter,Main,0x8d5cd3247e5f04e1c68c6503ecdbbdf0b2e6dbfe,
airdrop-hunter,Main,0xd7222a6bec71fa4673599cbc84a06118e0309727,
airdrop-hunter,Main,0xcf456a07e34985319d412e15dee54abeb551d964,
airdrop-hunter,Main,0xb9666c82544bbc84f90d3fb7d35630f072b16308,
airdrop-hunter,Main,0x819bfe7f007bcc9cd9229bc0fd705c19dcfcdb25,
airdrop-hunter,Main,0x8e4a6e5a6981a5108631edb4abcb401ec6290e20,
airdrop-hunter,Main,0x0bde6a719d7e6c485c9b0f0220f60a2c4e256018,
airdrop-hunter,Main,0x61a211714ec79726bc6d00a519380c3a4dd0e082,
airdrop-hunter,Main,0x93db9d92cb826959438cea7282ad2659b65e3d9b,
airdrop-hunter,Main,0x429072e84f0d577cc2a7069ab45782658d2b59f8,
airdrop-hunter,Main,0x37f6e5689eb699fe8d5352e722899fee7fdb4516,
airdrop-hunter,Main,0x394b6ad7f43a8b3324df7d534d14ac50d4c128fd,
airdrop-hunter,Main,0xa9b76c234025ac7daa1127c283c20625a1b60aee,
airdrop-hunter,Main,0x9ca725190c8ff1452c69f0b2cbdc26391327bbb6,
airdrop-hunter,Main,0x35870e8a91f0bf45bde71e3f0d05504c1152f1c5,
airdrop-hunter,Main,0x165b3d9ae8de83262257385c8b51730e4c4a2651,
airdrop-hunter,Main,0x2255cd4d60c6da5d613452dbf43e0529c0469400,
airdrop-hunter,Main,0xbfa7ce057090ef0cc2138226dd5be44decc439af,
airdrop-hunter,Main,0x8cd3069232f1abd3ecbcf5aa6e2565f6ba969ae7,
airdrop-hunter,Main,0xdf2abb78cd45a059dc695e779c3e3ef88588c0f2,
airdrop-hunter,Main,0xe7a626f972ebac256a7c6c63df89ca028134ed80,
airdrop-hunter,Main,0xcda8f7e3fcaee90a5d090e189821a6b09d574569,
airdrop-hunter,Main,0x13ed88132dfc0658afc72799aa8c85040796abe7,
airdrop-hunter,Main,0x5c887a50b2bdc855ab0acaf9279e7eb3c5af4fee,
airdrop-hunter,Main,0x3eb1b06d276eb8248462daefb90a61f2b83568a1,
airdrop-hunter,Main,0x91a07a941b6e07d96e8acef1ae15f5babad38c51,
airdrop-hunter,Main,0xe1bb01d2809095e7a1158f4763b6fd8b49142266,
airdrop-hunter,Main,0x3e4c9b24261361bb308687a94a5facb0ab2827ac,
airdrop-hunter,Main,0xd88a997de166df0f2284ce45e83f2d3700801ee6,
airdrop-hunter,Main,0x1978a15eab2432e0141aa20661ff5381dee2d1fc,
airdrop-hunter,Main,0x258b0ad4ab61fb9fc889de75dfef64be0415c46c,
airdrop-hunter,Main,0x885b8c7184c26bdcfc29a4af4641f6e2c87c6742,
airdrop-hunter,Main,0xee397fa79b7acd27c942db3ac743139d8c94476d,
airdrop-hunter,Main,0xb314dda98931874413ac8ec89cbf65334c1d7f8a,
airdrop-hunter,Main,0xf44f3f427080c154ef71718c636f4642c114bb0b,
airdrop-hunter,Main,0x15e1743d155f2daec86e26de419f125cf54dec3e,
airdrop-hunter,Main,0xfdc66433dfd73b34e301f7309187c899e5dee15f,
airdrop-hunter,Main,0xee66dbaf200d82a9e1b2686f3f051b5758f41157,
airdrop-hunter,Main,0xb6ea657ae68d34d357d7153b10e93b67895f750b,
airdrop-hunter,Main,0x0d87dfc3644344abff552073a75e5df900db0bbb,
airdrop-hunter,Main,0x874311abea4e5427e6543033df406f94f15eb245,
airdrop-hunter,Main,0x7d5affe97d416d2c97da5d6ff753881e476d577d,
airdrop-hunter,Main,0x484b0a5778639c345c993f252a9259b010392a18,
airdrop-hunter,Main,0x7c3aabf9e82a346afe0fdf18e871660ca377543e,
airdrop-hunter,Main,0xbcea761d5c2026269418dca2ab0e66ad3b518caa,
airdrop-hunter,Main,0x9e45479920ebc5b27937c40a43da40ada7c36144,
airdrop-hunter,Main,0x7bea6e597ecd228db87197d2b4de5e2535dca649,
airdrop-hunter,Main,0xaf97f2faa002c08a518f2c4c8e6198c8f82d7989,
airdrop-hunter,Main,0xb2f88724e48a91fe20a66815e40fd7f1b3b2c5d8,
airdrop-hunter,Main,0xcaa0a2290ff333393d86fe1026f9c7e825155853,
airdrop-hunter,Main,0x34b980b3ba8ef2b5f562096ba40b2b89d85be7fe,
airdrop-hunter,Main,0x235381785e74d074e1a58808a4dabb666a70a6ed,
airdrop-hunter,Main,0xa4fbdf981a99bdc48e958c6b89b2e3605e8524ab,
airdrop-hunter,Main,0x7eb3d31266e2908566c9bbf66beac8342a23dd92,
airdrop-hunter,Main,0x5ad760fce4df0b2e4cbc1a48f16c391cc4375f7b,
airdrop-hunter,Main,0x98e5f6fcd7b1ad1d5a487b9e1ed15f75d668f7e9,
airdrop-hunter,Main,0xf4060ddf504052724de641323fa263bb3be4ecfa,
airdrop-hunter,Main,0x637ddc6f54e5077b95fed3c2d9a332e9101c65f5,
airdrop-hunter,Main,0xb8b897389e4fc8630e5dad02f734e81ffc1fbd81,
airdrop-hunter,Main,0x101bb9bb0d37a050cd838b9483c53aff084e6794,
airdrop-hunter,Main,0x3fa5a0ddb87b233170c63d3022250a0d5d77fe5a,
airdrop-hunter,Main,0x1807721b23372d97f7e09a63b8c1186930afdf39,
airdrop-hunter,Main,0x9dfa782212b350d675a49818b535524d6fe881be,
airdrop-hunter,Main,0x7810c8b6e843106d504262eb68d54973982de751,
airdrop-hunter,Main,0x49e38bb6592f4c0e4849072a07c178c4e7717ed8,
airdrop-hunter,Main,0x7de7173d11c084b3ad0d495bb5fb9040c0b2b648,
airdrop-hunter,Main,0x9cf5c7d68e8b1c5032ca1f10f0053322ac928f71,
airdrop-hunter,Main,0x0d5e1a17af6e7887395182a368980215f777c9b6,
airdrop-hunter,Main,0x3d1c0170120023aa175db9b4a56f49d40294e570,
airdrop-hunter,Main,0xed5f0ea9cec41b104840fd8b5a4deb99874c10b9,
airdrop-hunter,Main,0xdc2cdf4a41ed328909a8e66d52bbd84001acba90,
airdrop-hunter,Main,0xb2bdf1fbc8b551319dd5485a7bc307659c67d0e1,
airdrop-hunter,Main,0xc3e0f22654f041424e43f718f99a479d15e718f8,
airdrop-hunter,Main,0xccc93f0fff1109e1b21e0846809cabbe7ac397aa,
airdrop-hunter,Main,0xed78ff4d35f1dadc9d609f2acdf7ad7b22aac1b6,
airdrop-hunter,Main,0xcd55083fd265e44124705550997049ffa9f884f0,
airdrop-hunter,Main,0x14a71c156835585548e511f7d4fbbcf130216faa,
airdrop-hunter,Main,0xe34ac3afd63ae1dc94ff8c8e407890caeb5d9a7f,
airdrop-hunter,Main,0x492aa6e1a3dda6940328824c0fab9e9e8102274c,
airdrop-hunter,Main,0x3e639f6177eb5ceec247d58717e05a3e23ba7d42,
airdrop-hunter,Main,0x5496a02fb483225753f732de805f2d0a4e16be66,
airdrop-hunter,Main,0xff3ab0e211f60fce3ad0776d43be35a55a4426c9,
airdrop-hunter,Main,0xe720fcbf56765dfb77b6414ed652d70343324427,
airdrop-hunter,Main,0xb163556a28b40cb9455855bfc3f1092b5497e89f,
airdrop-hunter,Main,0x65f303703017ce995d8f23bd27a5a096928ea795,
airdrop-hunter,Main,0xa6b885f7e2d26f04ec222526ac0a9d6850cd2362,
airdrop-hunter,Main,0x3f0952a596db352a9ac6f075d3c8dc8a3f55c094,
airdrop-hunter,Main,0x345c513dbf41b52c862aa7a82ff3ab3b32ed1052,
airdrop-hunter,Main,0x7c04289e77443eea4ed73b63831d502f482d8938,
airdrop-hunter,Main,0xa486b196d0cde41457c7c7c4b61d04efdc6d22a8,
airdrop-hunter,Main,0x9ebddb227091fbecce1a73c237d0286230ac1ba0,
airdrop-hunter,Main,0xd1fc7fed82c42ddcbd9a52fa0618a5f3973931a5,
airdrop-hunter,Main,0xd9b843a4ff7aee50e57005cf99f6d564c32edf5e,
airdrop-hunter,Main,0x6e166e4c77667247c0ed62384662285cf0278bce,
airdrop-hunter,Main,0x17f6227cfd3360238fd2e424043f99c13cd874c7,
airdrop-hunter,Main,0x1cc87b74808243017ab100b6dd2de015c8b5c5c4,
airdrop-hunter,Main,0x13c8315396fc169012494d281b929248b5f6d621,
airdrop-hunter,Main,0xb036c960f24e685bf4252f2333296598cb7518d4,
airdrop-hunter,Main,0x487ffc4e68c2caa62e0115a26e42d59a60c34c95,
airdrop-hunter,Main,0x1e91f9c38a65f78ed8db8f51d02fb493946a32a6,
airdrop-hunter,Main,0x15c1347b59da23a92e37d38a031d2295c476917e,
airdrop-hunter,Main,0xac2c2cf4256dfde84b41336bad420890e7c06118,
airdrop-hunter,Main,0x3ea2565f34cb66cc5d0965dad85663d869191d74,
airdrop-hunter,Main,0x15d1f5f01f34448e5395df6a4cfbfacd7716870f,
airdrop-hunter,Main,0x7d13947d645b335a292c2134990e1044e8534435,
airdrop-hunter,Main,0x56142bcf10490a553d648873be62791aeb5db597,
airdrop-hunter,Main,0x65b1e982c99219dfde6cf1e54f335c2e2cbff6c6,
airdrop-hunter,Main,0x98a5e2dc57b3759a3cb6cb793a94ca08867519c9,
airdrop-hunter,Main,0x1c098ee4818f2e6c3c75f5abee7de6f622543c4d,
airdrop-hunter,Main,0x3901677591e4a402fa166d6e6ea5af95bc58912c,
airdrop-hunter,Main,0x234f5f0aa275b77cf9031792e5a4329736d64ddb,
airdrop-hunter,Main,0x91c2473c463e1c4b7627f8b4449c8f870d210524,
airdrop-hunter,Main,0xe0d2147c6877c6c685b06005fc4ef80fe6b61e78,
airdrop-hunter,Main,0xc4e946d2e1032120fb856e23423c9cee5f279fd2,
airdrop-hunter,Main,0xdc43ddf7f2d6b1b1a98cef56efaa71f1d804bad5,
airdrop-hunter,Main,0xe4c179d8e9e96b3db7168951af5023c213a06c10,
airdrop-hunter,Main,0x03e8d8a9532cf7df1f5edd3c868b90b8c422143e,
airdrop-hunter,Main,0x8ee45b5401d01e25552c91c5720dd0b590661d02,
airdrop-hunter,Main,0x3d408ac231450e8d81ad749fe2c63742af842952,
airdrop-hunter,Main,0x2c2ff0ee034c749e93b41423a17d1714301c4846,
airdrop-hunter,Main,0x0131eb69774524d877a65414334856b630a48fa8,
airdrop-hunter,Main,0x2688f1263470004127bf803377cf35d7b9e2cb8e,
airdrop-hunter,Main,0x31e8c574b3c04e4e09e00c5481b11ed0e21c48e8,
airdrop-hunter,Main,0xa461146fece816e6adc970bd7eac4ac3dc8d7ad6,
airdrop-hunter,Main,0x1a88615aab45fb4e8ba892bcb8817cd52da36200,
airdrop-hunter,Main,0xafd13158678ac746e4f4501558075f079a9d9003,
airdrop-hunter,Main,0xeee5a37664fe40d5bc9254f9ceeb63a4be5bc92d,
airdrop-hunter,Main,0x17a6d6f7ddafb57cf55ffa83ff0ce8215c060b0f,
airdrop-hunter,Main,0x6ca0f134c99ac6b9fead88a4225b2f87d3d5e73f,
airdrop-hunter,Main,0xf91a7d07d70d188d72d732c05978c26e655fdcc6,
airdrop-hunter,Main,0x2b52f524f0ab6cd19693c6faa81f1c5f961da29e,
airdrop-hunter,Main,0xeb9547faf6bb2cf0837ed29d1bbab96062c2c8d4,
airdrop-hunter,Main,0xfa2eb2bed3de529fe5b4da8c6eb88b2eee427d9e,
airdrop-hunter,Main,0x4ed885a7ace373001e5cac128f643a359a186ed0,
airdrop-hunter,Main,0xa22affff18d76626d8adc962110f9aadf4188f8e,
airdrop-hunter,Main,0xee473aeb22e93ee6662cf21d9dc22295467b887f,
airdrop-hunter,Main,0x1d8cb9caa89163b205394268c8cffd9887dda3e0,
airdrop-hunter,Main,0xac4a59c37383be94730dfbfafe9c6f26137161cd,
airdrop-hunter,Main,0xdbf0d04226b0ca6eeca6ff73f5be21d73525c21c,
airdrop-hunter,Main,0x1c36170138b9b2ff730ec8ae70b4cd9bdfd239f1,
airdrop-hunter,Main,0x6af0025266b937ee87c0e82787b2f4aa70901114,
airdrop-hunter,Main,0xcc53d26b886284f3733be8aa888c918d30b50072,
airdrop-hunter,Main,0x40980bb737ce942aef8925d158b57210f1f6141d,
airdrop-hunter,Main,0x586765656580d4179a8b4ce61fb74600107d90d4,
airdrop-hunter,Main,0x72a1e2eab2bf2d6a81ffe24806283887a076e00c,
airdrop-hunter,Main,0x54700d5f77847b10e0a6eec9e04a6487579e0388,
airdrop-hunter,Main,0x62a3afd0383f1029b901434fd7e452aac74f7394,
airdrop-hunter,Main,0x58aa116f45a82075a4f1ea8199cbc8f33cc869b5,
airdrop-hunter,Main,0x1fe962895731a986cecd3f912c4b45f41db1e757,
airdrop-hunter,Main,0x4d2e408e2c519757c3dc4496ce692d64a183a765,
airdrop-hunter,Main,0xa1227c729bf4f130d7ea36d9b6de6e10aaea7782,
airdrop-hunter,Main,0x7aeadd305b06d7756dc9afb0e9ac0e0c83bc7231,
airdrop-hunter,Main,0xa73044b0da2ecbd2a6c99616b15c7fbcd200cab1,
airdrop-hunter,Main,0xb94aee5b2324575ca9285cef4d4f7d6169629ce4,
airdrop-hunter,Main,0x8b5ee09d4eedd1ff5a842dbfd6dc4f439528cdbd,
airdrop-hunter,Main,0xac68b84357d5bea05b515dc8ee24b9ab35a6534b,
airdrop-hunter,Main,0x1581233c9510c1c7b5fa4c825826a9e11f3f5f10,
airdrop-hunter,Main,0xb596bc9eead2664d7412627953484e890c3bb4ac,
airdrop-hunter,Main,0x5ed9b5f07daab12eb8c96e26b4531fd80a0ef30d,
airdrop-hunter,Main,0x80f3983b5e2c843cfbbd1b68dee09e779c1335dc,
airdrop-hunter,Main,0x22b9ca2e93141a7265275ab994e36c0897ccddde,
airdrop-hunter,Main,0x6fd471cb349345b098a12576590229180526c9d7,
airdrop-hunter,Main,0xbd029edcdc3fece6ce15fdaec1bbaf056162f7e4,
airdrop-hunter,Main,0xc5c432a48d74d94a7f2cd95fbd64a92add7d9461,
airdrop-hunter,Main,0xc471a2ab188d39c5b6edfe6435ef821f50748b54,
airdrop-hunter,Main,0x81f60e8ff50eb4819228556ccc6c09533de73af9,
airdrop-hunter,Main,0xa61fc60281af6e94b01098121ccf87f3ad8a1e59,
airdrop-hunter,Main,0xf74c78f49da722fdd81d686d188f3c24e0149115,
airdrop-hunter,Main,0x9bc1d0474fde52ea0f63ea1eaa5199b534769ad8,
airdrop-hunter,Main,0x18678fd0e05fd607c9feabfef7da17b693b1b27f,
airdrop-hunter,Main,0xfe9a80284a9fff7d29c043014753d683601f8501,
airdrop-hunter,Main,0xc8566aafceda63a27bce4504f6ccf82668f9ebfb,
airdrop-hunter,Main,0x7c7065ab031b5182b0d9bfde0e08230ccacd04b1,
airdrop-hunter,Main,0x633b177ff15d1599cdd7324cfa03571d5d483331,
airdrop-hunter,Main,0xf150fc768b78e41b1a6553cf0e5c61639ffcdb9a,
airdrop-hunter,Main,0x78df72745c4d5b6feb9b5cdedeb9d51148bfbc90,
airdrop-hunter,Main,0x18eae1479c1ac9756182035fa84c8b42dd59b6e7,
airdrop-hunter,Main,0x46a93e76cc4f337123f61730703cb0cc54175e73,
airdrop-hunter,Main,0xc37636b92d2df9762a0ffc053550e78b3a66d1aa,
airdrop-hunter,Main,0xcc57e3eca0f7ee8dbe086334a04d2e6f098e4ed2,
airdrop-hunter,Main,0x04313877fe1d195e41c61a274babdcd1defaa83d,
airdrop-hunter,Main,0x1bb66772dd0e9a37c1cd81090a2b4c6708c7eac8,
airdrop-hunter,Main,0x051269a20b58fd314ee3a06daef1db83f0cfd9ee,
airdrop-hunter,Main,0xf7c00337e80cd820a63696557ad03d4e284c141d,
airdrop-hunter,Main,0x915fa7becd435cab28cc056a3e0d52e27bd8ad40,
airdrop-hunter,Main,0x176fcbd687e0d883e61fdda4160ae37d4ab46382,
airdrop-hunter,Main,0xa5cc05a7096f225a01224e12096c6088eda89666,
airdrop-hunter,Main,0x75906e9337a10bc999beb7010623e1924188b6b4,
airdrop-hunter,Main,0x1aa50b44c4d796919935fd92324727b2f5a92506,
airdrop-hunter,Main,0xd3be9b047ad4ab9dfdd5b4a2883631cae3a89bd6,
airdrop-hunter,Main,0x044356b8850df2066250aa785b6999aab0a6225c,
airdrop-hunter,Main,0x3d8186925fcd78db523085f95c7cbe1f93a7474e,
airdrop-hunter,Main,0xf665f4789e530b3dd2bab789af79945e151c78ac,
airdrop-hunter,Main,0xd7f862c3f2990a8e928c1541872da1cd26a8f3d8,
airdrop-hunter,Main,0xf25d50d760770145cdcf97c77969058b52077af3,
airdrop-hunter,Main,0xb09caa18e362024a52a4b5157e85c63eb1d9b35f,
airdrop-hunter,Main,0xbfac9ecdeb0c60bafce7be6c62ba2dc9503a0815,
airdrop-hunter,Main,0x2e1fac7ec9fae9629318864ecae54be484ddea73,
airdrop-hunter,Main,0xd4d3eb3fe833571d8ff7f6e0ddbe4eb82ce3cec7,
airdrop-hunter,Main,0xb764d7dbf185d75df81c41d2783336ae5ac168b9,
airdrop-hunter,Main,0xa615ac0b1e91a767a4318f12d3a8fcc144f33918,
airdrop-hunter,Main,0x483d91aa9e7c6f8220562a0e5217bd44430b89e4,
airdrop-hunter,Main,0x3c5e0b3d89371f342a545b5d9ec1151526e0e819,
airdrop-hunter,Main,0x65b03b96a05b8cfc8d5a188241c75e907b3e18a3,
airdrop-hunter,Main,0x8add0ccea00d77d7adf079d706d70265a7f7020c,
airdrop-hunter,Main,0xccf1cb98e5b71c0a62cc4bc52868a682e03da918,
airdrop-hunter,Main,0xc6cb274154768b07d406678b2ef704007c365778,
airdrop-hunter,Main,0x9be5031324c48cf54093b622002a275ed432e219,
airdrop-hunter,Main,0x0af9ec599b9b967bc72882279d38dd5786c2a0e0,
airdrop-hunter,Main,0xd4fbe0fc52479167ed4c1e0872a04532fe1f6fe0,
airdrop-hunter,Main,0x932936281cd568a06a9a2fe9d82ccb9de6b7ff0f,
airdrop-hunter,Main,0x5a7ee436304116b7d37dd7ac16391ae12bf9ca5a,
airdrop-hunter,Main,0xd0d3ac1eb7558326726bed9f8512157ab1449cab,
airdrop-hunter,Main,0x57f7c718a9892110b0d83ed15c1ac57a9b347c94,
airdrop-hunter,Main,0x64b30ddf84cb52c36dce3b3fcdd4eb2e778d8e53,
airdrop-hunter,Main,0x6189bda013da7725191df5eab589edcaed7b07c7,
airdrop-hunter,Main,0xa91f89ad731833a1d1d21d19aa4c6602af4ca8b8,
airdrop-hunter,Main,0x235e6ec911a2da90b0181e2664ff44bcc70e2d73,
airdrop-hunter,Main,0xf5d615fdb3557bc489b02078f063556448e5a1b6,
airdrop-hunter,Main,0x2d6d381b96785b963d4994b540b250f353391b39,
airdrop-hunter,Main,0x9b82108afaf42d8c42e31011919a1755c1be4595,
airdrop-hunter,Main,0xa4fed864c9deffe0537a08dfea9a971ec54002d2,
airdrop-hunter,Main,0x9d986c0ad877dbfcfd1a6acf401a38f55d34ff0f,
airdrop-hunter,Main,0xeb025ce45609c9ede1c59ed6cb26d537f30714e6,
airdrop-hunter,Main,0x452d66c587eb98d99e885f4d59fbded7049727c1,
airdrop-hunter,Main,0xe1196e6dba8cda622f1dd9a2a7db7c91fd886713,
airdrop-hunter,Main,0xce475c8b824d6da81515391e620fcd811f213480,
airdrop-hunter,Main,0xf84a4b66488cd980a540d886072273f8ef5677ad,
airdrop-hunter,Main,0x60c29c9b7c5a958f72bff1d957acb077f473ca20,
