labelName,tabType,address,nameTag
Alchemix Finance 43,default,0xf8317bd5f48b6fe608a52b48c856d3367540b73b,Alchemix Finance: alETH Alchemist
Alchemix Finance 43,default,0x062bf725dc4cdf947aa79ca2aaccd4f385b13b5c,Alchemix Finance: alETH Alchemist V2
Alchemix Finance 43,default,0xa3dfccbad1333dc69997da28c961ff8b2879e653,Alchemix Finance: alETH Alchemist Whitelist V2
Alchemix Finance 43,default,0x9fd9946e526357b35d95bcb4b388614be4cfd4ac,Alchemix Finance: alETH Transmuter
Alchemix Finance 43,default,0x6d75657771256c7a8cb4d475fdf5047b70160132,Alchemix Finance: alETH Transmuter Vault Adaptor
Alchemix Finance 43,default,0x546e6711032ec744a7708d4b7b283a210a85b3bc,Alchemix Finance: alETH Vault Adaptor
Alchemix Finance 43,default,0xc21d353ff4ee73c572425697f4f5aad2109fe35b,Alchemix Finance: alUSD Alchemist
Alchemix Finance 43,default,0x5c6374a2ac4ebc38dea0fc1f8716e5ea1add94dd,Alchemix Finance: alUSD Alchemist V2
Alchemix Finance 43,default,0x78537a6ceba16f412e123a90472c6e0e9a8f1132,Alchemix Finance: alUSD Alchemist Whitelist V2
Alchemix Finance 43,default,0xee69bd81bd056339368c97c4b2837b4dc4b796e7,Alchemix Finance: alUSD Transmuter
Alchemix Finance 43,default,0x6fe02be0ec79dcf582cbdb936d7037d2eb17f661,Alchemix Finance: alUSD Transmuter Vault Adaptor
Alchemix Finance 43,default,0xb039ea6153c827e59b620bdcd974f7bbfe68214a,Alchemix Finance: alUSD Vault Adaptor
Alchemix Finance 43,default,0xa840c73a004026710471f727252a9a2800a5197f,Alchemix Finance: DAI Transmuter V2
Alchemix Finance 43,default,0xdd8ac2d5a739bb4a591c5b0c7e613b810fe83ff1,Alchemix Finance: DAI Transmuter Whitelist V2
Alchemix Finance 43,default,0x9e2b6378ee8ad2a4a95fe481d63caba8fb0ebbf9,Alchemix Finance: Dev Multisig
Alchemix Finance 43,default,0xf547b87cd37607bddabafd9bf1ea4587a0f4acfb,Alchemix Finance: Implementation V2
Alchemix Finance 43,default,0x1e5b7412f4b4b713b93d0e82260bd27810984b6e,Alchemix Finance: Olympus Pro ALCX LP Bond
Alchemix Finance 43,default,0x105cd312418311dd49bc1e88459019ed4ef218dc,Alchemix Finance: Olympus Pro DAI Bond
Alchemix Finance 43,default,0x246c00f93001c344038a0d9cf012754b539c1014,Alchemix Finance: Olympus Pro Treasury
Alchemix Finance 43,default,0x6d987dda4358a9ba4f695ca4e6aa3933d7bc1b08,Alchemix Finance: Olympus Pro WETH Bond
Alchemix Finance 43,default,0xc9da65931abf0ed1b74ce5ad8c041c4220940368,Alchemix Finance: Saddle alETH LP Token
Alchemix Finance 43,default,0xc69ddcd4dfef25d8a793241834d4cc4b3668ead6,Alchemix Finance: Saddle D4 LP Token
Alchemix Finance 43,default,0xab8e74017a8cc7c15ffccd726603790d26d7deca,Alchemix Finance: Staking Pool
Alchemix Finance 43,default,0x9735f7d3ea56b454b24ffd74c58e9bd85cfad31b,Alchemix Finance: Three Pool Asset Manager
Alchemix Finance 43,default,0xab7a49b971afdc7ee26255038c82b4006d122086,Alchemix Finance: Transmuter
Alchemix Finance 43,default,0x4370675ab54fc710a27e29ea2bb5563468b5948f,Alchemix Finance: Transmuter Buffer Implementation
Alchemix Finance 43,default,0x1eed2dbeb9fc23ab483f447f38f289ca15f79bac,Alchemix Finance: Transmuter Buffer V2
Alchemix Finance 43,default,0xbc2fb245594a68c927c930fbe2d00680a8c90b9e,Alchemix Finance: Transmuter Buffer V2 2
Alchemix Finance 43,default,0xad2a6c1c6025be8c703930dcd921a2fa25220298,Alchemix Finance: Transmuter Implementation V2
Alchemix Finance 43,default,0x8392f6669292fa56123f71949b52d883ae57e225,Alchemix Finance: Treasury
Alchemix Finance 43,default,0x49930ad9ebbbc0eb120ccf1a318c3ae5bb24df55,Alchemix Finance: USDC Transmuter V2
Alchemix Finance 43,default,0x35b2c16de6f283ab0949964d90ccf930f378ade6,Alchemix Finance: USDC Transmuter Whitelist V2
Alchemix Finance 43,default,0xfc30820ba6d045b95d13a5b8df4fb0e6b5bdf5b9,Alchemix Finance: USDT Transmuter V2
Alchemix Finance 43,default,0x46f992d00c2dfb6fbbbb64d69ab353c2fc435ace,Alchemix Finance: USDT Transmuter Whitelist V2
Alchemix Finance 43,default,0xa22a7ec2d82a471b1dacc4b37345cf428e76d67a,Alchemix Finance: WETH Gateway
Alchemix Finance 43,default,0x3b36368e1157a91275c41a2d1d6f58ff860d4f9f,Alchemix Finance: WETH Gateway V2
Alchemix Finance 43,default,0x03323143a5f0d0679026c2a9fb6b0391e4d64811,Alchemix Finance: WETH Transmuter V2
Alchemix Finance 43,default,0x211c74db951c161c5a379363716ebdca5125ef59,Alchemix Finance: WETH Transmuter Whitelist V2
Alchemix Finance 43,default,0x5951f159ef502f0571a5d7e136a580dcadea42eb,Alchemix Finance: yDAI 2 V2
Alchemix Finance 43,default,0xa7aa5be408b817a516b40daea7a919664f13f193,Alchemix Finance: yDAI V2
Alchemix Finance 43,default,0xa258c4606ca8206d8aa700ce2143d7db854d168c,Alchemix Finance: Yearn yvWETH Vault
Alchemix Finance 43,default,0x1d28d426e4e20b9d43130c23252b8ed6f9cb388e,Alchemix Finance: yUSDC V2
Alchemix Finance 43,default,0x0100546f2cd4c9d97f798ffc9755e47865ff7ee6,Alchemix: alETH Token
