labelName,tabType,address,nameTag
Alchemist Coin 16,default,0xf0d415189949d913264a454f57f4279ad66cb24d,Alchemist Coin: Aludel v1
Alchemist Coin 16,default,0x93c31fc68e613f9a89114f10b38f9fd2ea5de6bc,Alchemist Coin: Aludel v1.5
Alchemist Coin 16,default,0x54e0395cfb4f39bef66dbcd5bd93cca4e9273d56,Alchemist Coin: Crucible NFT
Alchemist Coin 16,default,0x89d2d92eace71977dd0b159062f8ec90ea64fc24,Alchemist Coin: Crucible NFT Template
Alchemist Coin 16,default,0xf1ba76d490183a10b29f4dfc89d84c1f9b41dd3d,Alchemist Coin: Deployer
Alchemist Coin 16,default,0x88acdd2a6425c3faae4bc9650fd7e27e0bebb7ab,Alchemist Coin: MIST Token
Alchemist Coin 16,default,0xa58f22e0766b3764376c92915ba545d583c19dbc,Alchemist Coin: MistX Router
Alchemist Coin 16,default,0xfcadf926669e7cad0e50287ea7d563020289ed2c,Alchemist Coin: MistX Router 2
Alchemist Coin 16,default,0xf3e48a2b1b9808f66321fb1eb385c86d2486dd6a,Alchemist Coin: Multisig
Alchemist Coin 16,default,0x18cc48140cfec90cef0035761d56d2d0ff3a110f,Alchemist Coin: Power Switch Factory
Alchemist Coin 16,default,0xf016fa84d5f3a252409a63b5cb89b555a0d27ccf,Alchemist Coin: Reward Pool Factory
Alchemist Coin 16,default,0x979e2fde487534be3f8a41cd57f11ef9e71cdc1a,Alchemist Coin: Stream V1
Alchemist Coin 16,default,0x1c428a75181bc25509af3a5b7faee97b4b6d3562,Alchemist Coin: Token Manager
Alchemist Coin 16,default,0xb772ce9f14fc7c7db0d4525adb9349fbd7ce456a,Alchemist Coin: Transmuter V1
