labelName,tabType,address,nameTag
Armor.fi 14,default,0xd7b8ef47c08f824cea3d837afa61484e81d14bfb,Armor.fi: ARMOR/DAI 1inch LP
Armor.fi 14,default,0xa659e66e116d354e779d8dbb35319af67171ffb4,Armor.fi: ARMOR/DAI Uni LP
Armor.fi 14,default,0x01acad2228f18598cd2b8611acd37992bf27313c,Armor.fi: ARMOR/WBTC Uni LP
Armor.fi 14,default,0xf991f1e1b8acd657661c89b5cd452d86de76a8c1,Armor.fi: ARMOR/WETH Uni LP
Armor.fi 14,default,0x1337def1670c54b2a70e590b5654c2b7ce1141a2,Armor.fi: arNFT Staking Contract
Armor.fi 14,default,0xfdf5709d44b26a7dd112556dd1b1ce53c0eaf454,Armor.fi: ETH/ARMOR 1inch LP
Armor.fi 14,default,0x1337def159da6f97db7c4d0e257dc689837b9e70,Armor.fi: FarmController
Armor.fi 14,default,0x0bdb7976c34ab05e5a9031f258b8956f68ee29cf,Armor.fi: FarmController Master
Armor.fi 14,default,0x1f28ed9d4792a567dad779235c2b766ab84d8e33,Armor.fi: MultiSig
Armor.fi 14,default,0xeff1cdc3cc01afab104b00a7d9cd09619b94ae8f,Armor.fi: Referral Rewards Master
Armor.fi 14,default,0x1337def1c79053da23921a3634adbd12f3b748a5,Armor.fi: Referral Rewards Proxy
Armor.fi 14,default,0x1337def1b1ae35314b40e5a4b70e216a499b0e37,Armor.fi: Rewards Vault
Armor.fi 14,default,0x1337def11d788e62a253fea846a505ee1b57623f,Armor.fi: Timelock
