labelName,tabType,address,nameTag
Auction 13,default,0xb1690c08e213a35ed9bab7b318de14420fb57d8c,CryptoKitties: Sales Auction
Auction 13,default,0xc7af99fe5513eb6710e6d5f44f9989da40f27f26,CryptoKitties: Siring Auction
Auction 13,default,0x096be08d7d1caeea6583eab6b75a0f5eaab012a5,Devcon 5: Auction
Auction 13,default,0x1d0dcc8d8bcafa8e8502beaeef6cbd49d3affcdc,Gnosis: Dutch Auction
Auction 13,default,0x9d9bcdd249e439aaab545f59a33812e39a8e3072,Metronome: Auctions
Auction 13,default,0xb5e5585d0057501c91c48094029a6f4fb10b5a01,Raiden: Token Auction
Auction 13,default,0xe23fb31dd2edacebf7d92720358bb92445f47fdb,Set: Rebalance Auction Module
Auction 13,default,0x7255e01f934307ffb7a41fc78b6b1688f5dc6845,Trustlines: Validator Auction
