labelName,tabType,address,nameTag
Augmented Finance 51,Main,0xb3ed706b564bba9cab64042f4e1b391be7bebce5,Augmented Finance Token: AGF Token
Augmented Finance 51,Main,0x7592c85e1b0c652735264f3b59eda9fc4a8f727b,Augmented Finance: Addresses Provider Registry
Augmented Finance 51,Main,0x3c6de73585586c919f533717d28f8259d2fc7207,Augmented Finance: agvUSDC Borrow Variable Rate
Augmented Finance 51,Main,0x8c44f8e4b360a3dbd7fc5ee7136922efc0c155d6,Augmented Finance: agvUSDT Borrow Variable Rate
Augmented Finance 51,Main,0x14972103a5f5f41c099aa85457f61d7ddf3908b5,Augmented Finance: agvWBTC Borrow Variable Rate
Augmented Finance 51,Main,0x0b5b915c7e2aa392e59717c0a63d3d42d4a9f112,Augmented Finance: agvWETH Borrow Variable Rate
Augmented Finance 51,Main,0x9276635ec39c72866f3cf70298efe501eb5dcdf1,Augmented Finance: Lending Pool
Augmented Finance 51,Main,0x9f60c2b23ff29610318cbc9386c22def81d773db,Augmented Finance: Lending Pool Configurator
Augmented Finance 51,Main,0xe6a15b35daf7b07fc1c2340e87ba8bb3907875b7,Augmented Finance: Lending Rate Oracle
Augmented Finance 51,Main,0xc6f769a0c46cffa57d91e87ed3bc0cd338ce6361,Augmented Finance: Market Access Controller
Augmented Finance 51,Main,0xfe1fc5b9689a71f6d83b28710bf331b57a5d0590,Augmented Finance: Oracle Router
Augmented Finance 51,Main,0xd25c4a0b0c088dc8d501e4292cf28da6829023c0,Augmented Finance: Protocol Data Provider
Augmented Finance 51,Main,0x9c4479864632456298fd80faec4b0ba94d5e42f0,Augmented Finance: Referral Registry
Augmented Finance 51,Main,0xd5fc057194472d82e515ccacee976625ca9bde90,Augmented Finance: Reward controller
Augmented Finance 51,Main,0x774961cce0a8053fbf5b745231dab2878887c395,Augmented Finance: Stable Debt DAI
Augmented Finance 51,Main,0xf7433a50b136ad4a57d6fce5cd949ed4a3d5d033,Augmented Finance: Stable Debt USDC
Augmented Finance 51,Main,0x01455b220a79d8295455b72f70f910d44f747a1d,Augmented Finance: Stable Debt USDT
Augmented Finance 51,Main,0xfaaf18e9fe739cdf5230b37cf3692b1909fcf6da,Augmented Finance: Stable Debt WBTC
Augmented Finance 51,Main,0x14aa3f35e5167d774416eb3353812c4827a0f387,Augmented Finance: Stable Debt WETH
Augmented Finance 51,Main,0xf9fcb157f2f86a34762d42c4685d4d010f02226e,Augmented Finance: Stake configurator
Augmented Finance 51,Main,0x039b8f6c4ab5d61f6f656730ef95abe9875e4567,Augmented Finance: Stake Uni v2 AGF-ETH
Augmented Finance 51,Main,0x48c51152929e035b1fb4bc10a1a2a07363e5f42c,Augmented Finance: Stake Uni v2 AGF-ETH 2
Augmented Finance 51,Main,0x0c0d37e12583bb752a9670266df707b7a1e4e014,Augmented Finance: Stake USDC
Augmented Finance 51,Main,0xeedc7c75974f73355c84933b6ecf97f29c35e881,Augmented Finance: Stake USDT
Augmented Finance 51,Main,0x04c7966aac97e04deaa3b592cd3399a38dd5d5fc,Augmented Finance: Stake WBTC
Augmented Finance 51,Main,0x07dee4c654a7c50c1d5341cccf7af39f4ef8ae38,Augmented Finance: Stake WETH
Augmented Finance 51,Main,0xe59b9bea09e2f69efb4fa78fd8debfc9c78d9cc1,Augmented Finance: Static Price Oracle
Augmented Finance 51,Main,0x76cf0d6b66df22d963445178bc9fca54faa802eb,Augmented Finance: Supply aDAI
Augmented Finance 51,Main,0xd8396eebc91d1eae556ab4aa8474c6fd138bb270,Augmented Finance: Supply aUSDC
Augmented Finance 51,Main,0xd62fb73ba682adb9f949492f7a1bf65c09cfba2b,Augmented Finance: Supply aUSDT
Augmented Finance 51,Main,0xa264f1969de80a42f414ae39fdfa24df372992ac,Augmented Finance: Supply aWBTC
Augmented Finance 51,Main,0x3d5470f6247e003ea214fbeb8492755e0783bcca,Augmented Finance: Supply aWETH
Augmented Finance 51,Main,0x8fdda8fe65ed74f48f79eb4c1420b5533db9c048,Augmented Finance: Supply cDAI
Augmented Finance 51,Main,0xeab30c88986bcbb85a6be01b2da93b0465312c89,Augmented Finance: Supply cUSDC
Augmented Finance 51,Main,0xc33c93184a4f137df689cd91f10ca8aea5b95131,Augmented Finance: Supply cUSDT
Augmented Finance 51,Main,0xe56695938b6dbd0fb691156a3c5031bd00216b49,Augmented Finance: Supply cWBTC
Augmented Finance 51,Main,0x0afc9e01418ed39240679cee1a382f83cf8a6e89,Augmented Finance: Supply cWETH
Augmented Finance 51,Main,0x277ea9dce3abb2377142036a6ed81070dca4f204,Augmented Finance: Supply DAI
Augmented Finance 51,Main,0x1dadd1e4c06e50df13c53197f5a193a5a3792a39,Augmented Finance: Supply USDC
Augmented Finance 51,Main,0x79167b30ae9d49194ed9fdcdc011b22ed1bf0ae1,Augmented Finance: Supply USDT
Augmented Finance 51,Main,0x3621506cd4b70818848392d01837e20e3edd5340,Augmented Finance: Supply WBTC
Augmented Finance 51,Main,0xe9b34288d5d8ac7d93c392542b418e99cedefa89,Augmented Finance: Supply WETH
Augmented Finance 51,Main,0x824eb5a64024f7204c01cd2bcc31561a5182a829,Augmented Finance: Treasury
Augmented Finance 51,Main,0x3b0b4787a01591daf1bac616465167e9f7dcd18e,Augmented Finance: WETH Gateway
Augmented Finance 51,Main,0x34a20ccbdaed980ed971e8f6f9dd642fb8b3bf9b,Augmented Finance: xagDAI Stake
Augmented Finance 51,Main,0x55e8c9903e6bfb6561b507d986846253187b7e81,Augmented Finance: xAGF Token
Augmented Finance 51,Main,0x9b770715efc65030ddb5ed0719bb00654232a88c,Augmented Finance: xagUSDC Stake
Augmented Finance 51,Main,0x8f13a2f19d0c18b894835101f03ab3abd3f09248,Augmented Finance: xagUSDT Stake
Augmented Finance 51,Main,0xacf637999e062375561d2134be3e4c15a3c58ad7,Augmented Finance: xagWBTC Stake
Augmented Finance 51,Main,0x6e282b89b6d4d336852dc5c94689944a73cc6b58,Augmented Finance: xagWETH Stake
Augmented Finance 51,Others,0xb3ed706b564bba9cab64042f4e1b391be7bebce5,Augmented Finance Token: AGF Token
Augmented Finance 51,Others,0x7592c85e1b0c652735264f3b59eda9fc4a8f727b,Augmented Finance: Addresses Provider Registry
Augmented Finance 51,Others,0x3c6de73585586c919f533717d28f8259d2fc7207,Augmented Finance: agvUSDC Borrow Variable Rate
Augmented Finance 51,Others,0x8c44f8e4b360a3dbd7fc5ee7136922efc0c155d6,Augmented Finance: agvUSDT Borrow Variable Rate
Augmented Finance 51,Others,0x14972103a5f5f41c099aa85457f61d7ddf3908b5,Augmented Finance: agvWBTC Borrow Variable Rate
Augmented Finance 51,Others,0x0b5b915c7e2aa392e59717c0a63d3d42d4a9f112,Augmented Finance: agvWETH Borrow Variable Rate
Augmented Finance 51,Others,0x9276635ec39c72866f3cf70298efe501eb5dcdf1,Augmented Finance: Lending Pool
Augmented Finance 51,Others,0x9f60c2b23ff29610318cbc9386c22def81d773db,Augmented Finance: Lending Pool Configurator
Augmented Finance 51,Others,0xe6a15b35daf7b07fc1c2340e87ba8bb3907875b7,Augmented Finance: Lending Rate Oracle
Augmented Finance 51,Others,0xc6f769a0c46cffa57d91e87ed3bc0cd338ce6361,Augmented Finance: Market Access Controller
Augmented Finance 51,Others,0xfe1fc5b9689a71f6d83b28710bf331b57a5d0590,Augmented Finance: Oracle Router
Augmented Finance 51,Others,0xd25c4a0b0c088dc8d501e4292cf28da6829023c0,Augmented Finance: Protocol Data Provider
Augmented Finance 51,Others,0x9c4479864632456298fd80faec4b0ba94d5e42f0,Augmented Finance: Referral Registry
Augmented Finance 51,Others,0xd5fc057194472d82e515ccacee976625ca9bde90,Augmented Finance: Reward controller
Augmented Finance 51,Others,0x774961cce0a8053fbf5b745231dab2878887c395,Augmented Finance: Stable Debt DAI
Augmented Finance 51,Others,0xf7433a50b136ad4a57d6fce5cd949ed4a3d5d033,Augmented Finance: Stable Debt USDC
Augmented Finance 51,Others,0x01455b220a79d8295455b72f70f910d44f747a1d,Augmented Finance: Stable Debt USDT
Augmented Finance 51,Others,0xfaaf18e9fe739cdf5230b37cf3692b1909fcf6da,Augmented Finance: Stable Debt WBTC
Augmented Finance 51,Others,0x14aa3f35e5167d774416eb3353812c4827a0f387,Augmented Finance: Stable Debt WETH
Augmented Finance 51,Others,0xf9fcb157f2f86a34762d42c4685d4d010f02226e,Augmented Finance: Stake configurator
Augmented Finance 51,Others,0x039b8f6c4ab5d61f6f656730ef95abe9875e4567,Augmented Finance: Stake Uni v2 AGF-ETH
Augmented Finance 51,Others,0x48c51152929e035b1fb4bc10a1a2a07363e5f42c,Augmented Finance: Stake Uni v2 AGF-ETH 2
Augmented Finance 51,Others,0x0c0d37e12583bb752a9670266df707b7a1e4e014,Augmented Finance: Stake USDC
Augmented Finance 51,Others,0xeedc7c75974f73355c84933b6ecf97f29c35e881,Augmented Finance: Stake USDT
Augmented Finance 51,Others,0x04c7966aac97e04deaa3b592cd3399a38dd5d5fc,Augmented Finance: Stake WBTC
Augmented Finance 51,Others,0x07dee4c654a7c50c1d5341cccf7af39f4ef8ae38,Augmented Finance: Stake WETH
Augmented Finance 51,Others,0xe59b9bea09e2f69efb4fa78fd8debfc9c78d9cc1,Augmented Finance: Static Price Oracle
Augmented Finance 51,Others,0x76cf0d6b66df22d963445178bc9fca54faa802eb,Augmented Finance: Supply aDAI
Augmented Finance 51,Others,0xd8396eebc91d1eae556ab4aa8474c6fd138bb270,Augmented Finance: Supply aUSDC
Augmented Finance 51,Others,0xd62fb73ba682adb9f949492f7a1bf65c09cfba2b,Augmented Finance: Supply aUSDT
Augmented Finance 51,Others,0xa264f1969de80a42f414ae39fdfa24df372992ac,Augmented Finance: Supply aWBTC
Augmented Finance 51,Others,0x3d5470f6247e003ea214fbeb8492755e0783bcca,Augmented Finance: Supply aWETH
Augmented Finance 51,Others,0x8fdda8fe65ed74f48f79eb4c1420b5533db9c048,Augmented Finance: Supply cDAI
Augmented Finance 51,Others,0xeab30c88986bcbb85a6be01b2da93b0465312c89,Augmented Finance: Supply cUSDC
Augmented Finance 51,Others,0xc33c93184a4f137df689cd91f10ca8aea5b95131,Augmented Finance: Supply cUSDT
Augmented Finance 51,Others,0xe56695938b6dbd0fb691156a3c5031bd00216b49,Augmented Finance: Supply cWBTC
Augmented Finance 51,Others,0x0afc9e01418ed39240679cee1a382f83cf8a6e89,Augmented Finance: Supply cWETH
Augmented Finance 51,Others,0x277ea9dce3abb2377142036a6ed81070dca4f204,Augmented Finance: Supply DAI
Augmented Finance 51,Others,0x1dadd1e4c06e50df13c53197f5a193a5a3792a39,Augmented Finance: Supply USDC
Augmented Finance 51,Others,0x79167b30ae9d49194ed9fdcdc011b22ed1bf0ae1,Augmented Finance: Supply USDT
Augmented Finance 51,Others,0x3621506cd4b70818848392d01837e20e3edd5340,Augmented Finance: Supply WBTC
Augmented Finance 51,Others,0xe9b34288d5d8ac7d93c392542b418e99cedefa89,Augmented Finance: Supply WETH
Augmented Finance 51,Others,0x824eb5a64024f7204c01cd2bcc31561a5182a829,Augmented Finance: Treasury
Augmented Finance 51,Others,0x3b0b4787a01591daf1bac616465167e9f7dcd18e,Augmented Finance: WETH Gateway
Augmented Finance 51,Others,0x34a20ccbdaed980ed971e8f6f9dd642fb8b3bf9b,Augmented Finance: xagDAI Stake
Augmented Finance 51,Others,0x55e8c9903e6bfb6561b507d986846253187b7e81,Augmented Finance: xAGF Token
Augmented Finance 51,Others,0x9b770715efc65030ddb5ed0719bb00654232a88c,Augmented Finance: xagUSDC Stake
Augmented Finance 51,Others,0x8f13a2f19d0c18b894835101f03ab3abd3f09248,Augmented Finance: xagUSDT Stake
Augmented Finance 51,Others,0xacf637999e062375561d2134be3e4c15a3c58ad7,Augmented Finance: xagWBTC Stake
Augmented Finance 51,Others,0x6e282b89b6d4d336852dc5c94689944a73cc6b58,Augmented Finance: xagWETH Stake
