labelName,tabType,address,nameTag
Augur 16,Main,0xd5524179cb7ae012f5b642c1d6d700bbaa76b96b,Augur: Delegator
Augur 16,Main,0x221657776846890989a759ba2973e427dff5c9bb,Augur: REPv2 Token
Augur 16,Others,0x87876f172087e2fb5838e655dc6a929dc2dcf85c,Augur Foundry
Augur 16,Others,0xd82369aaec27c7a749afdb4eb71add9e64154cd6,Augur: Deployer
Augur 16,Others,0x4925dc0baf2bcf7d20b19f5b2fc2be44e3806931,Augur: Deployer 2
Augur 16,Others,0xa218c65ac17b57457a60d57b689f7972416522ea,Augur: Deployer 3
Augur 16,Others,0xbcc9946143534e28c3bad116cea0f81b9b208799,Augur: Deployer 5
Augur 16,Others,0xc2b62022a90ab4132479c94b609723cf4c56e89c,Augur: MREP Token
Augur 16,Others,0x44ea84a85616f8e9cd719fc843de31d852ad7240,Augur: nTrump Token
Augur 16,Others,0x3af375d9f77ddd4f16f86a5d51a9386b7b4493fa,Augur: yTrump Token
Augur 16,Legacy,0x1985365e9f78359a9b6ad760e32412f4a445e862,Augur: REP Token
