labelName,tabType,address,nameTag
Axie Infinity 22,default,0xf5b0a3efb8e8e4c201e2a935f110eaaf3ffecb8d,Axie Infinity: AXIE Token
Axie Infinity 22,default,0xbb0e17ef65f82ab018d8edd776e8dd940327b28b,Axie Infinity: AXS Token
Axie Infinity 22,default,0x73b1714fb3bfaefa12f3707befcba3205f9a1162,Axie Infinity: AXS Token Swap
Axie Infinity 22,default,0x01aac5236ad205ebbe4f6819bc64ef5bef40b71c,Axie Infinity: Breeding Contract #1
Axie Infinity 22,default,0x01bf1d7c5e192313c26414e134584275f46271cf,Axie Infinity: Deployer
Axie Infinity 22,default,0xf5997bea71e1b66434eff247b3c584508df69895,Axie Infinity: Deployer 2
Axie Infinity 22,default,0x93a0d0b23c3d045f395e26850c1b64df7f3ab783,Axie Infinity: LUNA-AXS Token Swap
Axie Infinity 22,default,0xab4e5b618fb8f1f3503689dfbdf801478ff6c252,Axie Infinity: Multisig
Axie Infinity 22,default,0xf5d669627376ebd411e34b98f19c868c8aba5ada,Axie Infinity: Old AXS Token
Axie Infinity 22,default,0x1a2a1c938ce3ec39b6d47113c7955baa9dd454f2,Axie Infinity: Ronin Bridge
Axie Infinity 22,default,0x64192819ac13ef72bf6b5ae239ac672b43a9af08,Axie Infinity: Ronin Bridge V2
Axie Infinity 22,default,0x2da02ac5f19ae362a4121718d990e655eb628d96,Axie Infinity: Ronin Multisig
Axie Infinity 22,default,0x9ecbb8dbff5d32643fe308b399cef26d384875ba,Axie Infinity: Ronin Validator
Axie Infinity 22,default,0xcc8fa225d80b9c7d42f96e9570156c65d6caaa25,Axie Infinity: SLP Token
Axie Infinity 22,default,0xea1aa8035b766562e2bea7e63a4a1949f2bea31b,Axie Infinity: SLP Token Swap
Axie Infinity 22,default,0x65919fb2fea8a131129badec56e126ecc1bea979,Axie Infinity: Token Vesting
Axie Infinity 22,default,0xec0a0915a7c3443862b678b0d4721c7ab133fdcf,Wrapped Origin Axie : WOA Token
