labelName,tabType,address,nameTag
Balancer Vested Shareholders 51,default,0x9b71dbccd9ffb858899ef3244b09a5354b16048e,
Balancer Vested Shareholders 51,default,0xb0008192dad242bb58ccbc032587dffbd2096eb9,
Balancer Vested Shareholders 51,default,0xc9cea7a3984cefd7a8d2a0405999cb62e8d206dc,
Balancer Vested Shareholders 51,default,0xd519d5704b41511951c8cf9f65fee9ab9bef2611,
Balancer Vested Shareholders 51,default,0xdf290293c4a4d6ebe38fd7085d7721041f927e0a,
Balancer Vested Shareholders 51,default,0xf3638dad2404be2e95613737a4ad53ac0309c699,
Balancer Vested Shareholders 51,default,0x09c4c9dc17fe0ac408c5dfa784912fb9c0c95b25,
Balancer Vested Shareholders 51,default,0x19ae63358648795aaf29e36733f04fcef683aa69,
Balancer Vested Shareholders 51,default,0x22400f33726f0c62ecbac8ee0ba47c117ce5d429,
Balancer Vested Shareholders 51,default,0x4281e53938c3b1c1d3e8afd21c02ce8512cdbc93,
Balancer Vested Shareholders 51,default,0x5a1c53d17d9e5d81fa2b985147c78b3fdffdf51b,
Balancer Vested Shareholders 51,default,0x6aee9dc09702dffab334f3f8e6f3f97c0e7261f4,
Balancer Vested Shareholders 51,default,0x74c3646adad7e196102d1fe35267adfd401a568b,
Balancer Vested Shareholders 51,default,0x942eca417236c4b23b17720716aaa0cc92b0b28f,
Balancer Vested Shareholders 51,default,0xaebfe1e1bd01d4b6baf4b998e7b8dc93182d40e0,
Balancer Vested Shareholders 51,default,0xc75159987ab5bba7df82684aad12af3123a5f667,
Balancer Vested Shareholders 51,default,0xd3238d8be92fd856146f53a8b6582bc88e887559,
Balancer Vested Shareholders 51,default,0xdea0d77a9b02020acf075074881f370a31009982,
Balancer Vested Shareholders 51,default,0xf1f7c71cb81ceba1dc5fd659eeb144301df0dbb4,
Balancer Vested Shareholders 51,default,0x0ed9a1323db9653f4650de782ade8504617ecbd3,
Balancer Vested Shareholders 51,default,0x1cbad69d9cc22962a0a885921518c06ed2f04ffd,
Balancer Vested Shareholders 51,default,0x3c221e16a342a5ec114f7259a37ef42b0597c251,
Balancer Vested Shareholders 51,default,0x55031f623152cfb63c60a152238b9b3b28c568b0,
Balancer Vested Shareholders 51,default,0x6724f3fbb16f542401bfc42c464ce91b6c31001e,
Balancer Vested Shareholders 51,default,0x6e33b41e44ca2be27e8f65b5231ae61a21044b4a,
Balancer Vested Shareholders 51,default,0x91b9e59614995e13a32e36440ac524825f7ae39e,
Balancer Vested Shareholders 51,default,0xad3787b9e196804ac0be7cd6bd8a648acd60e1df,
Balancer Vested Shareholders 51,default,0xbb19053e031d9b2b364351b21a8ed3568b21399b,
Balancer Vested Shareholders 51,default,0xd09ca75315e70bd3988a47958a0c6c5b30b830e1,
Balancer Vested Shareholders 51,default,0xdceacfdc8679cc3223541e840a38627e8d2d9fed,
Balancer Vested Shareholders 51,default,0xe7a76d8513e55578c80e4b26fc61ee7d4906d4cd,
Balancer Vested Shareholders 51,default,0xff052381092420b7f24cc97fded9c0c17b2cbbb9,
Balancer Vested Shareholders 51,default,0x0b177b7f10faeadd6eee6d2cc46d783f460566c8,
Balancer Vested Shareholders 51,default,0x1c8bcb6348c84122e67a50e513a1e183c0e6929a,
Balancer Vested Shareholders 51,default,0x28af060e80e2c2105f6f834bfc46f4ce78f1f006,
Balancer Vested Shareholders 51,default,0x54c3c925b9d715af541b77f9817544bdc663345e,
Balancer Vested Shareholders 51,default,0x66c9e1e4fe518cebfe59c9de16e1c780ef5bacd3,
Balancer Vested Shareholders 51,default,0x6d5dda04760f0515dc131ff4df76a5188ffcdfcb,
Balancer Vested Shareholders 51,default,0xaa857ddce7b5b9cb17296c790cb40e8c11a3d4f0,
Balancer Vested Shareholders 51,default,0xba5c2f2165ddd691f99e12a23ec75cc1519930b4,
Balancer Vested Shareholders 51,default,0xcaab2680d81df6b3e2ece585bb45cee97bf30cd7,
Balancer Vested Shareholders 51,default,0xda6b2a5e0c56542984d84a710f90eefd94ca1991,
Balancer Vested Shareholders 51,default,0xe08a8b19e5722a201eaf20a6bc595ef655397bd5,
Balancer Vested Shareholders 51,default,0xf96cd1cf416b50b60358a17bc8593060148de422,
Balancer Vested Shareholders 51,default,0x0a29500ccc6af0b11c72d4e171d925eb0bb7ee15,
Balancer Vested Shareholders 51,default,0x1c39babd4e0d7bff33bc27c6cc5a4f1d74c9f562,
Balancer Vested Shareholders 51,default,0x242d7cd78cce454946f35f0a263b54fbe228852c,
Balancer Vested Shareholders 51,default,0x438fd34eab0e80814a231a983d8bfaf507ae16d4,
Balancer Vested Shareholders 51,default,0x5d76a92b7cb9e1a81b8eb8c16468f1155b2f64f4,
Balancer Vested Shareholders 51,default,0x6c1050226e3bd757e950141d3052c029c92c5768,
Balancer Vested Shareholders 51,default,0x788c0d59aee802ee615b3db138215862247f5960,
