labelName,tabType,address,nameTag
Basic Attention Token 6,default,0x0d8775f648430679a709e98d2b0cb6250d2887ef,Basic Attention: BAT Token
Basic Attention Token 6,default,0x3095a47305efd248f6ce272c2db01297a91e8c41,BAT: Deployer
Basic Attention Token 6,default,0x67fa2c06c9c6d4332f330e14a66bdf1873ef3d2b,BAT: Team Lockup
Basic Attention Token 6,default,0x7c31560552170ce96c4a7b018e93cddc19dc61b6,BAT: UGP Reserve
Basic Attention Token 6,default,0x44fcfabfbe32024a01b778c025d70498382cced0,BAT: Wallet
