labelName,tabType,address,nameTag
BitcoinSoV 6,Main,0x26946ada5ecb57f3a1f91605050ce45c482c9eb1,BitcoinSoV: BSOV Token
BitcoinSoV 6,Main,0x19e6bf254abf5abc925ad72d32bac44c6c03d3a4,BitcoinSoV: Time Lock Contract
BitcoinSoV 6,Main,0xabb58af7e64eb324895cb1c15c1865bb125e953f,BSoV Pool: Minting
BitcoinSoV 6,Main,0xde0d47fa92b4d616b100f5dd027fc91704b24b73,BSoV Pool: Payments
BitcoinSoV 6,Others,0x26946ada5ecb57f3a1f91605050ce45c482c9eb1,BitcoinSoV: BSOV Token
BitcoinSoV 6,Others,0x19e6bf254abf5abc925ad72d32bac44c6c03d3a4,BitcoinSoV: Time Lock Contract
BitcoinSoV 6,Others,0xabb58af7e64eb324895cb1c15c1865bb125e953f,BSoV Pool: Minting
BitcoinSoV 6,Others,0xde0d47fa92b4d616b100f5dd027fc91704b24b73,BSoV Pool: Payments
