labelName,tabType,address,nameTag
Bithumb 18,default,0x88d34944cf554e9cccf4a24292d891f620e9c94f,Bithumb 1
Bithumb 18,default,0x186549a4ae594fc1f70ba4cffdac714b405be3f9,Bithumb 10
Bithumb 18,default,0xd273bd546b11bd60214a2f9d71f22a088aafe31b,Bithumb 11
Bithumb 18,default,0x558553d54183a8542f7832742e7b4ba9c33aa1e6,Bithumb 12
Bithumb 18,default,0x3052cd6bf951449a984fe4b5a38b46aef9455c8e,Bithumb 2
Bithumb 18,default,0x2140efd7ba31169c69dfff6cdc66c542f0211825,Bithumb 3
Bithumb 18,default,0xa0ff1e0f30b5dda2dc01e7e828290bc72b71e57d,Bithumb 4
Bithumb 18,default,0xc1da8f69e4881efe341600620268934ef01a3e63,Bithumb 5
Bithumb 18,default,0xb4460b75254ce0563bb68ec219208344c7ea838c,Bithumb 6
Bithumb 18,default,0x15878e87c685f866edfaf454be6dc06fa517b35b,Bithumb 7
Bithumb 18,default,0x31d03f07178bcd74f9099afebd23b0ae30184ab5,Bithumb 8
Bithumb 18,default,0xed48dc0628789c2956b1e41726d062a86ec45bff,Bithumb 9
Bithumb 18,default,0x3fbe1f8fc5ddb27d428aa60f661eaaab0d2000ce,Bithumb: Contract 1
Bithumb 18,default,0x03599a2429871e6be1b154fb9c24691f9d301865,Bithumb: Deposit Funder
Bithumb 18,default,0xbb5a0408fa54287b9074a2f47ab54c855e95ef82,Bithumb: Old Address 1
Bithumb 18,default,0x5521a68d4f8253fc44bfb1490249369b3e299a4a,Bithumb: Old Address 2
Bithumb 18,default,0x8fa8af91c675452200e49b4683a33ca2e1a34e42,Bithumb: Old Address 3
Bithumb 18,default,0x3b83cd1a8e516b6eb9f1af992e9354b15a6f9672,Bithumb: Old Address 4
