labelName,tabType,address,nameTag
Bitstamp 9,default,0x00bdb5699745f5b860228c8f939abf1b9ae374ed,Bitstamp 1
Bitstamp 9,default,0x1522900b6dafac587d499a862861c0869be6e428,Bitstamp 2
Bitstamp 9,default,0x9a9bed3eb03e386d66f8a29dc67dc29bbb1ccb72,Bitstamp 3
Bitstamp 9,default,0x059799f2261d37b829c2850cee67b5b975432271,Bitstamp 4
Bitstamp 9,default,0x4c766def136f59f6494f0969b1355882080cf8e0,Bitstamp 5
Bitstamp 9,default,0xc5b611f502a0dcf6c3188fd494061ae29b2baa4f,Bitstamp 6
Bitstamp 9,default,0x964771f6df31eea2d927fa71d7bd78e81bcdce05,Bitstamp: Contract 1
Bitstamp 9,default,0x538d72ded42a76a30f730292da939e0577f22f57,Bitstamp: Deployer
Bitstamp 9,default,0xfca70e67b3f93f679992cd36323eeb5a5370c8e4,Bitstamp: Old Address 1
