labelName,tabType,address,nameTag
Blocked 661,default,0xf15630eccf1e13508721313ab67422e4897ce008,
Blocked 661,default,0xf26fa4f2aca8b607755e8620c7163be8e4a73a27,
Blocked 661,default,0xf5e9f38e559cf86b5eca5e78c4dc71e2268660d0,
Blocked 661,default,0xf6ec8d867a227ff5f84761407da1f85826c17797,
Blocked 661,default,0xf8e85302bb65e3086f555637757ff0cda241562e,
Blocked 661,default,0xe09378e4cc630a8809116b97321f4e014942ede5,
Blocked 661,default,0xe1c07043104b4bcd3455a20dc804b1c9f8a5da39,
Blocked 661,default,0xe350708b71243ccd55cdd18833cdee5051ee378e,
Blocked 661,default,0xe4e02c0e150720a277e6643153f8ed88249e3104,
Blocked 661,default,0xe5d7dee3e3888baf1f9bc765713c0e23ed1a4513,
Blocked 661,default,0xe803a8bc090e922aedfcbcdd1efea99582efe3c9,
Blocked 661,default,0xea582df503a868b0222da3c849e836b6334e1ef4,
Blocked 661,default,0xeb683e618156de654ed110c06a414bfa5c3c39e4,
Blocked 661,default,0xec046b20d26aedcaad476e21f22feb00ca0ced5d,
Blocked 661,default,0xed700411613b53911add5a02f0bce9ff51f94a3d,
Blocked 661,default,0x49e48c946593d793e0ea06ceb371eeb3e5a1ea52,
Blocked 661,default,0x4d195277855c60e09ac8c25dfc95d4768e1f1332,
Blocked 661,default,0x4e220a522a7473319534968e5935f54755c1ed29,
Blocked 661,default,0x4ea95fdaa57b8594b7ef740d2a7e163e05c67b59,
Blocked 661,default,0x51d0d3a1912263bdf3b103ad13b6b03598c5680d,
Blocked 661,default,0x529c3a6253e803fe6cffe9b8f3eb735df2e19c28,
Blocked 661,default,0x5435ee8414d495d6eb15c79f5b10ed5f6684f448,
Blocked 661,default,0x552804d08eb7abbf89c131e4c4b1e9e259d90751,
Blocked 661,default,0x58f2f452b5500a95e92b1c8b8ca44e996712606d,
Blocked 661,default,0x5aaace475669ef0be27b241ee7eceb74ea5e36b7,
Blocked 661,default,0x5da7970bc6b14e31cc0ee64c94bf347d16e33d04,
Blocked 661,default,0x5f30e761b5f8274dd04ee0c4b1a15952d202be47,
Blocked 661,default,0x61a16fc2e352647ac9c130be6742ced32c911dee,
Blocked 661,default,0x63489f0a8493d84309589d75b791da315e67d35b,
Blocked 661,default,0x6566fd32e6440b4268d616479707321851f354df,
Blocked 661,default,0x024461600cca3b7746ae389088f1d5c06b5e90b5,
Blocked 661,default,0xb85417903d68c0f1a40412a5abeed49e633ff708,
Blocked 661,default,0x0582aa82344b23374d065bd9de9e1a379061f467,
Blocked 661,default,0x0643d7ace2912ea4243c222c6156806881860dc1,
Blocked 661,default,0xa313d59111aee950fb517c4b1c336d3a3aba6bec,
Blocked 661,default,0xba0a72d6c4912e9cf8f4407e7c469e3afae4fb35,
Blocked 661,default,0x07aff5c0cc27473c3e4ac359e7a2372d85d556e2,
Blocked 661,default,0xa490436844c1e653f1d6cf0959d7eda71da472d8,
Blocked 661,default,0xbca3ab082206c053e9133236fd58b530000eda22,
Blocked 661,default,0x096e0a00d6d18f68f6e3e88e3101bdd030252230,
Blocked 661,default,0xa6424dcbc756427724e9ab24b9ef41524b07d4f5,
Blocked 661,default,0xbe6afbf9a85a65b3c3a77f9e7f4006da11cc82c3,
Blocked 661,default,0x0b52f217b46f53d13001b058d2be65101b691281,
Blocked 661,default,0xa7a621a76bd0aca522dfda21573a72e7e313b42b,
Blocked 661,default,0xc0302dc505906e967c333fe31b470a8b76d90602,
Blocked 661,default,0x0d4487d29d825f6199c907402c8699bf7507fac6,
Blocked 661,default,0xa8d1a4f9c3a26eb19e5b585e16a384311b7fb1a8,
Blocked 661,default,0x0ea0a0a322576fcdf5a8b76168a1e49c5f86cf4e,
Blocked 661,default,0xa9e8c881b448e9e18ca3acaaf1e7cd69ab68c81f,
Blocked 661,default,0x1097850b35dfecd1b7e7ce9190aeba45c6c2b1e9,
Blocked 661,default,0xaaae21b96542cc52d9e0f8e7b74cfb171d6ba339,
Blocked 661,default,0xae9570eb8d56adb65d6c64eb28771fe300d62a2b,
Blocked 661,default,0x13045d03de74254b0cbb88780ba48cd726764707,
Blocked 661,default,0xaf33b8f70e803b812e01ac67674eaeaa233f0fe1,
Blocked 661,default,0x97005d821905bd11ca0574cf0319956e4c7eec09,
Blocked 661,default,0xb0c5f3100a4d9d9532a4cfd68c55f1ae8da987eb,
Blocked 661,default,0x0000000000000000000000000000000000000019,
Blocked 661,default,0x98e2e73b8bebbd693ac1fad90c21a378b27a344b,
Blocked 661,default,0x00000000000000000000000000000000000001f2,
Blocked 661,default,0xb31d374d54ffcfba5330ece49aa50c07380c1948,
Blocked 661,default,0x000000000000000000000000000000000000129f,
Blocked 661,default,0x9c399c4859c95330d4cd03dbedd8f03566b1ab70,
Blocked 661,default,0xb3b4be9db6f4c3a0eccf9c40ccc97c73ad0cc14d,
Blocked 661,default,0x0000000000000000000000000001fc24fe892306,
Blocked 661,default,0x9d9f3c80dd99420da1f183aeeca74d93b8c7a08f,
Blocked 661,default,0xb4f6cef96e36fba2ebfabd8ea72720910debee55,
Blocked 661,default,0x0000ef2a62c7c7580db66bbb50e1a913f0cc0615,
Blocked 661,default,0x9e570f7c7068b4accc519dda3a92544cd5947692,
Blocked 661,default,0xb66a58e0aaa66b2ef9822c75cb577d336acb00bd,
Blocked 661,default,0xb7a62b9729034fecfcab7ee4256a4ba983eecf7b,
Blocked 661,default,0x8946a15b530c435fc0fe221f9efad6faa68eeac2,
Blocked 661,default,0x25d33526deed7ef7fbf280e0ae64ffa2885797a2,
Blocked 661,default,0x396213452da6b60aca7c487f6c3f2260a99cadfb,
Blocked 661,default,0xcd7b4175c5baffe29422fca4dd15615336f25386,
Blocked 661,default,0x6a715c4cd36a00bf61994f15c725063f7ed692c3,
Blocked 661,default,0x8a88ec253662ce5ae2600be6a38c17624d3332ad,
Blocked 661,default,0x27889548c9d767e48e45b2f07ef3cf1faa5b2a97,
Blocked 661,default,0x3b00d4664b9921f9f7b3d07f64401cf0a9de7213,
Blocked 661,default,0xd1359596738c8bb8f4076a6b93e3a6a94d7b0fc1,
Blocked 661,default,0x6c3ce666a5b030e82d08881216d4aac582604f3f,
Blocked 661,default,0x8b37d9a0eb0ffef19d2082f7c7becc36f4625051,
Blocked 661,default,0x2a4f9e8a8071adf0b6be883644c4f4910c3d1c30,
Blocked 661,default,0x3cbded43efdaf0fc77b9c55f6fc9988fcc9b757d,
Blocked 661,default,0xd51ca0d0f7a73ae13f3baf955837c20c7d247f99,
Blocked 661,default,0x6e2bf7cacc44df65cb97af11548e18d9dd0559c9,
Blocked 661,default,0x8c37b927fa392ad0b1890c8fb49fe939563f768f,
Blocked 661,default,0xd5faed37a99373c218a73149f93e47ce1c983dfe,
Blocked 661,default,0x6f29b5b1462f3875e5e39c9fe5143e1a1fd85ab7,
Blocked 661,default,0x8df2a8c10a7ee001d6e4e0d96704eee59e685f12,
Blocked 661,default,0x2cedfa2a7f5e1102830b81759b95353c08973386,
Blocked 661,default,0x40d3c991b9cecf8b390f3622bf4cb9418283e57c,
Blocked 661,default,0xd7c61645a6cf816897272060331b670896370075,
Blocked 661,default,0x6f5901e3c53a51fce8edc15f6fa2b01b24226dcc,
Blocked 661,default,0x8e80b88620e0a2395a46a5fa639e19cb0c493974,
Blocked 661,default,0x2e2b305cfd35ab22a767b67a8bf5dceb75c8dc7d,
Blocked 661,default,0xd882cfc20f52f2599d84b8e8d58c7fb62cfe344b,
Blocked 661,default,0x707176b584d0ae0c77d3035da8686f8b58cda73b,
Blocked 661,default,0x8faff11fde21191e7fd50806dcbcdd49265d51a0,
Blocked 661,default,0x31083543ef3e76447bb44b2d089c8cfbfb1fde82,
Blocked 661,default,0x42d8568c56c44e070f51ff9d268b6388ef2f846d,
Blocked 661,default,0xd9a330f648dc9073a939774d3f7233ed2a2e79f0,
Blocked 661,default,0x70dce8efe47f46fb5511e4c3aa49a59c8f0183f9,
Blocked 661,default,0x92cf4d125b904864b016c8c10b7a8e8504060a4e,
Blocked 661,default,0x45412c2a74ff5a3a282e49fc163e4d8c72e25d1f,
Blocked 661,default,0x14675623b1d8fcaa086ebcc82ce5d390d6c681c3,
Blocked 661,default,0xda4b8c2952be2aa9c5466708cf1f3589c185c937,
Blocked 661,default,0x722d6a30631f99656f3c1a0c5e4ab486ee7b8dc6,
Blocked 661,default,0x94bf8a5ea95c837f72729abe0fdfb249fa9e6880,
Blocked 661,default,0x15cce358a48bc3f2a4b346e1b4ccca90c552910f,
Blocked 661,default,0x735ebe3ed47877a11023b904054a0ffe44e91ab7,
Blocked 661,default,0x4787946e27ba984b1f7de57469fba64c859a2a4d,
Blocked 661,default,0x18a433b71d4fb79eebfedf20a1eb60c7459132a3,
Blocked 661,default,0xdcb7ecf4e68641904ecb9a6e4e70a6fe691ab9e3,
Blocked 661,default,0x74b76a5ce326bcdab7c9ba4c8b4c204cc42b1cb2,
Blocked 661,default,0x48549a34ae37b12f6a30566245176994e17c6b4a,
Blocked 661,default,0x19bd896186bdc727afa03b8ac8516939d95f9da9,
Blocked 661,default,0xdd1072cd2cb592721085d439baec0130c1208265,
Blocked 661,default,0x75954b2cce7726b1afba2c1bc7724348e3dd1b87,
Blocked 661,default,0x7c73e2eba3d1f73d1d45e4d74168cab6b9ce3964,
Blocked 661,default,0x4933038d1ab1e8d042c3944fee2c2d4cb2b02fcf,
Blocked 661,default,0x1b0b7607bc9df784f707c82e84410d7dfae3d006,
Blocked 661,default,0xdfd438220b274d507711b107fb909395ce3824c7,
Blocked 661,default,0x76cfc13743a1150c9126108fdda9d59dacd67c63,
Blocked 661,default,0xfae3ff7e05d921c1d48bbe6676ef5c902e32c801,
Blocked 661,default,0x7e7d6cc7e8a376828ce66ae187ac2a43cddf8fa8,
Blocked 661,default,0x1cac2a92628989a0af7889a82d4deb40b53d1279,
Blocked 661,default,0x315a3e57f294e6db9c04a0cc05f8440057d55ae1,
Blocked 661,default,0xc13243044cf19011421a441251fcd18e4945bc27,
Blocked 661,default,0x78bc05de11d5504beb9857bf20418240d7d64af6,
Blocked 661,default,0xfc4e7e1a5508636cd54b5e279c4e2b34eb0675ef,
Blocked 661,default,0x813ab3d3618420057b0d27106ae4f2a4a10ac056,
Blocked 661,default,0x1ddb6557315f58362dba3c37d55eec83023a8ec3,
Blocked 661,default,0xc455f7fd3e0e12afd51fba5c106909934d8a0e4a,
Blocked 661,default,0x7a6d37d7637a4ae334a8bec5a3ae414460c4ff5b,
Blocked 661,default,0xfe43306b8182d1c7af3ea39c324ab5bfd1d74ac2,
Blocked 661,default,0x83736a07ff573e9bd06aaff4302c58ea756a6072,
Blocked 661,default,0x1faf4344beaf9c90f9ed2cd2fdae0128063e6ae5,
Blocked 661,default,0xc6bc4d60f83508c933cafaec515a8f4fa7776ac3,
Blocked 661,default,0x66bd27b6a12ebc6b6ce6285c1ab351e216da86a9,
Blocked 661,default,0x85498e42e71a4bdfe67aacde2639aaa641c4d9c9,
Blocked 661,default,0x20d99ca2c88b20e34f5d7f7e5fdc61c9181c6732,
Blocked 661,default,0x3602f3a38ebe0077a187bac005c11d93fdc92335,
Blocked 661,default,0xc975d1ab6caf6bcba3dd4c5203f74febbef1609f,
Blocked 661,default,0x68c132f3cc84d7871e3f2eb9ddbfdc8afff2a677,
Blocked 661,default,0x86d086d67bfc744f5992081a707be96900ac7025,
Blocked 661,default,0x242d65529f330751baf13120a0cf5face08ca9ca,
Blocked 661,default,0x37e77753fb405ece1164b7179ca4800c99f5c7d8,
Blocked 661,default,0xcb55cdf44032cfa3e48610749bd60b89fc90dc9d,
Blocked 661,default,0xf041c501f16891a2b23f7d3fde5105c80453db92,
Blocked 661,default,0xf240af30cc65b9900a3c3e5b5990f38125e4095d,
Blocked 661,default,0xf2bba03cb436013ceb5bca624ad8a9aa2870a78a,
Blocked 661,default,0xf5a7cf1ef787f09eef1fb75d4a0ab9d651fa1da0,
Blocked 661,default,0xf6a5d0770bf4384c7917b6b92d646acb08fa7739,
Blocked 661,default,0xe0673ad293b32a86634c38f65402bd5f22d2aade,
Blocked 661,default,0xe16ea22554b5a99457abfbb79bdc18e3221a00a0,
Blocked 661,default,0xe233b8ca914ef98918b87d934c879095af71d75d,
Blocked 661,default,0xe9e9afac38e64728f1afbb2b65dec7be7c704c05,
Blocked 661,default,0xebff9038fc52040272cc17d7a99fc903031d8643,
Blocked 661,default,0xed65af79c9a6783563cb40a824d51cb2abbef6c2,
Blocked 661,default,0x4cd1761af5c771fb4046ed0f6ed39239f466f63b,
Blocked 661,default,0x4debafea523bd94dbe030836e1dd3b6e64a79ea7,
Blocked 661,default,0x4e73c5f93b3de80cac4c3474039b313e2e8ae799,
Blocked 661,default,0x510f22f7f28a82c8ce7a6e3703b4b0809aa9f1c3,
Blocked 661,default,0x5291da2bd63ca984323877be35135f98ee164117,
Blocked 661,default,0x53ba94ac472dbec5ad4cb28da03e366f73db45ec,
Blocked 661,default,0x5512d943ed1f7c8a43f3435c85f7ab68b30121b0,
Blocked 661,default,0x56ac6ba3a0dac34ceec4096a5db8fd3739a967f3,
Blocked 661,default,0x58259c48a2221fb740daee38bd69ff1fba01b6c7,
Blocked 661,default,0x59d0d7c64fa4616f22f832ba56d78f6dc12b3aef,
Blocked 661,default,0x5cb182a51c452937abecc9e81a9663efbeb425f5,
Blocked 661,default,0x5eb95f30bd4409cfaadeba75cd8d9c2ce4ed992a,
Blocked 661,default,0x60bd000b619e7ac467f9581a991d69338db18dba,
Blocked 661,default,0x6239d6cdbd7605b599b79d72004209f12adf0caf,
Blocked 661,default,0x49662eba5ae85c5d2a64c6e59021b5c5831ecff6,
Blocked 661,default,0x021cde4419076f3d1bca2077157937e390ad72b3,
Blocked 661,default,0x9faf5515f177f3a8a845d48c19032b33cc54c09c,
Blocked 661,default,0xb8500fb47adeda3c0262e18e333f432aa6ac8ff1,
Blocked 661,default,0x05594df248cb01f8046aba8a37d744b99acb6d9f,
Blocked 661,default,0xa0e283a75e498fecae3a5bd0170d89b9fc26bce8,
Blocked 661,default,0xb8a886423d63063b67638ca29f849d8df611ef00,
Blocked 661,default,0x060c676d9bd33d4eb944f3b6c19b3ac9eaa9ef66,
Blocked 661,default,0xa2f2d51852fffd9f4c81290ca8332a87b277724c,
Blocked 661,default,0xb964bdcf25dea43b9fd0550d4f8b55585a539764,
Blocked 661,default,0x0763fa09cc7d60e734c670d327d11b3a8a3f7776,
Blocked 661,default,0xa41fc53e6cb56258b1014564e0dca5879bb6a06b,
Blocked 661,default,0xbb821eee8a84b99a1c88c93913b34895c47d9911,
Blocked 661,default,0x094904b9816493aba8a246aec82e0d04a81dfd9e,
Blocked 661,default,0xa60fcac8a4cf70af2a2e0c0cda73afef208c6daa,
Blocked 661,default,0xbdaf3e422d2cfa10f34c59f7151dd31499a426b5,
Blocked 661,default,0xa7610b2ba35756bb01384debea3cb0f0855247b1,
Blocked 661,default,0xbfe192bde24d347cb3b7f0175e8003e30f347a28,
Blocked 661,default,0xc10f8f4b135dcf90b35f4fd02398f845ed38c169,
Blocked 661,default,0x0e82e631bfdf5ec6d0389abc56eee40281d98842,
Blocked 661,default,0xa9b324a17dbd851ecdc543bdf17448a10611ce36,
Blocked 661,default,0xab019806fc72bfdfeee1331798e13e707db020b9,
Blocked 661,default,0xaa6edb1f014838440d5d3a2c489c5fb0a2d910d5,
Blocked 661,default,0xae1c66afd3add84f1054a86268b10dcf7567b95a,
Blocked 661,default,0x12ed624dbe31a7c49e4a9f8fdbb1eb3365847515,
Blocked 661,default,0xaad73d4523a41c1eb595683606c10448dc957a82,
Blocked 661,default,0xaf0f30d580d1ace6e81ab3285786e14d91a118f8,
Blocked 661,default,0x96de2b69a47686e34769ffe50f97bd3dfaab2347,
Blocked 661,default,0xb05686a17ed23360d6bbb37652bc0424b12af5fd,
Blocked 661,default,0x0000000000000000000000000000000000000018,
Blocked 661,default,0x98a65067424a2a512eb22d0919bf772d4acb7dd4,
Blocked 661,default,0xb1e22a5b9d7d4163f834b3247afe119122b10175,
Blocked 661,default,0x000000000000000000000000000000000000015d,
Blocked 661,default,0x99fb8ea7fd859c1d8425f4f7a024bf355db476d9,
Blocked 661,default,0xb2e77a7370dfa7949bbc05f22beb1967f63dd699,
Blocked 661,default,0x0000000000000000000000000000000000000fdc,
Blocked 661,default,0x9c350fe2ae9c47fa402312cfc3f17719566a0335,
Blocked 661,default,0xb3282c5caefb26c24e462e828ea977d8dfe9effb,
Blocked 661,default,0x0000000000000000000000000000018148086009,
Blocked 661,default,0x9d8da58bfa9df34917958c553c21b134a8395c01,
Blocked 661,default,0xb4da3ea40c2548765ca5ba8a10c0cef3c24f5ee6,
Blocked 661,default,0x000000000cd2ea93ac6de3054ad27667ed965a81,
Blocked 661,default,0x9e1a5c1bbfb0e6bd11a52fff463ef5bbb449bfcd,
Blocked 661,default,0xb60fbba496bed5dfc3be19b90a892351b07abb2b,
Blocked 661,default,0x00c4afd0a80c3699cd31f585bdc8bd373d818123,
Blocked 661,default,0x9f1c87c3224dca911f6412fba5865c30647bddb1,
Blocked 661,default,0xb7944bfe170986fd6230b4c18bc7072cb485686e,
Blocked 661,default,0x891cb46cf734538cc52eff7b68c9edd8e07ff2c9,
Blocked 661,default,0x257aa0ff90d49808adf31326fd8aee2b6ab44ee8,
Blocked 661,default,0x38cbe416e56585425993a38aa8e8ce49e915423f,
Blocked 661,default,0x6a35326f5cdac8e46c645abcd9cb0731997cc603,
Blocked 661,default,0x8a160cac2f51f0365f92114837ee1cc8c5f9acb7,
Blocked 661,default,0x270e7b73aba8232b2dbfed6b4667b13f8bd868a0,
Blocked 661,default,0x3ac4a91b718b9845d4519936ea4db8fb2a6ec115,
Blocked 661,default,0xcfdc3640e0feeda6e4900a487a897aea8df6a3a2,
Blocked 661,default,0x6bb8cf7f1daf7818c0ae6db2eccc75711cb4eebb,
Blocked 661,default,0x8aebed593fddbee769ddd2776ea5bdd2b8ce0bc4,
Blocked 661,default,0x29e7e2ccad6cd025a9b03fedcdd344eeba19cf76,
Blocked 661,default,0x3b9f47e7054cd07ab58837cacf8fc3c0859f0854,
Blocked 661,default,0xd4eeb14bfdf9658c0732f89dc9bc662a2a2ee5d0,
Blocked 661,default,0x6dd9a2ff7617c07a2bda29b44b1ea22c257ea7a7,
Blocked 661,default,0x8c15480b2b67672cf8023f1fed5138f1eb43032b,
Blocked 661,default,0x2b19d941d6a639ab9a3a70555c34cbba47a52076,
Blocked 661,default,0x3e732383de30e25ab0cafbe05bc3aab0eef86129,
Blocked 661,default,0xd5d4fe47f66723e45a41c941fd0177449967273d,
Blocked 661,default,0x6f1ca141a28907f78ebaa64fb83a9088b02a8352,
Blocked 661,default,0x8d411e049106ed724029649d455b12981c83dd38,
Blocked 661,default,0x2c77621324be3bfeefdc5e25204af6db88ff798a,
Blocked 661,default,0xd79b37ae5ca33e674b979324ec966c152248d6f5,
Blocked 661,default,0x6f4617a2b686e722fa7550caec775148c20b8626,
Blocked 661,default,0x8e5a9922f6427d05af990627b0758f4beed17adf,
Blocked 661,default,0x2dd2eb56cd4cb11ec41d413ccb2957474858db9b,
Blocked 661,default,0x41860c3914c55ad6f63d5c6fd2a2cd6c893a2fc7,
Blocked 661,default,0xd86592a45dd5c77f233b0422212ff3c1ec304d96,
Blocked 661,default,0x8f9538e45a4434bdc8551d24a2c61097082f1cb0,
Blocked 661,default,0x42b07bd8c55bfe4d20c4be2d62bc2c0d905ef9e7,
Blocked 661,default,0xd94bb87e0799222fc1e44fa34fd73b6aff220f82,
Blocked 661,default,0x70be75aa9df59f9eb52ce1ef4f02e33ef52a6c14,
Blocked 661,default,0x9114de4df6a8d2def725c6a40f5fa9a8f4049fe5,
Blocked 661,default,0x44281fe195402ed29c8067ef107c1dd4b6fbefb2,
Blocked 661,default,0xda3240dec8afac34c6dd7c84fb64603676142c57,
Blocked 661,default,0x7202e03b5cde32ec58e7fdfbde853173570594e3,
Blocked 661,default,0x94b73aea0d688af50ecc1195a06d470e20c2b3c7,
Blocked 661,default,0x461270bd08dfa98edec980345fd56d578a2d8f49,
Blocked 661,default,0x15ae596e333da3f41c9e7926cd5c028f42647af4,
Blocked 661,default,0xda926989cf0000bae2b4f53070407b2cd6b4f23e,
Blocked 661,default,0x72c7ca996bb133acb16e9963c9f955a5b04edbb0,
Blocked 661,default,0x95ad9f76655b958b1f7c0553b15355bd7e38cf49,
Blocked 661,default,0x47409050f0ced07aac3dae0c48aa6fe8db63455d,
Blocked 661,default,0x17d25a67781122e89bcaeba36a5c72a4aa809e4e,
Blocked 661,default,0xdcb7a40366e4c3b35cb30026040a4f84e2a94c11,
Blocked 661,default,0x4847761d6576f911345ae2998397e6d4dfb2ad73,
Blocked 661,default,0xdd064d6fd70d736dc773430ac62cb5023cfcc65f,
Blocked 661,default,0x75720b408dec3110d4432f9a87498261968efdc6,
Blocked 661,default,0x7bc2326599db178d200d2a7b7ade3938be413770,
Blocked 661,default,0x48badfa52ec26d335e775e2c9587e023e9990260,
Blocked 661,default,0xdf57e7b1aa3010850000f878fc8d6a4d1221bca9,
Blocked 661,default,0x76cd1cc6999a22903ffdc3a529086304c4bb780c,
Blocked 661,default,0xf9e80a5f300944bfedf2816cbe72b1981c6c5ee2,
Blocked 661,default,0x7e5c85bcb39b59e9910f6e271e20433c7b0561c4,
Blocked 661,default,0x1bcc27cc9314e7851a9ff65f096c6e6a45f8a204,
Blocked 661,default,0x781ade5b26e54acfe07bbcc9fa280b12f1b81a5b,
Blocked 661,default,0xfc2e4db1e01a64384395230d49ac810362895923,
Blocked 661,default,0x7f4fddcc0ee2d3b8e1fa85e27a4cd8210b967980,
Blocked 661,default,0x1dd16a5e2fb1d69529f7a37c4717a77035fc6682,
Blocked 661,default,0x3365cff5e0970fbb2cf744796901002d9987c0dc,
Blocked 661,default,0xc390a623aabd2964dc72ed8a8f1bd26a8aabd200,
Blocked 661,default,0xfd846ce81f9566e34790946078221c93f777a419,
Blocked 661,default,0x832970f1bc731d8119bf022072bb1015e3ad87f1,
Blocked 661,default,0x1f36ecbd76f05f631a98932195a19b4b0494949e,
Blocked 661,default,0x3431bb7a9a1d229928a090ae21bbfad59e15df33,
Blocked 661,default,0xc64df3b364857330a0c777ce7771e5f180b41456,
Blocked 661,default,0x84cbe3dbe1fb4002ea60b71dd21f32c76dc89c91,
Blocked 661,default,0x20be90ebfd8395a34740db71d670d99da93b10a9,
Blocked 661,default,0x3598e420d848a8661e266adc7793f2c0f13e29ff,
Blocked 661,default,0xc8d3207ab730e1efe4dcb218993e409d48ed9052,
Blocked 661,default,0x686b8b7540a6f8174afb76303719234c8cc2b1dc,
Blocked 661,default,0x86aba7b5d13d8013462914ffe5bfeb10a02ee665,
Blocked 661,default,0x23477020918e082ed756a6bbf5c0814e83835121,
Blocked 661,default,0x37cd869582ddcc9db0cee5c587105cb597a9a76b,
Blocked 661,default,0xca1e057ce2fedd18c3b9323b64710c89eb5c607c,
Blocked 661,default,0x691adb34fc64391bb7e37aa26a3138708fdc551b,
Blocked 661,default,0xee5e98d9902e8158965c0b87364c3bb418754da1,
Blocked 661,default,0xf1c9d8d440d0edee975f6d525d439c4360492884,
Blocked 661,default,0xf2a03f9503e0d754dfe8b93d962db487d20c2178,
Blocked 661,default,0xf4bac22ed37c2229107f7d6e4cc9d120da456496,
Blocked 661,default,0xf6182f9b5a485110b80ae1eefcb554fe8975abbe,
Blocked 661,default,0xf768308c448ca951f0fb2487cebe5598c8fb40e2,
Blocked 661,default,0xe01df2813742b890d5d7e10e2304ba54f586f93f,
Blocked 661,default,0xe0fe2b4c9f7d58a05b4a16b71ef8afb42557aef2,
Blocked 661,default,0xe21e7457ffdee184f540d8e4749ef183504f001c,
Blocked 661,default,0xe453f4012c868cb25a0b987fa8d2a60f28300082,
Blocked 661,default,0xe573e321170a5419697b6355cb829dd9200ed248,
Blocked 661,default,0xe74f306bfbff84f675fdceb770b157b70b017169,
Blocked 661,default,0xe8f762f264a2d4f0c6f3b6f0b3c1926a67962b2f,
Blocked 661,default,0xea96a3c2dce9ea37a477ebbb892ee67e66e7f808,
Blocked 661,default,0xec13cfe6f132fd976f93ef9cb5f103df0eec694a,
Blocked 661,default,0x4de23f3f0fb3318287378adbde030cf61714b2f3,
Blocked 661,default,0x4e6d4f64f0a72e54f43b148706e85a1a0f7c7b06,
Blocked 661,default,0x523eeafdac23fa2cb0c3873cda4818cdc80e28e8,
Blocked 661,default,0x5357ca709f0469c4a4de562d96cfec65e87e7e8d,
Blocked 661,default,0x5441bfcda141759eaae9737a28cb2f9fd43e8869,
Blocked 661,default,0x5665b926c0ce90f595231683c29ce17fbf33b459,
Blocked 661,default,0x579aec2e6c3d505c38d480490333ba4038cd8abd,
Blocked 661,default,0x59639d3f2df85212c2b317cc10e543082445756d,
Blocked 661,default,0x5c3cb9a9d0bc64be0bf57cd877c4f345b99b1412,
Blocked 661,default,0x5e98f0ffef7aafa75d18f24dc7a35171b4d03142,
Blocked 661,default,0x60665b420b0fb1d04ef775b3d5dca2228e367377,
Blocked 661,default,0x61fa37346147117325b92bcafa82d7dc215eed2e,
Blocked 661,default,0x641a67e0583f05e3fb93fce93bd3bdfe47301c3e,
Blocked 661,default,0x661be0562b31e9e8ddc2a7c93803005a1c71d749,
Blocked 661,default,0xb805c79f03a4230170b4c1d0ff3bb6c070c79d11,
Blocked 661,default,0x029c2c986222dca39843bf420a28646c25d55b6d,
Blocked 661,default,0xa0820e7e310a061d92df27540d369f962b708e09,
Blocked 661,default,0xb89d8a7c56241b550a6f8a0938bbbb2e2fe3166f,
Blocked 661,default,0x06083c4d615920cf267b53550b265497155ce71a,
Blocked 661,default,0xa1ba11daa1ca5307b8e31b2d418328bea6fdc6b7,
Blocked 661,default,0xb95c8faf817c5c9385cec66adbeec4c0127659b2,
Blocked 661,default,0x06c048c2afb355b22b76d73b4ec244a862e7e260,
Blocked 661,default,0xa3e07fd099ff52d79d743d8c0e728947db48c638,
Blocked 661,default,0xba6b1e0dbedd00707981a84946cde8e556ce259c,
Blocked 661,default,0x091bd12d1ae092aefb4e8dbcafd2982302e4d686,
Blocked 661,default,0xa58b120028938cd52a673b366b3a7b96142cabd7,
Blocked 661,default,0xbd3bd0f937c00486342699c9954df119edb239ae,
Blocked 661,default,0x0ab18527970d8f3c5faf22dfe96f4970cc849002,
Blocked 661,default,0xbf61c98424f7894b72fdeb8eb0672993e087f717,
Blocked 661,default,0x0bf0143b288d7456cfa2abb9c29e538d2de324da,
Blocked 661,default,0xa7e5d5a720f06526557c513402f2e6b5fa20b008,
Blocked 661,default,0xc0db456cc0c9d71e793eeaca61148c0473e8bbb2,
Blocked 661,default,0xa95662473f0bc4644dbcafdabdec17922d042def,
Blocked 661,default,0x0f3b3ac549719e2d796c358a61ea26fc12ca0c6d,
Blocked 661,default,0xaa05f7c7eb9af63d6cc03c36c4f4ef6c37431ee0,
Blocked 661,default,0xace03f077ab93edad192aa32940699b1f445c7dd,
Blocked 661,default,0x120826b3f10c4d5fa282d7d9c6bc31c5fbd5134f,
Blocked 661,default,0xaad31691c0a725bf847da5a5236e813132933f3c,
Blocked 661,default,0xaed4fa526cbf10ccdf6278a871b3155d7ce21664,
Blocked 661,default,0x98393fee5171c20092f5d0a7b57aac413ba9538f,
Blocked 661,default,0xb179fe021147bae18c00feaa8e09183a36429d43,
Blocked 661,default,0x000000000000000000000000000000000000001e,
Blocked 661,default,0x993b904d707f3405cfe2f7eda31b5b4766c8a106,
Blocked 661,default,0xb2888d5153af19469c9b809544c13fd16ba12f7c,
Blocked 661,default,0x0000000000000000000000000000000000000e33,
Blocked 661,default,0x9c04faba41138ecaebc14fe9bf5f0ff449be6045,
Blocked 661,default,0xb3273dd8b99884bc3b37844df44f6a2575d2b8d1,
Blocked 661,default,0x00000000000000000000000000000000000018fe,
Blocked 661,default,0x9cd13942894b6bb7bba1608628d60b5ab91109ba,
Blocked 661,default,0xb47a6f53827171c136701c2f85cdb8b01e85919c,
Blocked 661,default,0x9de910d1f817cfc0d86635903b9ddb787821773f,
Blocked 661,default,0xb5451661101c45ba4bbc89abd0b30c254a90e85a,
Blocked 661,default,0x008fe40574e881e7247b50b991c0cc057d66647f,
Blocked 661,default,0x9ec2c3add938bdd63fd369afc2800595f69ba00d,
Blocked 661,default,0xb78d1edfed9c93d7effd396f95997483f60b869e,
Blocked 661,default,0x0199f775670c4f767319f8dd1646ba7c617e4063,
Blocked 661,default,0x9f4e279e87e4b16e0a4c482b01874382f3e627eb,
Blocked 661,default,0x38a8fc7133b11ca8c1128a0c3523435002ea1cfe,
Blocked 661,default,0xcc115d21446926f68d5a9537bcb5c2c316a49544,
Blocked 661,default,0x6a054c13799055db287cfeb27426b4904421c28e,
Blocked 661,default,0x89c61abda2a1061182765656dc591306a491643c,
Blocked 661,default,0x2609bfda99430fe5b62b17afd91c62ab1a843ca9,
Blocked 661,default,0x3a20f163d40c046311d1f91d015bc65bcbff671c,
Blocked 661,default,0xcf96650e31379c5e415ee23fc0f58ff6c5504b85,
Blocked 661,default,0x8ac7c0ba14eafdb8fe4378028d540e9ed576afdb,
Blocked 661,default,0x296ab0cd87840db642a05522306f679c77f9bbc1,
Blocked 661,default,0x3b2aca3b9d5f84a5f4a838c3954693ba639a9d88,
Blocked 661,default,0xd4268b450eb95946cd84500ca516bce781464969,
Blocked 661,default,0x6d4df9f6f42c07b627c5afdf01740ecd0a6fed0d,
Blocked 661,default,0x8bc5a57188a2221f5f05ab95af367701d85d792f,
Blocked 661,default,0x2b0ba71801089f324c1d844bea921090ee350b6b,
Blocked 661,default,0x3e2bf2822a6086ac0cca35f52714b953f2436f29,
Blocked 661,default,0xd54a23ca7627fa3a520b83ef4e1efc8c63c4b8f6,
Blocked 661,default,0x6ef45e8d694c35f6cf00b9e9d31ce05b24a384d4,
Blocked 661,default,0x8c955e7695c414df8999bac633751200ec554eed,
Blocked 661,default,0x2c6ce190452c43f6387929d3802b23e3d43270f3,
Blocked 661,default,0x3ef130a38c6719c578747e2eb4fce5a2e887a151,
Blocked 661,default,0xd769a14f568b6a200a5b50f51c6e0bde61e76836,
Blocked 661,default,0x6f446b03a63cc68aad86395bc2d8a38f358d3d69,
Blocked 661,default,0x8e5540381f9e54cc2ce592253dc1f63d68261ecd,
Blocked 661,default,0x2d8e135b4bd81e8a1d04efa19d9485d2eb12fcf3,
Blocked 661,default,0x417d46b12ebfb45cdf3403e99a760798db3737fd,
Blocked 661,default,0xd8108764a3d828435e0d85490b10cee929bad2d4,
Blocked 661,default,0x8eeaa8b309327c617c74acedd3987bb46824e9a8,
Blocked 661,default,0x307d6c4256366735328986560e5ff455daaf9229,
Blocked 661,default,0x4295a1d5b19aa6f9dbe98358944e2f20b9c8d631,
Blocked 661,default,0x70ad5cf7fdca10517b0129e0a8fff2ff3233756e,
Blocked 661,default,0x90a3309f03cfaa13601678f3fdccc4ec94fef6ab,
Blocked 661,default,0x4406da9deb276e89e4a839f30b0268115b1c0183,
Blocked 661,default,0x715dd76ae9ddb4d03b9df071a78ecdb75c431b13,
Blocked 661,default,0xda66cabdf85b32c36fc5faa7e31f22ed76157eb0,
Blocked 661,default,0x72a5843cc08275c8171e582972aa4fda8c397b2a,
Blocked 661,default,0x957126019d0bc1458513b94a341f82902950c6e3,
Blocked 661,default,0x470e19aca6ea428489049edeaecdb675c3265f0f,
Blocked 661,default,0x1723eb6c8fb98d2678ed186c48db11bbd12a80eb,
Blocked 661,default,0xdc5bbc3ce9abefb91274eda83e1dc934bd6efde5,
Blocked 661,default,0x7405a6b74df0952ff97f5d7df5af9fd112eeba98,
Blocked 661,default,0x4812042a9fdf864ffd80d298628b23a3cc4f8988,
Blocked 661,default,0x18fae44d01a92ede3362d321ad435e3876767edd,
Blocked 661,default,0xdceebcc35ef57dc33d35895f3940e0b3f68353aa,
Blocked 661,default,0x754a7d510311dd13a8909de088dd767275ff19d3,
Blocked 661,default,0x7b99fea8f296fd21b4fc75aac8ae602c247fb7af,
Blocked 661,default,0x48a57c98f50a6a40cc064f5ee1d3283a76cb99d8,
Blocked 661,default,0xdf53fb4785faeee1c0ca3997ac3bf1543da70dfd,
Blocked 661,default,0x760ee593861973b4cbc372a2cc31892e80f22ecd,
Blocked 661,default,0x7db418b5d567a4e0e8c59ad71be1fce48f3e6107,
Blocked 661,default,0x1b8d716f3e5b8571487cafbe16d1a3da24ba3010,
Blocked 661,default,0x77844fc0be83bb8e88c60b44c1281c5055f5e83a,
Blocked 661,default,0xfb896f4ffecfb73f58f023487f26929c40160012,
Blocked 661,default,0x7f367cc41522ce07553e823bf3be79a889debe1b,
Blocked 661,default,0x1da5821544e25c636c1417ba96ade4cf6d2f9b5a,
Blocked 661,default,0x3302c2ea22520bd5e7ebde0eef31072e9990c18c,
Blocked 661,default,0x79f81fcd0d59876b40fbe1a44cf783e150fbc811,
Blocked 661,default,0xfd4790985bba508197bd9a2fa8bca40f79af63d9,
Blocked 661,default,0x8269e4f62b9253121579e500204aff5d0c897830,
Blocked 661,default,0x1ed8fc553dd4159f8475c776811adf7139b6f3bf,
Blocked 661,default,0xc4d332f6a6a231c049d388c1975eba1c3a7e3c8d,
Blocked 661,default,0x84c03c2c14e73e90bf8cea11d625271b3a92dfac,
Blocked 661,default,0x207ba6a35a043be0865299e2a0c86b4a44558fbf,
Blocked 661,default,0x35663b9a8e4563eefdf852018548b4947b20fce6,
Blocked 661,default,0x67d40ee1a85bf4a4bb7ffae16de985e8427b6b45,
Blocked 661,default,0x8679b074480c47d6e4b4c4bb24e5970e1a0d0cfc,
Blocked 661,default,0x2295f647854842d3636a369b29bf24622e0cb8d1,
Blocked 661,default,0x37c545dae781c5ee433e81cdbe54401effd111b4,
Blocked 661,default,0xca13060a208691e08254e8dcb4f0fd6e864be095,
Blocked 661,default,0x68f64608fcb137f8ceccaa08e41678cde0a73de6,
Blocked 661,default,0x882c244394595c7b26bdeab00ce224f71ffda3a2,
Blocked 661,default,0xf192f9cd28aa0e268eed28078a432dd4abfe8269,
Blocked 661,default,0xf275d07c3db7e14711290aa4c63cdce17db7bfa9,
Blocked 661,default,0xf400a6f6839ae1baeb26a5fef75a1b4f544c09f3,
Blocked 661,default,0xf6025dfb3dfeed189d50842dac84dc3939b14b20,
Blocked 661,default,0xf73d8d6f76d5e35ab952f94a6b431a730e5c5c7f,
Blocked 661,default,0xf9ac9aa10c2b98e8033030691cc2b37fc10b4342,
Blocked 661,default,0xe0ee037b54e94bd837a476fadf111c9aee82abad,
Blocked 661,default,0xe1d60fc312d54c4ea9a932aba37441c81c5cf806,
Blocked 661,default,0xe3a0c6d17d629b49297146a7867ed59de17ae8e6,
Blocked 661,default,0xe53fbe593fb1a7c195661b1a7ecc506ac58590fa,
Blocked 661,default,0xe6ed97d28155c52dcf337146548f4d144fb267b3,
Blocked 661,default,0xe8138a3a847a25546250046cd7c5a867c2179f94,
Blocked 661,default,0xea7e96d744b2b5a5106902fc615bd351c645b182,
Blocked 661,default,0xeb963da0ea2d53bfb930edc76f994fca2de7fe5f,
Blocked 661,default,0xec116f70fc7c214d70d90af0b83417f7e0df2578,
Blocked 661,default,0x49f508bd95c3e7fba1678f5e486e4d9b1bcc8eeb,
Blocked 661,default,0x4d4c7b8dbaef3b23248d4d22179e0a74410d3d3f,
Blocked 661,default,0x4e31f4ee7ee7dd58cca2be6b4934469e61a634d6,
Blocked 661,default,0x4eaa957fdded610f13e0bb03416f0b0093b99851,
Blocked 661,default,0x51d5c14c7c90c41b4c49daf0ff9def851cd2a25d,
Blocked 661,default,0x52f6335d6b6fe435f0c0898d8a007b633b7978df,
Blocked 661,default,0x543bfa3d40848da53994b3a08dcd6638752ad56f,
Blocked 661,default,0x575d0149422fe888b18194f106614067fdcc1c2f,
Blocked 661,default,0x5952e08ea5b46d89d800471c4e98321b6c6a78f1,
Blocked 661,default,0x5c27cc68fe01a3994807b60a6c81d8ba638b4ba1,
Blocked 661,default,0x5def1f2f8aa773fb92ec5028ebbdd33edac6e850,
Blocked 661,default,0x600ae3c68fe447e4aeb02a0a237d7376279a44f1,
Blocked 661,default,0x61b56d3c0cd91e52382600f9014c0634d7d87434,
Blocked 661,default,0x63f8e1fb9304fc6f7c613023c8104ba464122fd1,
Blocked 661,default,0x0283bd581220fc835691380401ad89e046ad9ad3,
Blocked 661,default,0xa0786e9009587362250e33c749db29714c7b201c,
Blocked 661,default,0xb88d8defad365704722068daf045481f3205cfa6,
Blocked 661,default,0x05b49f435c1eacb0c618b5d13cadad28ad34209a,
Blocked 661,default,0xa15b09facc7de0367604c79f138c6e50efc5e011,
Blocked 661,default,0x06b21bfac6118263327ae7001d6a676d362c89dd,
Blocked 661,default,0x087a39ecd3e12db24b76025efaf077a2fd6e44c2,
Blocked 661,default,0xa55d142507e1bacd3c18c71a12ecce6aeb36859b,
Blocked 661,default,0xbd2949f67dcdc549c6ebe98696449fa79d988a9f,
Blocked 661,default,0x0a9cb439f65f51c879ef4a5cc2889c8ea633960c,
Blocked 661,default,0xa65d8ab49125dc4704c0b29908983db3936cdada,
Blocked 661,default,0xbf3018e9efeedd69f824f101b183d444f11785ba,
Blocked 661,default,0xa7b62f0bca27e9d4187a8f1e4282e564a20ec55a,
Blocked 661,default,0xc0388a58be04564fbab4c21336155c5fe1862629,
Blocked 661,default,0x0e1f5f828f7c66631728658cb4cbd966700acf6d,
Blocked 661,default,0xa93c721ccaa299e15b3281be8fec9557f426a525,
Blocked 661,default,0x0f18647467de7b885fe1bf77a78e12e19c814ad7,
Blocked 661,default,0xa9f851e6543a25972886b86b1160c47c9240d685,
Blocked 661,default,0xac6403c5fa00499f1cce0e97f5d0a66f5def40ea,
Blocked 661,default,0x11b0cbad1eb39f14d934be986b590f3e663978e6,
Blocked 661,default,0xaec82edfdae51ec06407fb459cf7465427f24212,
Blocked 661,default,0x1329410051fc114d8050b007717fc7575a221c71,
Blocked 661,default,0xaf9539c3d46dc1ea4ae81e780ecc9c1c99ebfcc0,
Blocked 661,default,0x97eb195bdae6a3afa19567a68d475c1006c2cbcb,
Blocked 661,default,0xb1192b03b914e31acf917932c148d973f39dc3ac,
Blocked 661,default,0x000000000000000000000000000000000000001a,
Blocked 661,default,0x98eaba2684b49bbde9842cd48f3bae8caa31dac4,
Blocked 661,default,0xb25a1f3a7084ef8aff33c2e94ee02045cbcfa869,
Blocked 661,default,0x0000000000000000000000000000000000000aa3,
Blocked 661,default,0x9ad0fe3b1fa00cecd24ed21ce36882bf86d357bf,
Blocked 661,default,0xb323a404a1b391b8072ba86b5746f9cc862b21cd,
Blocked 661,default,0x00000000000000000000000000000000000012e5,
Blocked 661,default,0x9cac39efd787f1e74f1021994e0a44bfcfe0ebbb,
Blocked 661,default,0xb41ed79226eef18e995260c07f6556d50f181c77,
Blocked 661,default,0x0000000000000000880620000000203571704007,
Blocked 661,default,0x9dc2c41ffd47e44e03863e7dee5bf4bf1b415e16,
Blocked 661,default,0xb521d013b2613162220cdc87c92c84deacc12601,
Blocked 661,default,0x0007f1253511e3e9312df8f180db96f0000000ad,
Blocked 661,default,0x9e7fa8dd15b4b0bade7245d8c9d51a872e324d2c,
Blocked 661,default,0xb76978af1d055cb91be91df525f2b0a30ca1d11a,
Blocked 661,default,0x016913ead5672f01de2043874e5c1cac5df608de,
Blocked 661,default,0x9f4cda013e354b8fc285bf4b9a60460cee7f7ea9,
Blocked 661,default,0xb7b86ac74775b8e77f1fc52f9e7759d6d6b01829,
Blocked 661,default,0x69a92b37659d1682e39a403a9a2ccedaef13b77c,
Blocked 661,default,0x8993060b04367ffb12a09f9b68e3b0d37cd2c688,
Blocked 661,default,0x25d4cfc04411a1f9e17b5b36e20bd079f9460b9a,
Blocked 661,default,0x39c5088b3019cab57ee8d5b2798fe55b8c3a560d,
Blocked 661,default,0xcf376f95384f254db7d91f5ddfcf322c7b9a6bf9,
Blocked 661,default,0x6acdfba02d390b97ac2b2d42a63e85293bcc160e,
Blocked 661,default,0x291bc570aac1e90a0c5230fbfb3f97274c111273,
Blocked 661,default,0x3b2a153a99f1855d8aefe2c925c796eeb0b78d60,
Blocked 661,default,0xd16fca52f955187eb7afb9503c6876f094cbdbfa,
Blocked 661,default,0x8b47e7daa3c7471f446f6500243be9b59fd57451,
Blocked 661,default,0x2b0aaf924e8e0e00c014c3222473df5f58f34323,
Blocked 661,default,0x3e2a47e085225b0dc123a04fb48dc611766c5855,
Blocked 661,default,0x6e82ab852f0584d61142adc2b5f196a661292e16,
Blocked 661,default,0x8c6b4a65e3b442b1d7b4d4b3143049c36d78a173,
Blocked 661,default,0x2c09de5466ea6234dbad3915b8f9ec53c321e90e,
Blocked 661,default,0x3ec9ea7c8b37914f86a61eb36e5f1d43185e09ef,
Blocked 661,default,0xd67ea534d7944b62c532ae4f0ccff03414b134d5,
Blocked 661,default,0x6f2f58817db62a31a0253495c7550444958daf17,
Blocked 661,default,0x8e4fa3ca996c403f8f5bbafc99c02c4c878d4e05,
Blocked 661,default,0x2d43b14ed6c61389fd0b398b73c6782231dff73a,
Blocked 661,default,0x4166ab48ed12a060628905ab672e4a24d20310d9,
Blocked 661,default,0xd80b103eba455a433798290b4c20e3024c6648c6,
Blocked 661,default,0x6f9aeec6e3e74025d5a58a25ef5d6bc4757c9dba,
Blocked 661,default,0x8eab734f5639dcde8197e7b8724ea04556d5d69b,
Blocked 661,default,0x428467c2794bf44d2d542619473934a6c19af6ed,
Blocked 661,default,0xd8d2b364ac240297e85c16523ad29b6eb2a56e2b,
Blocked 661,default,0x7085bf6f54ef6c823af247efb4d934e5ab1c18ae,
Blocked 661,default,0x90a0a27b53f968879b12cd56cd67d27904ba25a4,
Blocked 661,default,0x4355849b431db6a75b06535532299b82529300c9,
Blocked 661,default,0xda1759909a1136ac562bfe482946fc6458dd8f6e,
Blocked 661,default,0x71259b92b69d1876975f9dd0e493a54ede73dd86,
Blocked 661,default,0x93644e2325601c2aab36b5a8145eaac63fd8ecfc,
Blocked 661,default,0x459ce908b9dd5d430a386f18f49b521bba4920cd,
Blocked 661,default,0x14695f3d696bad62bbc7bfc8024317fcab744192,
Blocked 661,default,0xda66146ec41690ed8392869b0238dae5774f2314,
Blocked 661,default,0x729191805f6bbe845de6e3e4a554c40111bc6c26,
Blocked 661,default,0x94d76d217843b80c56903040ce95cc93c691aa4f,
Blocked 661,default,0x469e5dbfcf619f5f02631d643de99cbe8635d480,
Blocked 661,default,0x17101f2153d55de3344aad88504d28058c4a5c26,
Blocked 661,default,0xdc599a126a1af8648bdcd36579613e4cf24976d2,
Blocked 661,default,0x737f8a1c3558753292735f021d419b180602dd85,
Blocked 661,default,0x96bd030b35732b9cb971655ed762635e3e753f94,
Blocked 661,default,0x47e553546a125b57a4802e75a942fc4d0fe4d524,
Blocked 661,default,0x18bc757caa7658995c40dc7542254613ab2580f6,
Blocked 661,default,0xdce043a240980194e03781844640177361533ea5,
Blocked 661,default,0x7500f0c7b6de1987e5bf617f681c0e10f0b73cae,
Blocked 661,default,0x7b8c3644bff1a2407d369b7218aec08de96414e0,
Blocked 661,default,0x487860d44e5c27c467343da9da0f263a958c9575,
Blocked 661,default,0x1a3a132f218d07b426e535f14f2572ab025ad69b,
Blocked 661,default,0xdde54bcc6b0a01f9d6481720f3dcc731d6062d64,
Blocked 661,default,0x75b3308a9a8904aa2c40cfcb4eaf958700d4b3e6,
Blocked 661,default,0x7d8115947cea2966aa61fdfaa4d58053aeac4e2f,
Blocked 661,default,0x1b1adcdb3502d4a92e53db16840165466f3c6236,
Blocked 661,default,0x7748ebfe40fb4ca6ae9e4a7ea826a359609d353f,
Blocked 661,default,0xfae5a6d3bd9bd24a3ed2f2a8a6031c83976c19a2,
Blocked 661,default,0x7f19720a857f834887fc9a7bc0a0fbe7fc7f8102,
Blocked 661,default,0x1d211d4d043b81d1ff2793ea5f03c361c8015401,
Blocked 661,default,0x32a895bae7aa91ee5e423d756eb36b29b1d45785,
Blocked 661,default,0xc1bec32be8a68346ad9dabbb0a67ce220d43997c,
Blocked 661,default,0x7978042cd0116b48e9833a6b5c08fee283e4ccf7,
Blocked 661,default,0xfd2cb3ace5f59cc3c43c967c326b81c01e051bdf,
Blocked 661,default,0x81eb6bd1951ad87953721efcfe5446b722bb0b9c,
Blocked 661,default,0x33c55d65ff2116fc1de1ad48f5bdb85d56dc3f68,
Blocked 661,default,0xc46242e9324097cd7a68b5fb7631ce300c7b5495,
Blocked 661,default,0xfe611c837a5a8186ee911ba654f2d3ca36075c1c,
Blocked 661,default,0x83b379afaf9a0553f4dd41f1358d6a95dcb0e814,
Blocked 661,default,0x1fe09d4483a1c48f5eaf316fc933def5824eae82,
Blocked 661,default,0x3485fad6dea96f0c6edc86eadfb73e9282f59172,
Blocked 661,default,0xc7571b79d800ebc979e0bd435790e6b8408002ef,
Blocked 661,default,0x67ab29354a70732cdc97f372be81d657ce8822cd,
Blocked 661,default,0x21a3c54b186a7a832a68d96b10856c1cea6c385f,
Blocked 661,default,0x37b9a0e18bf70b009b757c49857b5299745a63a0,
Blocked 661,default,0x68c88fccbc6d5a218711bd897add734aeefd1270,
Blocked 661,default,0x873132bdecf05929305cf562c834114073b9cfa2,
Blocked 661,default,0x248f50eab61ad11608fd07fb2188163fd2e0c5c6,
Blocked 661,default,0x384c4aa36e545d7e4edce95dbe60daba706966cf,
Blocked 661,default,0xcbb8514622eab1c3d287b0188a4edcd15dccf232,
Blocked 661,default,0xaaca86b876ca011844b5798eca7a67591a9743c8,0xNodes: BIOS Token
Blocked 661,default,0x0000000000004946c0e9f43f4dee607b0ef1fa1c,1inch: CHI Token
Blocked 661,default,0x3f382dbd960e3a9bbceae22651e88158d2791550,Aavegotchi: GHST Token
Blocked 661,default,0x9a0aba393aac4dfbff4333b06c407458002c6183,acBTC: AC Token
Blocked 661,default,0x8ab7404063ec4dbcfd4598215992dc3f8ec853d7,Akropolis: AKRO Token
Blocked 661,default,0x3383c5a8969dc413bfddc9656eb80a1408e4ba20,Anatha.io: wANATHA Token
Blocked 661,default,0xba11d00c5f74255f56a5e366f4f77f5a186d7f55,Band Protocol: BAND Token
Blocked 661,default,0x3449fc1cd036255ba1eb19d65ff4ba2b8903a69a,Basis Cash: BAC Token
Blocked 661,default,0xa7ed29b253d8b4e3109ce07c80fc570f81b63696,Basis Cash: BAS Token
Blocked 661,default,0xb8c77482e45f1f44de1745f52c74426c631bdd52,Binance: BNB Token
Blocked 661,default,0x1a4b46696b2bb4794eb3d4c26f1c55f9170fa4c5,BitDAO: BIT Token
Blocked 661,default,0x668dbf100635f593a3847c0bdaf21f0a09380188,BNS.Finance: BNSD Token
Blocked 661,default,0x74487eed1e67f4787e8c0570e8d5d168a05254d4,bZx PrivKey Exploiter
Blocked 661,default,0x0acc0e5faa09cb1976237c3a9af3d3d4b2f35fa5,bZx PrivKey Exploiter 2
Blocked 661,default,0x967bb571f0fc9ee79c892abf9f99233aa1737e31,bZx PrivKey Exploiter 3
Blocked 661,default,0x6551fb9be444987f7482012cbf7ea95a1ee8dd0e,bZx PrivKey Exploiter 4
Blocked 661,default,0xafad9352eb6bcd085dd68268d353d0ed2571af89,bZx PrivKey Exploiter 5
Blocked 661,default,0x1ae8840ceaef6eec4da1b1e6e5fcf298800b46e6,bZx PrivKey Exploiter 7
Blocked 661,default,0x56d811088235f11c8920698a204a5010a788f4b3,bZx Protocol Token
Blocked 661,default,0x69692d3345010a207b759a7d1af6fc7f38b35c5e,Chads.Vc: CHADS Token
Blocked 661,default,0x941a9e3b91e1cc015702b897c512d265fae88a9c,ChainSwap Exploiter
Blocked 661,default,0xeda5066780de29d00dfb54581a707ef6f52d8113,ChainSwap Hacker
Blocked 661,default,0x7a58c0be72be218b41c608b7fe7c5bb630736c71,ConstitutionDAO: PEOPLE Token
Blocked 661,default,0x4688a8b1f292fdab17e9a90c8bc379dc1dbd8713,Cover Protocol: COVER Token
Blocked 661,default,0xd533a949740bb3306d119cc777fa900ba034cd52,Curve.fi: CRV Token
Blocked 661,default,0x0f51bb10119727a7e5ea3538074fb341f56b09ad,DAO Maker: DAO Token
Blocked 661,default,0xf3ae5d769e153ef72b4e3591ac004e89f48107a1,Deeper Network: DPR Token
Blocked 661,default,0x9f284e1337a815fe77d2ff4ae46544645b20c5ff,Evolution Land: Kryptonite
Blocked 661,default,0xa14d5da3c6bf2d9304fe6d4bc6942395b4de048b,Fake_Phishing4940
Blocked 661,default,0x55d398326f99059ff775485246999027b3197955,Fake_Phishing6512
Blocked 661,default,0xdfdb7f72c1f195c5951a234e8db9806eb0635346,Feisty Doge: NFD Token
Blocked 661,default,0xe5caef4af8780e59df925470b050fb23c43ca68c,Ferrum Network Token
Blocked 661,default,0x0128e4fccf5ef86b030b28f0a8a029a3c5397a94,FlashSwap: FSP Token
Blocked 661,default,0xf8c3527cc04340b208c854e985240c02f7b7793f,Frontier: FRONT Token
Blocked 661,default,0xeb986da994e4a118d5956b02d8b7c3c7ce373674,Gather: GTH Token
Blocked 661,default,0xc3771d47e2ab5a519e2917e61e23078d0c05ed7f,Gather: Old GTH Token
Blocked 661,default,0xa74476443119a942de498590fe1f2454d7d4ac0d,Golem Token
Blocked 661,default,0x0e29e5abbb5fd88e28b2d355774e73bd47de3bcd,Hakka Finance: HAKKA Token
Blocked 661,default,0xa0246c9032bc3a600820415ae600c6388619a14d,Harvest.Finance: FARM Token
Blocked 661,default,0x2b591e99afe9f32eaa6214f7b7629768c40eeb39,HEX.com: HEX Token
Blocked 661,default,0x86772b1409b61c639eaac9ba0acfbb6e238e5f83,Indexed: NDX Token
Blocked 661,default,0x24e3794605c84e580eea4972738d633e8a7127c8,Katalyo: KTLYO Token
Blocked 661,default,0x1e18821e69b9faa8e6e75dffe54e7e25754beda0,Kimchi.Finance: KIMCHI Token
Blocked 661,default,0xeb31973e0febf3e3d7058234a5ebbae1ab4b8c23,Kucoin Hacker
Blocked 661,default,0x3e9bc21c9b189c09df3ef1b824798658d5011937,Linear Finance: LINA Token
Blocked 661,default,0x42476f744292107e34519f9c357927074ea3f75d,Loom Network: LOOM Token
Blocked 661,default,0xb1f66997a5760428d3a87d68b90bfe0ae64121cc,LuaSwap: LUA Token
Blocked 661,default,0x4b4d2e899658fb59b1d518b68fe836b100ee8958,MITH Cash: MIS Token
Blocked 661,default,0xa3bed4e1c75d00fa6f4e5e6922db7261b5e9acd2,mStable: MTA Token
Blocked 661,default,0x0000000000000000000000000000000000000000,Null Address: 0x000...000
Blocked 661,default,0x0000000000000000000000000000000000000001,Null Address: 0x000...001
Blocked 661,default,0xc9ce70a381910d0a90b30d408cc9c7705ee882de,NYAN.Finance: NYAN Token
Blocked 661,default,0x19aa5fe80d33a56d56c78e82ea5e50e5d80b4dff,OFAC SDN: 0x19a...dff
Blocked 661,default,0x2f389ce8bd8ff92de3402ffce4691d17fc4f6535,OFAC SDN: 0x2f3...535
Blocked 661,default,0x308ed4b7b49797e1a98d3818bff6fe5385410370,OFAC SDN: 0x308...370
Blocked 661,default,0xe7aa314c77f4233c18c6cc84384a9247c0cf367b,OFAC SDN: 0xe7a...67b
Blocked 661,default,0x6c5ba91642f10282b576d91922ae6448c9d52f4e,Phala Network: PHA Token
Blocked 661,default,0x657b83a0336561c8f64389a6f5ade675c04b0c3b,Playcent: PCNT Token
Blocked 661,default,0xc8a65fadf0e0ddaf421f28feab69bf6e2e589963,PolyNetwork Exploiter 1
Blocked 661,default,0x6fe56c0bcdd471359019fcbc48863d6c3e9d4f41,Props Project: PROPS Token
Blocked 661,default,0x0cdf9acd87e940837ff21bb40c9fd55f68bba059,Public Mint: MINT Token
Blocked 661,default,0x33d0568941c0c64ff7e0fb4fba0b11bd37deed9f,Ramp Defi: RAMP Token
Blocked 661,default,0x6fa0952355607dfb2d399138b7fe10eb90f245e4,Spirit Clash: SCT Token
Blocked 661,default,0x6b3595068778dd592e39a122f4f5a5cf09c90fe2,SushiSwap: SUSHI Token
Blocked 661,default,0xda3145d0a373712e036106fc1fa34b1014807e68,SwapX: SWP Token
Blocked 661,default,0xb8baa0e4287890a5f79863ab62b7f175cecbd433,Swerve.fi: SWRV Token
Blocked 661,default,0xdac17f958d2ee523a2206206994597c13d831ec7,Tether: USDT Stablecoin
Blocked 661,default,0xcd1faff6e578fa5cac469d2418c95671ba1a62fe,Torum: XTM Token
Blocked 661,default,0x50b6071561f068963bcfe2b341126cd6accafafb,Uniswap V2: USD-USDT
Blocked 661,default,0x45f24baeef268bb6d63aee5129015d69702bcdfa,Value DeFi Protocol: YFV Token
Blocked 661,default,0xaba8cac6866b83ae4eec97dd07ed254282f6ad8a,Yam.Finance: Old YAMv2 Token
Blocked 661,default,0x14ec0cd2acee4ce37260b925f74648127a889a28,Yearn (yDai) Exploiter
Blocked 661,default,0x0bc529c00c6401aef6d220be8c6ea1667f6ad93e,Ygov.finance: YFI Token
Blocked 661,default,0xe4815ae53b124e7263f08dcdbbb757d41ed658c6,ZKSwap: ZKS Token
Blocked 661,default,0xd8e3fb3b08eba982f2754988d70d57edc0055ae6,Zoracles: ZORA Token
