labelName,tabType,address,nameTag
Blockchain Cuties 39,default,0xaa4250216f77a79fd9983642a987f708f1fe7504,BC: Bank
Blockchain Cuties 39,default,0x9de9563e27c6aafcf907bacee733f83d50168959,BC: Bidding 1
Blockchain Cuties 39,default,0xbd047bfd52545b946264f00ebfbb01091412c033,BC: Bidding 2
Blockchain Cuties 39,default,0xee7477b1c42d173c0791cecf2592f6a8a4c16b0a,BC: Bidding Custom
Blockchain Cuties 39,default,0x312cb5dfc8e5414422568d017b475a40a5fc4faf,BC: Bidding Unique
Blockchain Cuties 39,default,0x20c81ae5a7cf1c5a3f8293313692474f8d6b808b,BC: Breeding Market
Blockchain Cuties 39,default,0x19fdd6eeccdf4bc30f363f63af44981c1f6a75c4,BC: Buy Energy
Blockchain Cuties 39,default,0x896421e9c5cc2c5a66019dba2457450b88a8e11b,BC: Coin Minting
Blockchain Cuties 39,default,0x7d3e5eff86d25e9618512d871f4533c277361cc1,BC: Config
Blockchain Cuties 39,default,0xb35de956ee39898f08b95a4407aa6ff412db8e45,BC: Cooldown Decrease Effect
Blockchain Cuties 39,default,0x245aba0b9188e3a00103b7eeee366fe5dc094243,BC: Cooldown End Time Reset Effect
Blockchain Cuties 39,default,0x047686fb287e7263a23873dea66b4501015a2226,BC: Cute Coin
Blockchain Cuties 39,default,0xd4dff41f22ebeb96dd9af679ce33606da31f01fd,BC: Cute Coin Price Oracle
Blockchain Cuties 39,default,0x90818f3cfd5a1692183785daf1cd20c95a86ba3e,BC: Cute Coin Shop
Blockchain Cuties 39,default,0x82cbd34d49761fcb5bd5915f82c6c7462131f57a,BC: Cutie Reward
Blockchain Cuties 39,default,0x45f254fd3fef54f3a5a8d601d291f2a5bf9d8d67,BC: Deployer
Blockchain Cuties 39,default,0x3f80d082998a23ed4edee025b6df7c4f3a1c7958,BC: Generation Decrease Effect 1
Blockchain Cuties 39,default,0xed3c00a6c0da9a64c307719da5ce629c6ee66dfc,BC: Generation Decrease Effect 2
Blockchain Cuties 39,default,0x33914fa445969ded631bf4c33d8882c225386620,BC: Item Market
Blockchain Cuties 39,default,0x3d2bb0f9fa7133799c0fa8e9b7f8cc83d0e4086d,BC: Lottery
Blockchain Cuties 39,default,0x5a6fc364c0232299fcb7c533b9964ae8d41d7b72,BC: Sale Market 1
Blockchain Cuties 39,default,0x9fa668f5e5572ea04db6eff1a62eb39ff7fb809e,BC: Sale Market 2
Blockchain Cuties 39,default,0xafa1ae00ab5aabe9d3f028c0ead4f8e10114408d,BC: Sale Market 3
Blockchain Cuties 39,default,0x55e851ecb4a8ee090f7b097ba1804db94d90175e,BC: Sale Market 4
Blockchain Cuties 39,default,0xca891ae246e7177aad7b50dfb1b5e9993a63eafe,BC: Sale Market 5
Blockchain Cuties 39,default,0xb26ff0cacf79603f306ca5dc215133a25731d70f,BC: Set Noble Effect
Blockchain Cuties 39,default,0x14da7b27b2e0fedefe0a664118b0c9bc68e2e9af,Blockchain Cuties: BCUG Token
Blockchain Cuties 39,default,0x2f26d1ddabcdd88aeca3d4f527d4366c37e15c78,Blockchain Cuties: Deployer
Blockchain Cuties 39,default,0xd73be539d6b2076bab83ca6ba62dfe189abc6bbe,Blockchain Cuties: Old BC Token
Blockchain Cuties 39,default,0xd37f29d1cd9f379b3f9363453725ed971190aeca,Blockchain Cuties: Presale 1
Blockchain Cuties 39,default,0xe4889fa16ba797a8a51196ec9389e4764576deae,Blockchain Cuties: Presale 2
Blockchain Cuties 39,default,0x9d056b46cba330adae643fbb57f0a47b1155ce56,Blockchain Cuties: Public Sale Deployer
Blockchain Cuties 39,default,0x11372a7418d58b162d1120e9e65e5aa74936ed71,Blockchain Cuties: Wallet
Blockchain Cuties 39,default,0xafee04257f9ef008bc4a66e3fcf247680f3c787e,BlockchainCuties: CUTIE Token
Blockchain Cuties 39,default,0x00eb6d65e9ca31ab3ece56c2ea3fc4c3bf634d2c,BlockchainCuties: Deployer
