labelName,tabType,address,nameTag
Bridge 196,default,0x8ed95d1746bf1e4dab58d8ed4724f1ef95b20db0,0x: Erc20 Bridge Proxy
Bridge 196,default,0x0ac2d6f5f5afc669d3ca38f830dad2b4f238ad3f,0x: Eth2Dai Bridge
Bridge 196,default,0xa6baaed2053058a3c8f11e0c7a9716304454b09e,0x: Uniswap Bridge
Bridge 196,default,0x96e471b5945373de238963b4e032d3574be4d195,0xHabitat: Rollup Bridge
Bridge 196,default,0x43298f9f91a4545df64748e78a2c777c580573d6,Across Protocol: Badger Bridge Pool
Bridge 196,default,0x30b44c676a05f1264d1de9cc31db5f2a945186b6,Across Protocol: Bridge Admin
Bridge 196,default,0xdfe0ec39291e3b60aca122908f86809c9ee64e90,Across Protocol: UMA Bridge Pool
Bridge 196,default,0x256c8919ce1ab0e33974cf6aa9c71561ef3017b6,Across Protocol: USDC Bridge Pool
Bridge 196,default,0x02fbb64517e1c6ed69a6faa3abf37db0482f1152,Across Protocol: WBTC Bridge Pool
Bridge 196,default,0x7355efc63ae731f584380a9838292c7046c1e433,Across Protocol: WETH Bridge Pool
Bridge 196,default,0xbbbd1bbb4f9b936c3604906d7592a644071de884,Allbridge: Bridge
Bridge 196,default,0x23122da8c581aa7e0d07a36ff1f16f799650232f,Arbitrum Nova: L1 Arb-Custom Gateway
Bridge 196,default,0xb2535b988dce19f9d71dfb22db6da744acac21bf,Arbitrum Nova: L1 ERC20 Gateway
Bridge 196,default,0xc840838bc438d73c16c2f8b22d2ce3669963cd48,Arbitrum Nova: L1 Gateway Router
Bridge 196,default,0xe4e2121b479017955be0b175305b35f312330bae,Arbitrum Nova: L1 WETH Gateway
Bridge 196,default,0xcee284f754e854890e311e3280b767f80797180d,Arbitrum One: L1 Arb - Custom Gateway
Bridge 196,default,0xd3b5b60020504bc3489d6949d545893982ba3011,Arbitrum One: L1 DAI Gateway
Bridge 196,default,0xa3a7b6f88361f48403514059f1f16c8e78d60eec,Arbitrum One: L1 ERC20 Gateway
Bridge 196,default,0x72ce9c846789fdb6fc1f34ac4ad25dd9ef7031ef,Arbitrum One: L1 Gateway Router
Bridge 196,default,0xd92023e9d9911199a6711321d1277285e6d4e2db,Arbitrum One: Wrapped Ether Gateway
Bridge 196,default,0x8315177ab297ba92a06054ce80a67ed4dbd7ed3a,Arbitrum: Bridge
Bridge 196,default,0xe5896783a2f463446e1f624e64aa6836be4c6f58,Arbitrum: Challenge Manager
Bridge 196,default,0xa10c7ce4b876998858b1a9e12b10092229539400,Arbitrum: DAI L1 Escrow
Bridge 196,default,0x4dbd4fc535ac27206064b68ffcf827b0a60bab3f,Arbitrum: Delayed Inbox
Bridge 196,default,0x667e23abd27e623c11d4cc00ca3ec4d0bd63337a,Arbitrum: Outbox
Bridge 196,default,0x0b9857ae2d4a3dbe74ffe1d7df045bb7f96e4840,Arbitrum: Outbox 4
Bridge 196,default,0x14797f5432f699cb4d4db04df599b74952d78d7b,Arbitrum: Outbox Entry
Bridge 196,default,0x1c479675ad559dc151f6ec7ed3fbf8cee79582b6,Arbitrum: Sequencer Inbox
Bridge 196,default,0xdac7bb7ce4ff441a235f08408e632fa1d799a147,Avalanche: Avalanche-Ethereum Bridge
Bridge 196,default,0x8eb8a3b98659cce290402893d0123abb75e3ab28,Avalanche: Bridge
Bridge 196,default,0xe78388b4ce79068e89bf8aa7f218ef6b9ab0e9d0,Avalanche: Old Bridge
Bridge 196,default,0x1a2a1c938ce3ec39b6d47113c7955baa9dd454f2,Axie Infinity: Ronin Bridge
Bridge 196,default,0x64192819ac13ef72bf6b5ae239ac672b43a9af08,Axie Infinity: Ronin Bridge V2
Bridge 196,default,0x737901bea3eeb88459df9ef1be8ff3ae1b42a2ba,Aztec: Private Rollup Bridge
Bridge 196,default,0xf78765bd14b4e8527d9e4e5c5a5c11a44ad12f47,Biconomy: Hyphen Bridge
Bridge 196,default,0xecad1ab3464eccc7536af6afee414df873495616,BoringDAO: Bridge
Bridge 196,default,0x841ce48f9446c8e281d3f1444cb859b4a6d0738c,Celer Network: cBridge
Bridge 196,default,0xc578cbaf5a411dfa9f0d227f97dadaa4074ad062,Celer Network: cBridge 2.0
Bridge 196,default,0x5427fefa711eff984124bfbb1ab6fbf5e3da1820,Celer Network: cBridge V2
Bridge 196,default,0xf1c1413096ff2278c3df198a28f8d54e0369cf3a,Celo: ETH Helper
Bridge 196,default,0x74af8a878317e0f6e72e302fbcdf5f3009186398,Counterstake: Bridge
Bridge 196,default,0x4add6ab943e7908bb51e7878755d0ca322c898d6,Counterstake: USDC Bridge
Bridge 196,default,0x3be8a7d4aa3e9b723a718e1b83fe8a8b5c37871c,Counterstake: WBTC Bridge
Bridge 196,default,0x43de2d77bf8027e25dbd179b491e8d64f38398aa,deBridgeGate
Bridge 196,default,0xd54f502e184b6b739d7d27a6410a67dc462d69c8,dYdX: L2 Perpetual Smart Contract
Bridge 196,default,0x9280e0ffdfae4ec895fdf4d4978c9e1b869eb774,Evo DeFi: Bridge
Bridge 196,default,0x9a8c4bdcd75cfa1059a6e453ac5ce9d3f5c82a35,Fantom: Bridge
Bridge 196,default,0x6880f6fd960d1581c2730a451a22eed1081cfd72,Fuel: Bridge
Bridge 196,default,0x3014ca10b91cb3d0ad85fef7a3cb95bcac9c0f79,Fuse: Native Bridge
Bridge 196,default,0x30f938fed5de6e06a9a7cd2ac3517131c317b1e7,Giveth: Trace Bridge
Bridge 196,default,0x75ace7a086ea0fb1a79e43cc6331ad053d8c67cb,Gluon Network
Bridge 196,default,0x88ad09518695c6c3712ac10a214be5109a655671,Gnosis Chain: Omni Bridge
Bridge 196,default,0x4aa42145aa6ebf72e164c9bbc74fbd3788045016,Gnosis Chain: xDai Bridge
Bridge 196,default,0x7e7669bdff02f2ee75b68b91fb81c2b38f9228c2,Gnosis: Foreign Bridge
Bridge 196,default,0x6ea6c65e14661c0bcab5bc862fe5e7d3b5630c2f,Gnosis: GEN-xGEN Bridge
Bridge 196,default,0x7301cfa0e1756b71869e93d4e4dca5c7d0eb0aa6,Gnosis: Home Bridge
Bridge 196,default,0xa4108aa1ec4967f8b52220a4f7e94a8201f2d906,Gravity Bridge: Bridge
Bridge 196,default,0xfd53b1b4af84d59b20bf2c20ca89a6beeaa2c628,Harmony: BUSD Bridge
Bridge 196,default,0x2dccdb493827e15a5dc8f8b72147e6c4a5620857,Harmony: ERC20 Bridge
Bridge 196,default,0x426a61a2127fdd1318ec0edce02474f382fdad30,Harmony: ERC721 Bridge
Bridge 196,default,0xf9fb1c508ff49f78b60d3a96dea99fa5d7f3a8a6,Harmony: ETH Bridge
Bridge 196,default,0xfe601de9d4295274b9904d5a9ad7069f23ee2b32,Harmony: LINK Bridge
Bridge 196,default,0x4d34e61caf7a3622759d69e48ccdeb8dee5021e8,Harmony: ONE Bridge
Bridge 196,default,0x1bd0029385f95ad2584cdfaf5c19f3f20651def6,Harmony: Token Bridge
Bridge 196,default,0xe2e3441004e7d377a2d97142e75d465e0dd36af9,Hashflow: Bridge
Bridge 196,default,0xa929022c9107643515f5c777ce9a910f0d1e490c,HECO Chain: Bridge
Bridge 196,default,0x3d4cc8a61c7528fd86c55cfe061a78dcba48edd1,Hop Protocol: DAI Bridge
Bridge 196,default,0xb8901acb165ed027e32754e0ffe830802919727f,Hop Protocol: Ethereum Bridge
Bridge 196,default,0x914f986a44acb623a277d6bd17368171fcbe4273,Hop Protocol: HOP Bridge
Bridge 196,default,0x22b1cbb8d98a01a3b71d034bb899775a76eb1cc2,Hop Protocol: MATIC Bridge
Bridge 196,default,0x893246facf345c99e4235e5a7bbee7404c988b96,Hop Protocol: SNX Bridge
Bridge 196,default,0x3666f603cc164936c1b87e207f36beba4ac5f18a,Hop Protocol: USDC Bridge
Bridge 196,default,0x3e4a3a4796d16c0cd582c382691998f7c06420b6,Hop Protocol: USDT Bridge
Bridge 196,default,0xb98454270065a31d71bf635f6f7ee6a518dfb849,Hop Protocol: WBTC Bridge
Bridge 196,default,0x5fdcca53617f4d2b9134b29090c87d01058e27e9,Immutable X: Bridge
Bridge 196,default,0x37acfef331e6063c8507c2a69c97b4f78c770a5a,InstaDapp: Maker Compound Bridge
Bridge 196,default,0x3307c46a1e9633025d2e89658c7502a683585450,iSwap: Ethereum Bridge
Bridge 196,default,0x5a1d63d3e1303e89503f2a1ecb553328f148909d,Jointer: JNTR/e <> JNTR Bridge
Bridge 196,default,0x50002cdfe7ccb0c41f519c6eb0653158d11cd907,Layer Zero: Aptos Bridge
Bridge 196,default,0xf86fd6735f88d5b6aa709b357ad5be22cedf1a05,Layer2Finance: Rollup Chain
Bridge 196,default,0x66a71dcef29a0ffbdbe3c6a460a3b5bc225cd675,LayerZero: Ethereum Endpoint
Bridge 196,default,0x014f808b7d4b6f58be5fef88002d5028cd0ed14b,Lition: Token Bridge
Bridge 196,default,0x0baba1ad5be3a5c0a66e7ac838a129bf948f1ea4,Loopring: Exchange v2
Bridge 196,default,0x674bdf20a0f284d710bc40872100128e2d66bd3f,Loopring: Exchange v2 Deposit
Bridge 196,default,0xec3cc6cf0252565b56fc7ac396017df5b9b78a31,Loopring: Exchange v2 Fast Withdrawal
Bridge 196,default,0x3980c9ed79d2c191a89e02fa3529c60ed6e9c04b,Metis Andromeda: Bridge
Bridge 196,default,0xc10ef9f491c9b59f936957026020c321651ac078,Multichain: anyCall V6
Bridge 196,default,0xfc7cc7c7e7985316d23104b9689c511134f59bc8,Multichain: Astar Bridge
Bridge 196,default,0x13b432914a996b0a48695df9b2d701eda45ff264,Multichain: BNB Bridge
Bridge 196,default,0xc564ee9f21ed8a2d8e7e76c085740d5e4c5fafbe,Multichain: Fantom Bridge
Bridge 196,default,0x87bcb3038988ca2a89605ffa8f237fb78df1c3ae,Multichain: Fuse Bridge
Bridge 196,default,0x46290b0c3a234e3d538050d8f34421797532a827,Multichain: Fusion Bridge
Bridge 196,default,0xd779967f8b511c5edf39115341b310022900efed,Multichain: Huobi Bridge
Bridge 196,default,0x923e0a17f49fb03d936f2af2d59d379c615f5447,Multichain: KCC Bridge
Bridge 196,default,0xec4486a90371c9b66f499ff3936f29f0d5af8b7e,Multichain: Moonbeam Bridge
Bridge 196,default,0x10c6b61dbf44a083aec3780acf769c77be747e23,Multichain: Moonriver Bridge
Bridge 196,default,0xe4cf417081a0ab3f964b44d904bc2b534351a9a7,Multichain: Oasis Network Bridge
Bridge 196,default,0x533e3c0e6b48010873b947bddc4721b1bdff9648,Multichain: Old BSC Bridge
Bridge 196,default,0xe95fd76cf16008c12ff3b3a937cb16cd9cc20284,Multichain: Router V3
Bridge 196,default,0x6b7a87899490ece95443e979ca9485cbe7e71522,Multichain: Router V4
Bridge 196,default,0x765277eebeca2e31912c9946eae1021199b39c61,Multichain: Router V4 2
Bridge 196,default,0xba8da9dcf11b50b03fd5284f164ef5cdef910705,Multichain: Router V6
Bridge 196,default,0x4e67df0f232c3bc985f8a63326d80ce3d9a40400,Multichain: Shiden Network Bridge
Bridge 196,default,0x8cc49fe67a4bd7a15674c4ffd4e969d94304bbbf,Multichain: Syscoin Bridge
Bridge 196,default,0x57ed6bd35a6ce815079855cd0b21331d1d5d0a0e,Multichain: Telos Bridge
Bridge 196,default,0xcdd83050f045ab31b884f0dc49581bc7b3e0b84c,Multichain: Velas Bridge
Bridge 196,default,0x23ddd3e3692d1861ed57ede224608875809e127f,Near: Rainbow Bridge
Bridge 196,default,0x2d6775c1673d4ce55e1f827a0d53e62c43d1f304,Nomad: Bridge
Bridge 196,default,0x88a69b4e698a4b090df6cf5bd7b2d47325ad30a3,Nomad: ERC20 Bridge
Bridge 196,default,0x070cb1270a4b2ba53c81cef89d0fd584ed4f430b,OMG Network V1: ERC-20 Vault
Bridge 196,default,0x3eed23ea148d356a72ca695dbce2fceb40a32ce0,OMG Network V1: ETH Vault
Bridge 196,default,0x48d7a6bbc428bca019a560cf3e8ea5364395aad3,OMG Network V1: Exit Game
Bridge 196,default,0xdc1664458d2f0b6090bea60a8793a4e66c2f1c00,OMG Network: Boba Gateway
Bridge 196,default,0x6a39909e805a3eadd2b61fff61147796ca6abb47,Optics: Bridge
Bridge 196,default,0x4fc16de11deac71e8b2db539d82d93be4b486892,Optics: ERC-20 Bridge
Bridge 196,default,0x2784a755690453035f32ac5e28c52524d127afe2,Optics: ETH Helper
Bridge 196,default,0x10e6593cdda8c58a1d0f14c5164b376352a55f2f,Optimism: DAI Bridge
Bridge 196,default,0x99c9fc46f92e8a1c0dec1b1747d010903e884be1,Optimism: Gateway
Bridge 196,default,0x467194771dae2967aef3ecbedd3bf9a310c76c65,Optimism: L1 Escrow
Bridge 196,default,0x1bf68a9d1eaee7826b3593c20a0ca93293cb489a,Orbit Chain: Bridge
Bridge 196,default,0xeec0fb4913119567cdfc0c5fc2bf8f9f9b226c2d,Phala Network: Phala Chain Bridge
Bridge 196,default,0xcd38b15a419491c7c1238b0659f65c755792e257,Phala Network: ERC20 Bridge Handler
Bridge 196,default,0x8f92e7353b180937895e0c5937d616e8ea1a2bb9,Phala Network: Main Bridge Contract
Bridge 196,default,0x2140ecdc45c89ca112523637824513bae72c8671,POA Network: AMB-ETH-POA
Bridge 196,default,0x4c36d2919e407f0cc2ee3c993ccf8ac26d9ce64e,POA Network: AMB-ETH-XDAI
Bridge 196,default,0xa0c68c638235ee32657e8f720a23cec1bfc77c77,Polygon (Matic): Bridge
Bridge 196,default,0x40ec5b33f54e0e8a33a975908c5ba1c14e5bbbdf,Polygon (Matic): ERC20 Bridge
Bridge 196,default,0x8484ef722627bf18ca5ae6bcf031c23e6e922b30,Polygon (Matic): Ether Bridge
Bridge 196,default,0x401f6c983ea34274ec46f84d70b31c151321188b,Polygon (Matic): Plasma Bridge
Bridge 196,default,0xa68d85df56e733a06443306a095646317b5fa633,Polygon: Hermez
Bridge 196,default,0xf687e1481d85f8b9f4d1f4d4c15348cef8e5a762,Relay Chain: Bridge
Bridge 196,default,0xe4b679400f0f267212d5d812b95f58c83243ee71,Ren: BTC Gateway
Bridge 196,default,0x32666b64e9fd0f44916e1378efb2cfa3b3b96e80,Ren: RenBridge
Bridge 196,default,0x5d22045daceab03b158031ecb7d9d06fad24609b,Rhino.fi: Bridge
Bridge 196,default,0x12ed69359919fc775bc2674860e8fe2d2b6a7b5d,RSK: Token Bridge
Bridge 196,default,0xd8b19613723215ef8cc80fc35a1428f8e8826940,Rubic Exchange
Bridge 196,default,0xf4b00c937b4ec4bb5ac051c3c719036c668a31ec,Secret Network: Bridge
Bridge 196,default,0xeae57ce9cc1984f202e15e038b964bb8bdf7229a,Sollet: Solana Bridge
Bridge 196,default,0xf5c9f957705bea56a7e806943f98f7777b995826,Sorare: L2 Bridge
Bridge 196,default,0x659a00c33263d9254fed382de81349426c795bb6,StarkNet: StarkGate DAI Bridge
Bridge 196,default,0xae0ee0a63a2ce6baeeffe56e7714fb4efe48d419,StarkNet: StarkGate ETH Bridge
Bridge 196,default,0xf6080d9fbeebcd44d89affbfd42f098cbff92816,StarkNet: StarkGate USDC Bridge
Bridge 196,default,0xbb3400f107804dfb482565ff1ec8d8ae66747605,StarkNet: StarkGate USDT Bridge
Bridge 196,default,0x283751a21eafbfcd52297820d27c1f1963d9b5b4,StarkNet: StarkGate WBTC Bridge
Bridge 196,default,0x2796317b0ff8538f253012862c06787adfb8ceb6,Synapse: Bridge
Bridge 196,default,0xa2569370a9d4841c9a62fc51269110f2eb7e0171,Synapse: Bridge Zap 1
Bridge 196,default,0x6571d6be3d8460cf5f7d6711cd9961860029d85f,Synapse: Bridge Zap 3
Bridge 196,default,0x045e507925d2e05d114534d0810a1abd94aca8d6,Synthetix: L2 Bridge
Bridge 196,default,0xcd9d4988c0ae61887b075ba77f08cbfad2b65068,Synthetix: L2 Deposit
Bridge 196,default,0x5fd79d46eba7f351fe49bff9e87cdea6c821ef9f,Synthetix: L2 Deposit Escrow
Bridge 196,default,0xc145990e84155416144c532e31f89b840ca8c2ce,THORSwap: RouterV2
Bridge 196,default,0x4103c267fba03a1df4fe84bc28092d629fa3f422,Umbria: Narni Bridge
Bridge 196,default,0x86ca49d37015a8541642b1b5a90af0115ec61994,Undead Blocks: Bridge
Bridge 196,default,0xf301d525da003e874df574bcdd309a6bf0535bb6,Voltage Finance: ERC-20 Tokens Bridge
Bridge 196,default,0x98f3c9e6e3face36baad05fe09d375ef1464288b,Wormhole: Ethereum Core Bridge
Bridge 196,default,0x3ee18b2214aff97000d974cf647e7c347e8fa585,Wormhole: Portal Token Bridge
Bridge 196,default,0xf92cd566ea4864356c5491c177a430c222d7e678,Wormhole: Solana Bridge
Bridge 196,default,0x31efc4aeaa7c39e54a33fdc3c46ee2bd70ae0a09,xPollinate: Transaction Manager
Bridge 196,default,0xe34b087bf3c99e664316a15b01e5295eb3512760,Zapper.Fi: Ethereum to Polygon Bridge
Bridge 196,default,0x104b9b1c41c6764e88edf1207f498902d840fe2a,Zeroswap: BSC Bridge
Bridge 196,default,0x0dd1f24cf4ff96f197a795d02d0ba1eb53448bcc,Zeroswap: Polygon Bridge
Bridge 196,default,0x8eca806aecc86ce90da803b080ca4e3a9b8097ad,ZKSwap
Bridge 196,default,0x6de5bdc580f55bc9dacafcb67b91674040a247e3,ZKSwap: V2 Bridge
Bridge 196,default,0x5cdaf83e077dbac2692b5864ca18b61d67453be8,ZKSwap: ZKSpace Bridge
Bridge 196,default,0xabea9132b05a70803a4e85094fd0e1800777fbef,zkSync
