labelName,tabType,address,nameTag
BuidlGuidl Builders 373,default,0xf939e098ef639c209721a26a6f09264974d660c8,
BuidlGuidl Builders 373,default,0x1a4c2b35c9b4cc9f9a833a43dbe3a78fdb80bb54,
BuidlGuidl Builders 373,default,0xfb97540439c2aae2556f60efe8f0a4cad52941a0,
BuidlGuidl Builders 373,default,0x1c80d2a677c4a7756cf7d00fbb1c1766321333c3,
BuidlGuidl Builders 373,default,0x1e5cd69a6888bb79bd8ef2cd9201d82a7ecde0c8,
BuidlGuidl Builders 373,default,0x203472dc08df8b1cff711c7c57d0e597cb85f59f,
BuidlGuidl Builders 373,default,0x21fc0879f478b6ac9a43d08f119850c1fec66e8f,
BuidlGuidl Builders 373,default,0x254e20ff2307fb065d95d3fd44d5b3720d8ae7f6,
BuidlGuidl Builders 373,default,0x27629b5d175e899a19ed6b3a96016377d5ee4768,
BuidlGuidl Builders 373,default,0xd6ff63e080a8eef554ba928af1d2f1a3e228b1da,
BuidlGuidl Builders 373,default,0xd933a3ec19065dfaec5ccaa4bfd6cd1dd370d9f3,
BuidlGuidl Builders 373,default,0x00d748563106e9de57de568ab5e00d60e1ce82b9,
BuidlGuidl Builders 373,default,0xddbf74b960c69df43693affb925f85cde3674db5,
BuidlGuidl Builders 373,default,0x04ed8a52c9d99eb0925632273ef30c5dbe0823dc,
BuidlGuidl Builders 373,default,0xe471371d3907d09dcc21f334eec5364f971db1db,
BuidlGuidl Builders 373,default,0x099321e59edc3745d24cbb6288aaba8e320a8c88,
BuidlGuidl Builders 373,default,0xe51bf3e207e3ccbf0ccf3f12464eb63f97226b8d,
BuidlGuidl Builders 373,default,0x0f178b71369714dff90e6531f9b010828646a229,
BuidlGuidl Builders 373,default,0xe8524ca4edfaad4535ed63f1adbe7aea39d0213d,
BuidlGuidl Builders 373,default,0x10754c9319683500b1d60fbfe41001b75201d66d,
BuidlGuidl Builders 373,default,0xeb2227d51e0a58e0fd1e398154d75299c29657ac,
BuidlGuidl Builders 373,default,0x151a64570e4997739458455ba4ab5a535fd2e306,
BuidlGuidl Builders 373,default,0xef342df0f750c823e2612de0466cfb57aa2758b1,
BuidlGuidl Builders 373,default,0x1740806aeb420e4fc29f60ee6ddc3451432a7c66,
BuidlGuidl Builders 373,default,0xf3931dbd3b14bb733c1b6da4c3a088324ed4ee99,
BuidlGuidl Builders 373,default,0x18a5fcf8f1b6a539483cf3d28c1b6cac36b15295,
BuidlGuidl Builders 373,default,0xf7e89e45502890381f9242403ea8661fad89ca79,
BuidlGuidl Builders 373,default,0x194541d1009d22f7ae586c3aaef4273b5aa79596,
BuidlGuidl Builders 373,default,0x5fdca3b883282fcc911923a87dbaec6851519a9c,
BuidlGuidl Builders 373,default,0x807a1752402d21400d555e1cd7f175566088b955,
BuidlGuidl Builders 373,default,0x616ed675fde921be584dc6376ae67d0a2fc27adc,
BuidlGuidl Builders 373,default,0x819069958518aa8b158930f0f5a4a97e9cbd7ef9,
BuidlGuidl Builders 373,default,0x62769593d8d0a682ebe17935af40df57185ec169,
BuidlGuidl Builders 373,default,0x88445f4f84572a59e482aba288039b29c897547a,
BuidlGuidl Builders 373,default,0x65267c4c1c2634a68f1ab3d31d7e4954f88a1f4d,
BuidlGuidl Builders 373,default,0x8abccaed2dc01b9c7b9f2fc44162efadcd23e28b,
BuidlGuidl Builders 373,default,0x680d62527f7d36f35ecbc428f363481f6be64f24,
BuidlGuidl Builders 373,default,0x8c9d11ce64289701efeb6a68c16e849e9a2e781d,
BuidlGuidl Builders 373,default,0x6a8076e1b8fc43d5e07d03ba090d7a19e1cdafd1,
BuidlGuidl Builders 373,default,0x900e3954ea22de275a4db33dd46c497d9a664f0d,
BuidlGuidl Builders 373,default,0x6e3a76980ff269e7bfed4de532d4f03e0768b2dc,
BuidlGuidl Builders 373,default,0x92cfe98ea050a12d237edb9b7901a15aac88379a,
BuidlGuidl Builders 373,default,0x707aab22fbe4401322e87644ccb873dcd73a50c0,
BuidlGuidl Builders 373,default,0x96d2bf784941fa6f97d421c6b5c154a534d5fc9d,
BuidlGuidl Builders 373,default,0x72575f26298040e75f40fca4276146f5751fdb92,
BuidlGuidl Builders 373,default,0x997d35b300ba1775fdb175df045252e57d6ea5b0,
BuidlGuidl Builders 373,default,0x74d45a2c71330e771f0b15eec54391deeb0e9145,
BuidlGuidl Builders 373,default,0x9e67029403675ee18777ed38f9c1c5c75f7b34f2,
BuidlGuidl Builders 373,default,0xa126768df90fbe59ab542c3c33701c4b975ff632,
BuidlGuidl Builders 373,default,0x524c91dd7902827cb51119f018fd560237985d3a,
BuidlGuidl Builders 373,default,0xa4968ed5cc2bbe3f73c5080cd18d8629c0b0ab2b,
BuidlGuidl Builders 373,default,0x537df8463a09d0370dee4de077178300340b0030,
BuidlGuidl Builders 373,default,0xa54bd3f0f73e1ad9db1ad6b459867283490cff41,
BuidlGuidl Builders 373,default,0x54179e1770a780f2f541f23cb21252de12977d3c,
BuidlGuidl Builders 373,default,0xaac5409b690e57b6e8c01ef1a9d47c3737eba4f4,
BuidlGuidl Builders 373,default,0x56d8bf89371ba9ed001a27ac7a1fab640afe4f91,
BuidlGuidl Builders 373,default,0x59a8a6f88a5284a3af4ce074af867b5db60726ac,
BuidlGuidl Builders 373,default,0x7a1ace83a33d111c373871d5964857875ab39add,
BuidlGuidl Builders 373,default,0x5dcb5f4f39caa6ca25380cfc42280330b49d3c93,
BuidlGuidl Builders 373,default,0x7c8b834d8078fa4786275b57cfd7757ca83a6ca7,
BuidlGuidl Builders 373,default,0x3bc9086fefe28ecd325947abc5e4f1a279f52c1e,
BuidlGuidl Builders 373,default,0xc4298e8ab6cf36cc20f04c2889e319fc0c251300,
BuidlGuidl Builders 373,default,0x3f22f740d41518f5017b76eed3a63eb14d2e1b07,
BuidlGuidl Builders 373,default,0xc635dc7e540d384876ac4d6178d9971241b8383b,
BuidlGuidl Builders 373,default,0x420b71b5767863f675b15722e37f9dc40be5123b,
BuidlGuidl Builders 373,default,0xc79ae8ff0197fcefbecffd89347dc4332bfcd4ea,
BuidlGuidl Builders 373,default,0x438d67e825d31d4a9910241074025b75b08470e1,
BuidlGuidl Builders 373,default,0xcbfa02da715120264965a09025c93e130a87cd5b,
BuidlGuidl Builders 373,default,0x442ef79acb093d2531a89882e659d06983c6ab86,
BuidlGuidl Builders 373,default,0xcd84e21e2afa59dd59320d517481d36c13ac9257,
BuidlGuidl Builders 373,default,0x4874ee3538efee4597df310434d14812653a58dc,
BuidlGuidl Builders 373,default,0xcf96dc665022057d173c03302b87b93330ff99c4,
BuidlGuidl Builders 373,default,0x4b6c8f85b1aa4c50828c4a0224e2f84acc33ef14,
BuidlGuidl Builders 373,default,0xd2a43d48b92ecfcf971ba0401b7243429b7a78c8,
BuidlGuidl Builders 373,default,0x4eed9ce331948932b3df2817abcfa6f29b043868,
BuidlGuidl Builders 373,default,0x515335b2b1391e9b33753577f15f27e9baefa8b5,
BuidlGuidl Builders 373,default,0xadfda5e88d3642219427dc8278029b17a7df5ce0,
BuidlGuidl Builders 373,default,0xaf14c62948c8c4d0498d60f05f63aed34ab6213b,
BuidlGuidl Builders 373,default,0x2a52d80b07925f47ba8d774c72628558a1ce873a,
BuidlGuidl Builders 373,default,0xb24156b92244c1541f916511e879e60710e30b84,
BuidlGuidl Builders 373,default,0x2d143b3ae28fa31e7c821d138c58c32a30aa36ae,
BuidlGuidl Builders 373,default,0xb542e27732a390f509fd1ff6844a8386fe320f7f,
BuidlGuidl Builders 373,default,0x2f79c1ae4d60bb2dff0389782359e3676712e6e3,
BuidlGuidl Builders 373,default,0xb8d4e4aa8fc4aa01e5b09d7354104b43e9a74bf5,
BuidlGuidl Builders 373,default,0x3262951140d9984d68e0613af69e9344dc28eb28,
BuidlGuidl Builders 373,default,0xb9f95b60dcda8d8c66898ccf1fe0c186488562fe,
BuidlGuidl Builders 373,default,0x359bfb5160946a55f03c080c2dc6975c8f970d5c,
BuidlGuidl Builders 373,default,0xbd45b6832ae896efb51c265ef7cc785f4a89aec0,
BuidlGuidl Builders 373,default,0x378d26155e4f3a5c24240ab2199616aadfbd4bca,
BuidlGuidl Builders 373,default,0xbf7877303b90297e7489aa1c067106331dff7288,
BuidlGuidl Builders 373,default,0x38c772b96d73733f425746bd368b4b4435a37967,
BuidlGuidl Builders 373,default,0xc218ba35881cc17bb20d3b4d3b0cf6ebca67ba97,
BuidlGuidl Builders 373,default,0xf9027edda0caa632f442edef809a3166c0e5eaa1,
BuidlGuidl Builders 373,default,0x1a2d838c4bbd1e73d162d0777d142c1d783cb831,
BuidlGuidl Builders 373,default,0xfa3c26c27db82e2cde32d8fe7f2ae1ad2227cb68,
BuidlGuidl Builders 373,default,0x1c0accc24e1549125b5b3c14d999d3a496afbdb1,
BuidlGuidl Builders 373,default,0x1e2ce012b27d0c0d3e717e943ef6e62717cec4ea,
BuidlGuidl Builders 373,default,0x1f52c882702764b8efc3ba5f4df44064e68fa7f2,
BuidlGuidl Builders 373,default,0x2194c0e9a0d75677b2fe3d1e11a0fc98147eb19a,
BuidlGuidl Builders 373,default,0x24a83bb9e421d16075f9bb5508b32ddcd9949111,
BuidlGuidl Builders 373,default,0x27275978cbeb7fbf4e464870d5e2d95eaac85ac8,
BuidlGuidl Builders 373,default,0xd37e8dcd953ce34c0187f20ba58e462b68139766,
BuidlGuidl Builders 373,default,0xd861415f6703ab50ce101c7e6f6a80ada1fc2b1c,
BuidlGuidl Builders 373,default,0x00aea5c5012a89debdd45e1f5c4dd03e0e649b69,
BuidlGuidl Builders 373,default,0xdd62e4cd567a23eae0bcd6d3c3363062e184fb14,
BuidlGuidl Builders 373,default,0x049101ef5d69473cc0392dc619d98286ecad5cf9,
BuidlGuidl Builders 373,default,0xe3e8411c6ad96e3f08ea5351e2f6f5dde51190b0,
BuidlGuidl Builders 373,default,0x08bfde0d45ac7d5479a5bcfdcbac6f7086750da2,
BuidlGuidl Builders 373,default,0xe4e6dc19efd564587c46dca2ed787e45de17e7e1,
BuidlGuidl Builders 373,default,0x0eb2ab241210900aeac2fba054dd605355fe2490,
BuidlGuidl Builders 373,default,0xe6fa91e51b46a62c372114ba3f6a154f564162b9,
BuidlGuidl Builders 373,default,0x10012b9e968c86406de3d00e94df8a68a9d921b3,
BuidlGuidl Builders 373,default,0xea8e2e39740b77c3449b34516b0922e71b1dbe44,
BuidlGuidl Builders 373,default,0x1443498ef86df975d8a2b0b6a315fb9f49978998,
BuidlGuidl Builders 373,default,0xebc9a9eb371b71ea799e1cc6f0239c9814cfef40,
BuidlGuidl Builders 373,default,0x169841aa3024cfa570024eb7dd6bf5f774092088,
BuidlGuidl Builders 373,default,0xf126b703384cea03e60c2ce07b4cf3298e5e6f0b,
BuidlGuidl Builders 373,default,0x18727512ef3ef75e6d9a67295bd9926c7d45fc9d,
BuidlGuidl Builders 373,default,0xf75200b7684a120fba433145609112616749c082,
BuidlGuidl Builders 373,default,0x194297afcf7122e10390b7b92e3fdcd2686ecd18,
BuidlGuidl Builders 373,default,0x7fe65d99a0998cdba8e1f749303a467dcf87e815,
BuidlGuidl Builders 373,default,0x614ae4c6eb91cec9e6e178549c0745a827212b24,
BuidlGuidl Builders 373,default,0x813f45bd0b48a334a3cc06bcef1c44aad907b8c1,
BuidlGuidl Builders 373,default,0x6271abbef86309efb6b29ec049a7f2c00053bef1,
BuidlGuidl Builders 373,default,0x87f47b376aef2f507ce8e440895c0f9e1a372dd8,
BuidlGuidl Builders 373,default,0x64c150b8f3ac7b4e4ec32e313385d7bd2229ffa8,
BuidlGuidl Builders 373,default,0x8a35d1eb766f4f0cb3bb34760b7628f3e04c1c0d,
BuidlGuidl Builders 373,default,0x66ece1d45db271536842ec58f70dc7471fa09768,
BuidlGuidl Builders 373,default,0x8c9ad9ff0655db057317fdd37b4aabcc5411e87d,
BuidlGuidl Builders 373,default,0x8f9b1b9eaabe5a1cad1c432cb9ae03b9840661de,
BuidlGuidl Builders 373,default,0x6c9ea5ab34b32b71358c46d13db5ee29d76f039f,
BuidlGuidl Builders 373,default,0x910e66d19eff95cfec03dd6eaef13face27c12ee,
BuidlGuidl Builders 373,default,0x7030f4d0dc092449e4868c8ddc9bc00a14c9f561,
BuidlGuidl Builders 373,default,0x963979af9539bc263939e2297ef9727dae886e13,
BuidlGuidl Builders 373,default,0x723bb2d17e2d4ac52ba20311df1a62cfa8c51a05,
BuidlGuidl Builders 373,default,0x992651bde478421be71475e1d58ed50ad793da0e,
BuidlGuidl Builders 373,default,0x744a89d246a35095fe4baa0a01fb3aac0ba5922e,
BuidlGuidl Builders 373,default,0x9e0787a1a50b40d59d877a0f914abd0c6a2ae9b6,
BuidlGuidl Builders 373,default,0x9ee6bda8c5a1c9ae53d061f9f5626104a409d9cc,
BuidlGuidl Builders 373,default,0x523d007855b3543797e0d3d462cb44b601274819,
BuidlGuidl Builders 373,default,0xa380339b85f7f4ba5d5640bcf2c75fdcb4d4cdfa,
BuidlGuidl Builders 373,default,0x53386b18809922960793c4636572e4830f822474,
BuidlGuidl Builders 373,default,0xa53a6fe2d8ad977ad926c485343ba39f32d3a3f6,
BuidlGuidl Builders 373,default,0x5404ea8289155b2918426640e559e6e6db0a5f3e,
BuidlGuidl Builders 373,default,0xa95525c8b57de6f7b325aaa66543949f7b1baade,
BuidlGuidl Builders 373,default,0x55b9cb0bcf56057010b9c471e7d42d60e1111eea,
BuidlGuidl Builders 373,default,0x59a5cd1c8b1993e4f48cbb0d5b64d568ffa5f7fe,
BuidlGuidl Builders 373,default,0x7829d5f3466c1cac478824e6c7820e5e6dafbdf2,
BuidlGuidl Builders 373,default,0x5c43b1ed97e52d009611d89b74fa829fe4ac56b1,
BuidlGuidl Builders 373,default,0x7c04681be730c2f418884036b5d9bb94573d71b1,
BuidlGuidl Builders 373,default,0x5f45d94f6087dc59e68bcf822fcf9f1b8ecc3563,
BuidlGuidl Builders 373,default,0x3a6dd6fcc82f1bad7aebec05f9e9b751aacbc091,
BuidlGuidl Builders 373,default,0xc383d7319191276e8bea6643583466c092b49517,
BuidlGuidl Builders 373,default,0x3df10334531a3c86590245e12be0104dd3459159,
BuidlGuidl Builders 373,default,0xc5e92e7f2e1cf916b97db500587b79da23fadeb1,
BuidlGuidl Builders 373,default,0x4108d8baee23ade431b9321b3ab5b16493b6dbf2,
BuidlGuidl Builders 373,default,0xc7054d9500e9ee1ad7bf245bbdb5eaa112a81737,
BuidlGuidl Builders 373,default,0x438d3a0169abab112d5c6500d30bc2ccb5d5139e,
BuidlGuidl Builders 373,default,0xcb6fe4301c24f31a704c0d51fba3474e7f30fa39,
BuidlGuidl Builders 373,default,0x43fb19a15ae5ee754fbef90db08e28ddd647523e,
BuidlGuidl Builders 373,default,0xcd1151307f382f9301dabf07f563c93f6547ae06,
BuidlGuidl Builders 373,default,0x46aaf21438f8fcab55f6e0788da08064234824e4,
BuidlGuidl Builders 373,default,0xcec65f951c4cde69b39a2d5266c61bb28ffce8fd,
BuidlGuidl Builders 373,default,0x4b2b0d5ee2857ff41b40e3820cdfac8a9ca60d9f,
BuidlGuidl Builders 373,default,0xd16e29c91d4623d53887b320109855d32f9bd90e,
BuidlGuidl Builders 373,default,0x4d805f653b24e34e9cf7e39e28fbfab13668563a,
BuidlGuidl Builders 373,default,0x50fc27c707c0f83447939532a8d9218417a21321,
BuidlGuidl Builders 373,default,0xacf16886efa51ff0957ef321b8510e53d67d1d7c,
BuidlGuidl Builders 373,default,0x28e0e8d05a4c133a8b22210634cd2cfa012d1b15,
BuidlGuidl Builders 373,default,0xb1898a42cfe1a82f9a8c363e48ce05394c64fe70,
BuidlGuidl Builders 373,default,0x2cb1c1935478e3115b7e3f5b4a177adccf48ba7f,
BuidlGuidl Builders 373,default,0xb418426ba654d400dc259ce1e50ef299846f34af,
BuidlGuidl Builders 373,default,0x2f4036f9f0fff5d39e7f5e915ed901fe456f7951,
BuidlGuidl Builders 373,default,0xb810b728e44df56eaf4da93ddd08168b3660753f,
BuidlGuidl Builders 373,default,0x3173e63d2abbc1582fe41719edeee25a2624ac9d,
BuidlGuidl Builders 373,default,0xb9e291b68e584be657477289389b3a6deed3e34c,
BuidlGuidl Builders 373,default,0x34c3c24cc513a074987dc5fbcad2ec3fdeb10bb9,
BuidlGuidl Builders 373,default,0xbc3b1bbbd8f316cb606db849bcc545ec2e4adfa1,
BuidlGuidl Builders 373,default,0x36720066fc34c74ce2b9126a883bbdc03abaf987,
BuidlGuidl Builders 373,default,0xbe8092fc3f545c212981ea9b3ea663e5857a0fb5,
BuidlGuidl Builders 373,default,0x38b2bac6431604dffec17a1e6adc649a9ea0efba,
BuidlGuidl Builders 373,default,0xc15494af2b083c50a848192a174e93f3ea4692f2,
BuidlGuidl Builders 373,default,0xf8dfab4c563f01e1ce15b714d74b1e5456afbcac,
BuidlGuidl Builders 373,default,0x19ce57b670121e73e43be6c2fea5c254bb4c8760,
BuidlGuidl Builders 373,default,0xf9efde441f6d8bf6e888bec3fff1a8ba7ac896b1,
BuidlGuidl Builders 373,default,0x1b37b1ec6b7faacbb9addcca4043824f36fb88d8,
BuidlGuidl Builders 373,default,0xfef3e4e73d9352f71abdbb2e0b1ea44026b4887d,
BuidlGuidl Builders 373,default,0x1ddfba30b1c722704de264d4316758b31d7386e3,
BuidlGuidl Builders 373,default,0x1ee52cb44f1585159e14c60d22d935e8534ce59f,
BuidlGuidl Builders 373,default,0x2169b5deed138e7828cf69d3d8e4fd54c469cdfb,
BuidlGuidl Builders 373,default,0x249cad4afb7d7a90d9a12db3770c1e3aee79e4db,
BuidlGuidl Builders 373,default,0x26cfa7371b705f6193c952ac061eaa20926b8b3f,
BuidlGuidl Builders 373,default,0xd7dd548772ff126999a1a02640befa34c2ce470b,
BuidlGuidl Builders 373,default,0x007e483cf6df009db5ec571270b454764d954d95,
BuidlGuidl Builders 373,default,0xdba859facd269f276022d20fc8ca9a590ec57f1b,
BuidlGuidl Builders 373,default,0x038fe37c30a1b122382ca8de2f0ec9a4295984b1,
BuidlGuidl Builders 373,default,0xe088106e1ac58c15c4309df22baf25055cf56d77,
BuidlGuidl Builders 373,default,0x07f4d326fe4e5eb50e07cf7f0f0605be58dc0e21,
BuidlGuidl Builders 373,default,0xe4a98d2bfd66ce08128fdfffc9070662e489a28e,
BuidlGuidl Builders 373,default,0x0d999f38f307172d635bfc82aca51a186addae91,
BuidlGuidl Builders 373,default,0xe6228dfa20400f8988d71bcd6c8460ed13a7c49f,
BuidlGuidl Builders 373,default,0x0ffeb87106910eefc69c1902f411b431ffc424ff,
BuidlGuidl Builders 373,default,0xe8cdb3e8154f31f4bdec067fae00f44ffa0ae201,
BuidlGuidl Builders 373,default,0x1358155a15930f89ebc787a34eb4ccfd9720bc62,
BuidlGuidl Builders 373,default,0xeb7ec734df4c4448a82934eaef254ab90d98df84,
BuidlGuidl Builders 373,default,0x1629f32be1c0a47acbd268373e2f529788792ffe,
BuidlGuidl Builders 373,default,0xf0ad07414deb84b5267bb5aedf058bf8d5b1c8e9,
BuidlGuidl Builders 373,default,0x186e7fe6c34ea0eca7f9c2fd29651fc0443e3f29,
BuidlGuidl Builders 373,default,0xf5608136d8ccf67ebd0dfe1b0e05735f4e618fd1,
BuidlGuidl Builders 373,default,0x18c78629d321f11a1cdcbbaf394c78eb29412a4b,
BuidlGuidl Builders 373,default,0x7f7cedc494aeab61d464800056d4ddd2402563db,
BuidlGuidl Builders 373,default,0x60ca282757ba67f3adbf21f3ba2ebe4ab3eb01fc,
BuidlGuidl Builders 373,default,0x80be2aeddbe606486291e4ea3234cfcc757c8016,
BuidlGuidl Builders 373,default,0x6248e3da01a4d1992e7833467e7ed73303087618,
BuidlGuidl Builders 373,default,0x835d28ca7450fb7fb759539b0d4af8bb22ea0280,
BuidlGuidl Builders 373,default,0x64b946d3bc2ae7be584123935421bbca19fdcca5,
BuidlGuidl Builders 373,default,0x893d57464c8fcf1fb6de20276d9e3a6376dbb9c6,
BuidlGuidl Builders 373,default,0x66ce01cc05b4d78f36c4eda857c6268f74ea0cd7,
BuidlGuidl Builders 373,default,0x8b4eb599de12b656680e7422ef445f4e60b3e620,
BuidlGuidl Builders 373,default,0x69e4213eca52c68d90d308a9752e9ac6be05e419,
BuidlGuidl Builders 373,default,0x8ea9af7da7f3793ee39c0b64af049a014672c538,
BuidlGuidl Builders 373,default,0x6c13987c5a2be03e409ddf893550700694cd54ce,
BuidlGuidl Builders 373,default,0x90af4dca4d0dc6b1d7ba3458a265cd7e15c425c0,
BuidlGuidl Builders 373,default,0x70004b1eb04e7fd1fa172f5bc05f3ea3465a8422,
BuidlGuidl Builders 373,default,0x95279d41e64743d20514f32e6f0b2a51696143c8,
BuidlGuidl Builders 373,default,0x71ad84397a4be1449d4a28462a119a8bab2973dc,
BuidlGuidl Builders 373,default,0x97e7f9f6987d3b06e702642459f7c4097914ea87,
BuidlGuidl Builders 373,default,0x7383db2efdb0cbdb37ef60672dd95ef490bcb573,
BuidlGuidl Builders 373,default,0x9aaa7df667c76155d8cc85cbb95738bb8074ac4e,
BuidlGuidl Builders 373,default,0x76fb1a0ebd7da4e1db53d147c7dfe8eb0c9164f6,
BuidlGuidl Builders 373,default,0x9ead8357c41374d9f9cc63e7a91651924b5ad290,
BuidlGuidl Builders 373,default,0x51c3d920ad740d17eb80dd52d4af91519df39f79,
BuidlGuidl Builders 373,default,0xa3622f7312d61dc55f3d889084dfc9be96516a36,
BuidlGuidl Builders 373,default,0x52fd0101eb35af69e8bca7e7ad302514d14cbcc0,
BuidlGuidl Builders 373,default,0xa4ca1b15fe81f57cb2d3f686c7b13309906cd37b,
BuidlGuidl Builders 373,default,0x53e90aa7eddedb58a2da1698028501c56c53978f,
BuidlGuidl Builders 373,default,0xa935cec3c5ef99d7f1016674defd455ef06776c5,
BuidlGuidl Builders 373,default,0x55467540b54348a4769396e5ea4fb489022306bd,
BuidlGuidl Builders 373,default,0x596394b0b43911e281acb77492ab3d35f14ca31a,
BuidlGuidl Builders 373,default,0x775af9b7c214fe8792ab5f5da61a8708591d517e,
BuidlGuidl Builders 373,default,0x5abb06dc717cbe8112eff232a6dfc98cb521511d,
BuidlGuidl Builders 373,default,0x7bf6b8bb83797dcbba3212c3438421582030abcf,
BuidlGuidl Builders 373,default,0x5e7c256f90dc15ecc2ef2faa8cec57b2a92a436c,
BuidlGuidl Builders 373,default,0x39b538c4ca1198aca4f45cfb21561f5619e904fa,
BuidlGuidl Builders 373,default,0xc2fec534c461c45533e142f724d0e3930650929c,
BuidlGuidl Builders 373,default,0x3ddb180d96c98e77a8f20ac456b6764b4d478a8a,
BuidlGuidl Builders 373,default,0xc4975c18c83c39d46bf58afb16667c51611a0789,
BuidlGuidl Builders 373,default,0x40fefd52714f298b9ead6760753aaa720438d4bb,
BuidlGuidl Builders 373,default,0xc6ef1f1c5bc8b8b9cd1a178a6063bb9212ce2a8b,
BuidlGuidl Builders 373,default,0x434b56e01a8bdd9ab8ae5ef1acf86e3372a877c3,
BuidlGuidl Builders 373,default,0xca7632327567796e51920f6b16373e92c7823854,
BuidlGuidl Builders 373,default,0x43e44c5450c0e5a2ae012d57656033c2bd1efa99,
BuidlGuidl Builders 373,default,0xcca39ec92ecdc2431e33a6bce1c633a201b0cbf4,
BuidlGuidl Builders 373,default,0x460f9611c46ca18bdd7b651a0608f385645da84c,
BuidlGuidl Builders 373,default,0xce96fe7eb7186e9f894de7703b4df8ea60e2dd77,
BuidlGuidl Builders 373,default,0x498098ca1b7447fc5035f95b80be97ee16f82597,
BuidlGuidl Builders 373,default,0xd0ee5bb460d91e54111acf072ea3bcf66e233b5f,
BuidlGuidl Builders 373,default,0x4d082c0df7d5f03028b852079ec04d7c8fde1a90,
BuidlGuidl Builders 373,default,0xd2f016809969b4105978fdd5b112cd95bfdd6814,
BuidlGuidl Builders 373,default,0x509335b1170aec73d3b710020c52bfb927fb60e8,
BuidlGuidl Builders 373,default,0xac0faae3fc09915d580eeeeed38026ecc6b04f6f,
BuidlGuidl Builders 373,default,0x51861d418a62d3a7221b70783a1c948d270eecb2,
BuidlGuidl Builders 373,default,0xae728920bb4d57099bc5a88f7f76c940673570d3,
BuidlGuidl Builders 373,default,0x284880a97453992094350ecb8988de0a3f7475e7,
BuidlGuidl Builders 373,default,0xb06b1707607de1655c3516a0719bdec50c830f34,
BuidlGuidl Builders 373,default,0x2c538df2338342037339965c4a97f07a95e4cf38,
BuidlGuidl Builders 373,default,0xb36faaa498d6e40ee030ff651330aefd1b8d24d2,
BuidlGuidl Builders 373,default,0x2dda8dc2f67f1eb94b250caefac9de16f70c5a51,
BuidlGuidl Builders 373,default,0xb78b9908c14393b5e8972521a81b2c7413f1e833,
BuidlGuidl Builders 373,default,0x3037b6a41a54e170e3b13427f5397f51f86641d5,
BuidlGuidl Builders 373,default,0xb91621b0106c542faf1cfeb4c316fec48096b129,
BuidlGuidl Builders 373,default,0x330ed6ac3675181d2599779bff217af78cf0af86,
BuidlGuidl Builders 373,default,0xbb806e75c7e71ad07dbefd2b1b5da2689a147340,
BuidlGuidl Builders 373,default,0x35f62834fd25048f25b178123c0b85f41d5fe46b,
BuidlGuidl Builders 373,default,0xbe13ca20b7ff5fef2d04f67abf2a2a07feafa102,
BuidlGuidl Builders 373,default,0x38ad0736ffaf6f0d22463bfd49650dbc5afb8b99,
BuidlGuidl Builders 373,default,0xc0e432ab9e478156f9d30701ac52fa8ffea9e102,
BuidlGuidl Builders 373,default,0xf974d1337e4dcde50de38204a3d63fe7802fe435,
BuidlGuidl Builders 373,default,0x1a78b3162da1649abf191ef762a3216189f87a8d,
BuidlGuidl Builders 373,default,0xfedcefba31254a572b8e5a2bf97dd0b3bacd819a,
BuidlGuidl Builders 373,default,0x1cbe86f18a64b4d31ce661ee6285b626113c3ce4,
BuidlGuidl Builders 373,default,0x1e8c64fd8f94da1d0e23853118b7f73a7b467209,
BuidlGuidl Builders 373,default,0x20497f37a8169c8c9fa09411f8c2cfb7c90de5d1,
BuidlGuidl Builders 373,default,0x23e2c4b5c850530081d998bbf381b37e9458bb4b,
BuidlGuidl Builders 373,default,0x26ad3416e70bd055dbc5e34c91d17d72adbe1478,
BuidlGuidl Builders 373,default,0x279a64d90ded4bad21687fd4f915be6af3da735b,
BuidlGuidl Builders 373,default,0xd7d07a54786042bd59ed6802032d7cd149f9ae10,
BuidlGuidl Builders 373,default,0x0000000000098341a924bd53454654a0dbbc4e43,
BuidlGuidl Builders 373,default,0xdb1c60cf36097447d7f063118a74d1c6786386a6,
BuidlGuidl Builders 373,default,0x0237744103be5ee2a9b956d8c35cef89e8c716ad,
BuidlGuidl Builders 373,default,0xde7cca08f07f128a8cc910d240ed49d7d9489ea5,
BuidlGuidl Builders 373,default,0x07d503a5eada1d5741307ce085f5ecb8d950558f,
BuidlGuidl Builders 373,default,0xe487ee26bebb77c96716d19018754b6c55ecbaae,
BuidlGuidl Builders 373,default,0x0d0f9ebd254e510aa6f3788ecb6e6fc8bf78188f,
BuidlGuidl Builders 373,default,0xe5ef16657ee0dec7ec7869152c3a8ac19ce9b143,
BuidlGuidl Builders 373,default,0x0fa55f7ddaf3e1b6d6e902e65a133f49fa254948,
BuidlGuidl Builders 373,default,0xe8cd1ac6b04238dbfc711a6616d2f43a5d126754,
BuidlGuidl Builders 373,default,0x11a626e808427091147ef35c1790557453bdf79f,
BuidlGuidl Builders 373,default,0xeb6cd8ab0e374f3d84a4a8006dbd90b9966a4563,
BuidlGuidl Builders 373,default,0x15df15cafedfb64aa815f44adfa90aa21a3b0376,
BuidlGuidl Builders 373,default,0xeffc7099ba7156097a6af6a71920252cc296a064,
BuidlGuidl Builders 373,default,0x1766eed2e805cb5fa2c2b0a507920398bfa182cb,
BuidlGuidl Builders 373,default,0xf4030ddd79fc7fd49b25c976c5021d07568b4f91,
BuidlGuidl Builders 373,default,0x18c17624236300821b33b9f92cf40a99e51d4126,
BuidlGuidl Builders 373,default,0xf86aedfec7c823635843bdc03fdf51b64845e2fc,
BuidlGuidl Builders 373,default,0x19ba708c27cf624910d78de6ef32e54c5cd3e3a6,
BuidlGuidl Builders 373,default,0x60583563d5879c2e59973e5718c7de2147971807,
BuidlGuidl Builders 373,default,0x809f55d088872ffb148f86b5c21722caa609ac72,
BuidlGuidl Builders 373,default,0x618eb3b113dcf42dfea7ba491a519bbf13df94ee,
BuidlGuidl Builders 373,default,0x81dbf5de79d2a6f353028757b7158e9cf94fc982,
BuidlGuidl Builders 373,default,0x63a556c75443b176b5a4078e929e38beb37a1ff2,
BuidlGuidl Builders 373,default,0x891d6d5af0f2abeca7939600a8537dfee68c8da7,
BuidlGuidl Builders 373,default,0x65c4999968db9ec4e41b9dbb40691132f407ee95,
BuidlGuidl Builders 373,default,0x8b2e10bfd9f0c2813905a73ae2acd0468c623082,
BuidlGuidl Builders 373,default,0x6861b54414723ce8bec57416e4cf12d2cc6bc207,
BuidlGuidl Builders 373,default,0x8caf6f092264ce9942a30cb7d9f8504749f4233d,
BuidlGuidl Builders 373,default,0x6b4f3c5d12a59502cd8f769c999f1ebfc6130237,
BuidlGuidl Builders 373,default,0x909f6380fcd5cb5a7ddf41c61a06775024080977,
BuidlGuidl Builders 373,default,0x6ee18ffdb859eea9e37c2e4c0d15ba7d5f7ef082,
BuidlGuidl Builders 373,default,0x92ec268d3dcaf985201f4dd42c1023909604fc52,
BuidlGuidl Builders 373,default,0x7182cfff08242d673b5850be1def416756c5e175,
BuidlGuidl Builders 373,default,0x73166a219de029dc2f76a9da66a3c951cbcfda04,
BuidlGuidl Builders 373,default,0x9a5f778c5411b7a89633e7d527def938032bce17,
BuidlGuidl Builders 373,default,0x76975eb93a5587c268ddbf00c39eec316fe52c39,
BuidlGuidl Builders 373,default,0x9ea04b953640223dbb8098ee89c28e7a3b448858,
BuidlGuidl Builders 373,default,0xa31645f2d789f87fdd29ccb801507fea414c838b,
BuidlGuidl Builders 373,default,0x52d6efc2994ebd93c883b5da1d32a6cae6be105b,
BuidlGuidl Builders 373,default,0xa4a3cfdbe6edebc984a60104c6f19d1017d1991e,
BuidlGuidl Builders 373,default,0x53e7f107f3037df2a03c79fa9750908c67b55cd3,
BuidlGuidl Builders 373,default,0xa5cdd8fabc5996462aa5314ee8c374cb0fd13009,
BuidlGuidl Builders 373,default,0x54b66b197da9207634c33542c7235017ba236ca4,
BuidlGuidl Builders 373,default,0xabbff3885abd171a18ec88f2055ebd7bfba5ba4d,
BuidlGuidl Builders 373,default,0x57b6611de36d8c093ca1c01e054db301d8e092f5,
BuidlGuidl Builders 373,default,0x770569f85346b971114e11e4bb5f7ac776673469,
BuidlGuidl Builders 373,default,0x59c0b632ddd9c8f1aae955147d5a681d22ea3429,
BuidlGuidl Builders 373,default,0x7b945ffe9725d8e05343bec36c0eced294097f78,
BuidlGuidl Builders 373,default,0x5de55b5b4c102a6a88dccebb1f3c9ab74679a696,
BuidlGuidl Builders 373,default,0x7d45c1f25771120b0646457660e144454f9f35d5,
BuidlGuidl Builders 373,default,0x3c2052ab09f093fffbedb52147adbff7387ebca3,
BuidlGuidl Builders 373,default,0xc43edb351f9bde7159388e428af4bad0c73c20b2,
BuidlGuidl Builders 373,default,0x40f9bf922c23c43acdad71ab4425280c0ffbd697,
BuidlGuidl Builders 373,default,0xc6782396560d104e29dde423ff78246a93f502ac,
BuidlGuidl Builders 373,default,0x42851473583deb65b170e120b070235d9e3742db,
BuidlGuidl Builders 373,default,0xc9f6b0fbd2a8f4b753c6fda663631a13d0b18853,
BuidlGuidl Builders 373,default,0x43a5228cb944edeac4b3cc6893bbfed2b2a40e2a,
BuidlGuidl Builders 373,default,0xcc10cc433bb3e2541fe5d858e238fb9b7aa20cf4,
BuidlGuidl Builders 373,default,0x4540eb8cd51066168286931974cb2954418adeb2,
BuidlGuidl Builders 373,default,0xce420ca2a9686512ee4e01976e1fbeca2b5c4e99,
BuidlGuidl Builders 373,default,0x48c73191212c039e7c8c2660473dfa7d60d59b4d,
BuidlGuidl Builders 373,default,0xd0b8d6249c439e34bd4475dfce054ec96109ff48,
BuidlGuidl Builders 373,default,0x4ceb8dc70813ffbb2d8d6dc0755086698f977613,
BuidlGuidl Builders 373,default,0xd2b7b94fd116c78c286a1bab0f82d38c9d92eddd,
BuidlGuidl Builders 373,default,0x5027323b073841dfb6481f2a2aff38c1f393b9fb,
BuidlGuidl Builders 373,default,0x51634d98fccb1e9d64b6e7331c2872e98b33e9ac,
BuidlGuidl Builders 373,default,0xae61ecc2997660fa33115ecb3f9d0c7a987009b8,
BuidlGuidl Builders 373,default,0xb06aba68614d46db5d92ffa51f566b3683003055,
BuidlGuidl Builders 373,default,0x2a847c2b1e05ae0eb54b82685e120c5491460be5,
BuidlGuidl Builders 373,default,0xb2d6cc7098c3aeca089b6580a44b34559cd40971,
BuidlGuidl Builders 373,default,0x2d6ac14d23f42d49dd58ac6fda7e164ae58e2398,
BuidlGuidl Builders 373,default,0xb5da00630ca5fde4d9ced2fcda0c607ce198f159,
BuidlGuidl Builders 373,default,0x2fa9b4f9a126b8e7b76666a24370d6087cbdeddd,
BuidlGuidl Builders 373,default,0xb9034517727380109e86c63f7026b17da91758ce,
BuidlGuidl Builders 373,default,0x32c8fd5136d3107e567765bac1e9314f1a79e01d,
BuidlGuidl Builders 373,default,0xbb0dc42851b9cc2c9578c269e9258dc31dbc183a,
BuidlGuidl Builders 373,default,0x35ee0367b76757eb4c5dde673d67a7b31fd4e4ee,
BuidlGuidl Builders 373,default,0xbdef5ac3144deaeb9df6f56e86b0ad9c2dbde530,
BuidlGuidl Builders 373,default,0x3849ddf392848582b860982740615b43aa537ac2,
BuidlGuidl Builders 373,default,0xc045e928d24ba4a1f93b75150d5eff576ca0c432,
BuidlGuidl Builders 373,default,0x3970b226569a391c5446b9c68445d57f3e9d06e3,
BuidlGuidl Builders 373,default,0xc24086d5ff596b8d15737082ce084e861233e580,
BuidlGuidl Builders 373,default,0x97843608a00e2bbc75ab0c1911387e002565dede,scaffold-eth
BuidlGuidl Builders 373,default,0xaeeaa55ed4f7df9e4c5688011ced1e2a1b696772,Spore Token: Deployer
BuidlGuidl Builders 373,default,0x69ef61afc3aa356e1ac97347119d75cbdabef534,Yakuza: Deployer
