labelName,tabType,address,nameTag
Celer Network 6,Main,0x841ce48f9446c8e281d3f1444cb859b4a6d0738c,Celer Network: cBridge
Celer Network 6,Main,0x4f9254c83eb525f9fcf346490bbb3ed28a81c667,Celer Network: CELR Token
Celer Network 6,Main,0xb22dc759f194f5d00f1981bf47ab5c3572562c96,Celer Network: Deployer
Celer Network 6,Main,0xc75a0ff40db54203d66bff76315ed25d66037ce1,Celer Network: Relay Node 1
Celer Network 6,Main,0xc16251b5401087902e0956a2968cb3e0e4a52760,Celer Network: Relay Node 2
Celer Network 6,Others,0x841ce48f9446c8e281d3f1444cb859b4a6d0738c,Celer Network: cBridge
Celer Network 6,Others,0x4f9254c83eb525f9fcf346490bbb3ed28a81c667,Celer Network: CELR Token
Celer Network 6,Others,0xb22dc759f194f5d00f1981bf47ab5c3572562c96,Celer Network: Deployer
Celer Network 6,Others,0xc75a0ff40db54203d66bff76315ed25d66037ce1,Celer Network: Relay Node 1
Celer Network 6,Others,0xc16251b5401087902e0956a2968cb3e0e4a52760,Celer Network: Relay Node 2
