labelName,tabType,address,nameTag
Centre 8,default,0xa0b86991c6218b36c1d19d4a2e9eb0ce3606eb48,Centre: USD Coin
Centre 8,default,0x55fe002aeff02f77364de339a1292923a15844b8,Circle
Centre 8,default,0x5392bd00571157fa11103b0ee6d492c9563a6799,Circle: Deposit
Centre 8,default,0x5db0115f3b72d19cea34dd697cf412ff86dc7e1b,USDC: Blacklister
Centre 8,default,0xe982615d461dd5cd06575bbea87624fda4e3de17,USDC: Master Minter
Centre 8,default,0xfcb19e6a322b27c06842a71e8c725399f049ae3a,USDC: Owner
Centre 8,default,0xf0d160dec1749afaf5a831668093b1431f7c8527,USDC: Pauser
