labelName,tabType,address,nameTag
Chain 10,default,0x28ca9caae31602d0312ebf6466c9dd57fca5da93,Chain: DAO
Chain 10,default,0x1ba6cfb0d7440dbc0a7323104c1c92bf6846d6a9,Chain: Distribution
Chain 10,default,0xfe306b7936d93fa84f3ad4bbf6d22ad57163791f,Chain: MultiSig
Chain 10,default,0x23445c63feef8d85956dc0f19ade87606d0e19a9,Chain: Staking
Chain 10,default,0x51f3e348955383f8ad5e1f37f056e8c73dabdf6c,Chain: Team Timelock
Chain 10,default,0xe864c9439eb042e969c59dd13d38cfdb28e16d73,Chain: Team Wallet 2
Chain 10,default,0x8f6ffec54c1e569c63992eb2dc4fae84e3792551,Chain: Timelock
Chain 10,default,0xa2cd3d43c775978a96bdbf12d733d5a1ed94fb18,Chain: XCN Token
