labelName,tabType,address,nameTag
Chainlink 282,Main,0x98c63b7b319dfbdf3d811530f2ab9dfe4983af9d,Chainlink: Node Operators
Chainlink 282,Main,0x75398564ce69b7498da10a11ab06fd8ff549001c,Chainlink: Team Wallet 1
Chainlink 282,Main,0x5560d001f977df5e49ead7ab0bdd437c4ee3a99e,Chainlink: Team Wallet 2
Chainlink 282,Main,0xbe6977e08d4479c0a6777539ae0e8fa27be4e9d6,Chainlink: Team Wallet 3
Chainlink 282,Main,0xdad22a85ef8310ef582b70e4051e543f3153e11f,Chainlink: Team Wallet 4
Chainlink 282,Main,0xe0362f7445e3203a496f6f8b3d51cbb413b69be2,Chainlink: Team Wallet 5
Chainlink 282,Others,0x98c63b7b319dfbdf3d811530f2ab9dfe4983af9d,Chainlink: Node Operators
Chainlink 282,Others,0x75398564ce69b7498da10a11ab06fd8ff549001c,Chainlink: Team Wallet 1
Chainlink 282,Others,0x5560d001f977df5e49ead7ab0bdd437c4ee3a99e,Chainlink: Team Wallet 2
Chainlink 282,Others,0xbe6977e08d4479c0a6777539ae0e8fa27be4e9d6,Chainlink: Team Wallet 3
Chainlink 282,Others,0xdad22a85ef8310ef582b70e4051e543f3153e11f,Chainlink: Team Wallet 4
Chainlink 282,Others,0xe0362f7445e3203a496f6f8b3d51cbb413b69be2,Chainlink: Team Wallet 5
Chainlink 282,Legacy,0x05cf62c4ba0ccea3da680f9a8744ac51116d6231,Chainlink: Old AUD/USD Price Feed
