labelName,tabType,address,nameTag
Charity 101,default,0x8b99f3660622e21f2910ecca7fbe51d654a1517d,Binance Charity
Charity 101,default,0x095f1fd53a56c01c76a2a56b7273995ce915d8c4,Electronic Frontier Foundation
Charity 101,default,0xc7464dbca260a8faf033460622b23467df5aea42,GiveDirectly
Charity 101,default,0xbf2952b759a70250caa53d9d7f910cd985cbf6aa,Mask On: NFT Donation
Charity 101,default,0x3ec9f2a4c604eab2cb19740d82aa3bbf322a4afc,Mask On: USDT Donation
Charity 101,default,0x54334ebc8c9ef04bc28d614caa557143ed8afc87,Rainforest Foundation US
Charity 101,default,0x542eff118023cff2821b24156a507a513fe93539,SENS Research Foundation
Charity 101,default,0xe17b6ef3c60c7342987425e011571fdcde468df1,SENS Research Foundation 2
