labelName,tabType,address,nameTag
Closure 15,default,0x88735c50abbb3658ca4d03e37240ff99a9426b75,Coingrape.io: Closure
Closure 15,default,0x49aaa160506f7e07e6c3f6cd6316b6866025cdcb,Lira Cash: Closure
Closure 15,default,0xa093e7943b942eb82f0a24ee3022aaf8217fe527,Luck100: Closure
Closure 15,default,0xd2d01dd6aa7a2f5228c7c17298905a7c7e1dfe81,Onyx.to: Closure
Closure 15,default,0xfcce9526e030f1691966d5a651f5ebe1a5b4c8e4,Onyx: OSPV Token
Closure 15,default,0xf7d1f35518950e78c18e5a442097ca07962f4d8a,Onyx: OSPVS Token
Closure 15,default,0x1f54638b7737193ffd86c19ec51907a7c41755d8,Sola foundation: SOL Token
Closure 15,default,0xdf1bc6498338135de5ffdbcb98817d81e2665912,Veil: Closure
