labelName,tabType,address,nameTag
Coinbase 15,default,0x71660c4005ba85c37ccec55d0c4493e66fe775d3,Coinbase 1
Coinbase 15,default,0xa9d1e08c7793af67e9d92fe308d5697fb81d3e43,Coinbase 10
Coinbase 15,default,0x77696bb39917c91a0c3908d577d5e322095425ca,Coinbase 11
Coinbase 15,default,0x503828976d22510aad0201ac7ec88293211d23da,Coinbase 2
Coinbase 15,default,0xddfabcdc4d8ffc6d5beaf154f18b778f892a0740,Coinbase 3
Coinbase 15,default,0x3cd751e6b0078be393132286c442345e5dc49699,Coinbase 4
Coinbase 15,default,0xb5d85cbf7cb3ee0d56b3bb207d5fc4b82f43f511,Coinbase 5
Coinbase 15,default,0xeb2629a2734e272bcc07bda959863f316f4bd4cf,Coinbase 6
Coinbase 15,default,0xd688aea8f7d450909ade10c47faa95707b0682d9,Coinbase 7
Coinbase 15,default,0x02466e547bfdab679fc49e96bbfc62b9747d997c,Coinbase 8
Coinbase 15,default,0x6b76f8b1e9e59913bfe758821887311ba1805cab,Coinbase 9
Coinbase 15,default,0xf6874c88757721a02f47592140905c4336dfbc61,Coinbase: Coinbase Commerce
Coinbase 15,default,0x881d4032abe4188e2237efcd27ab435e81fc6bb1,Coinbase: Commerce
Coinbase 15,default,0xd2276af80582cac230edc4c42e9a9c096f3c09aa,Coinbase: Deposit 1
Coinbase 15,default,0xa090e606e30bd747d4e6245a1517ebe430f0057e,Coinbase: Miscellaneous
