labelName,tabType,address,nameTag
CoinMetro 7,default,0xa270f3ad1a7a82e6a3157f12a900f1e25bc4fbfd,CoinMetro Exchange
CoinMetro 7,default,0x7c1c73bf60feb40cbcf0f12324200238ee23bb54,CoinMetro: MultiSig Cold Wallet
CoinMetro 7,default,0xbac7c449689a2d3c51c386d8e657338c41ab3030,CoinMetro: Treasury
CoinMetro 7,default,0xf3e35734b7413f87c2054a16ce04230d803e4dc3,CoinMetro: Vault Aug 2020
CoinMetro 7,default,0xfad672dc92c2d2db0aa093331bd1098e30249ab8,CoinMetro: Vault Feb 2020
CoinMetro 7,default,0x165fe6a10812faa49515522d685a27c6bf12dba9,CoinMetro: Vault Feb 2021
CoinMetro 7,default,0xdd06b66c76d9c6fdc41935a7b32566c646325005,CoinMetro: XCM Utility Vault
