labelName,tabType,address,nameTag
Coinhako 5,Main,0xd4bddf5e3d0435d7a6214a0b949c7bb58621f37c,Coinhako
Coinhako 5,Main,0xf2d4766ad705e3a5c9ba5b0436b473085f82f82f,Coinhako: Warm Wallet
Coinhako 5,Others,0xd4bddf5e3d0435d7a6214a0b949c7bb58621f37c,Coinhako
Coinhako 5,Others,0xf2d4766ad705e3a5c9ba5b0436b473085f82f82f,Coinhako: Warm Wallet
Coinhako 5,Legacy,0xa193c943980a9340f306b3d59deb183dc501b35f,Coinhako: Old Address
Coinhako 5,Legacy,0x1d1bd550197c7c0787b9ad0aea9c1cca66ee0e90,Coinhako: Old Address 2
