labelName,tabType,address,nameTag
Cold Wallet 11,default,0xbe0eb53f46cd790cd13851d5eff43d12404d33e8,Binance 7
Cold Wallet 11,default,0x2b49ce21ad2004cfb3d0b51b2e8ec0406d632513,Bitbee
Cold Wallet 11,default,0xe92d1a43df510f82c66382592a047d288f85226f,Bitfinex 19
Cold Wallet 11,default,0x33683b94334eebc9bd3ea85ddbda4a86fb461405,Coinbene: Cold Wallet
Cold Wallet 11,default,0x6025d96932d378be7d0a46343b437678a126ecca,Freewallet: Cold Wallet
Cold Wallet 11,default,0x61edcdf5bb737adffe5043706e7c5bb1f1a56eea,Gemini 3
Cold Wallet 11,default,0xd40cc2a93c84bf220b25b5b9b2dc49136f775a3c,Innovaminex: Cold Wallet
Cold Wallet 11,default,0x53d284357ec70ce289d6d64134dfac8e511c8a3d,Kraken 6
Cold Wallet 11,default,0x88e343f4599292c2cffe683c1bb93cd3480bdbab,PXN: Cold Wallet
Cold Wallet 11,default,0xc9cf0ec93d764f5c9571fd12f764bae7fc87c84e,Upbit: Cold Wallet
Cold Wallet 11,default,0x15c5312e24482547ff35899afedcaeb572ecb029,xs2.exchange
