labelName,tabType,address,nameTag
Compound 80,Main,0xe65cdb6479bac1e22340e4e755fae7e509ecd06c,Compound: cAAVE Token
Compound 80,Main,0x70e36f6bf80a52b3b46b3af8e106cc0ed743e8e4,Compound: cCOMP Token
Compound 80,Main,0xface851a4921ce59e912d19329929ce6da6eb0c7,Compound: cLink Token
Compound 80,Main,0x95b4ef2869ebd94beb4eee400a99824bf5dc325b,Compound: cMKR Token
Compound 80,Main,0xf5dce57282a584d2746faf1593d3121fcac444dc,Compound: cSAI Token
Compound 80,Main,0x4b0181102a0112a2ef11abee5563bb4a3176c9d7,Compound: cSushi Token
Compound 80,Main,0x12392f67bdf24fae0af363c24ac620a2f67dad86,Compound: cTUSD Token
Compound 80,Main,0xccf4429db6322d5c611ee964527d42e5d685dd6a,Compound: cWBTC2 Token
Compound 80,Main,0x80a2ae356fc9ef4305676f7a3e2ed04e12c33946,Compound: cYFI Token
Compound 80,Main,0x6d903f6003cca6255d85cca4d3b5e5146dc33925,Compound: Timelock
Compound 80,Others,0xe65cdb6479bac1e22340e4e755fae7e509ecd06c,Compound: cAAVE Token
Compound 80,Others,0x70e36f6bf80a52b3b46b3af8e106cc0ed743e8e4,Compound: cCOMP Token
Compound 80,Others,0xface851a4921ce59e912d19329929ce6da6eb0c7,Compound: cLink Token
Compound 80,Others,0x95b4ef2869ebd94beb4eee400a99824bf5dc325b,Compound: cMKR Token
Compound 80,Others,0xf5dce57282a584d2746faf1593d3121fcac444dc,Compound: cSAI Token
Compound 80,Others,0x4b0181102a0112a2ef11abee5563bb4a3176c9d7,Compound: cSushi Token
Compound 80,Others,0x12392f67bdf24fae0af363c24ac620a2f67dad86,Compound: cTUSD Token
Compound 80,Others,0xccf4429db6322d5c611ee964527d42e5d685dd6a,Compound: cWBTC2 Token
Compound 80,Others,0x80a2ae356fc9ef4305676f7a3e2ed04e12c33946,Compound: cYFI Token
Compound 80,Others,0x6d903f6003cca6255d85cca4d3b5e5146dc33925,Compound: Timelock
