labelName,tabType,address,nameTag
Convex Finance 21,default,0x2e088a0a19dda628b4304301d1ea70b114e4accd,Convex Finance: Airdrop
Convex Finance 21,default,0xa1bc2cf69d474b39b91665e24e7f2606ed142991,Convex Finance: Airdrop Factory
Convex Finance 21,default,0x25e12482a25cf36ec70fda2a09c1ed077fc21616,Convex Finance: Arbitrator Vault
Convex Finance 21,default,0xf403c135812408bfbe8713b5a23a04b3d48aae31,Convex Finance: Booster
Convex Finance 21,default,0x92cf9e5e4d1dfbf7da0d2bb3e884a68416a65070,Convex Finance: Claim Zap
Convex Finance 21,default,0x5f465e9fcffc217c5849906216581a657cd60605,Convex Finance: Convex Master Chef
Convex Finance 21,default,0x8014595f2ab54cd7c604b00e9fb932176fdc86ae,Convex Finance: CRV Depositor
Convex Finance 21,default,0xd18140b4b819b895a3dba5442f959fa44994af50,Convex Finance: CVX Locker (vICVX)
Convex Finance 21,default,0xcf50b810e57ac33b91dcf525c6ddd9881b139332,Convex Finance: CVX Rewards
Convex Finance 21,default,0xe096ccec4a1d36f191189fe61e803d8b2044dfc3,Convex Finance: CVX Staking Proxy
Convex Finance 21,default,0x3fe65692bfcd0e6cf84cb1e7d24108e434a7587e,Convex Finance: cvxCRV Rewards
Convex Finance 21,default,0x947b7742c403f20e5faccdac5e092c943e7d0277,Convex Finance: Deployer
Convex Finance 21,default,0xa3c5a1e09150b75ff251c1a7815a07182c3de2fb,Convex Finance: Multisig
Convex Finance 21,default,0xae5f315a5b5dd4dbacd38862562a51490e500183,Convex Finance: Pool Manager
Convex Finance 21,default,0xedccb35798fae4925718a43cc608ae136208aa8d,Convex Finance: Reward Factory
Convex Finance 21,default,0x877288c4e6eba4f635ba7428706447353b47de75,Convex Finance: Stash Factory
Convex Finance 21,default,0x3c995e43e6ddd551e226f4c5544c77bfed147ab9,Convex Finance: Token Factory
Convex Finance 21,default,0x1389388d01708118b497f59521f6943be2541bb7,Convex Finance: Treasury Vault
Convex Finance 21,default,0xe98984ad858075813ada4261af47e68a64e28fcc,Convex Finance: Vested Escrow
Convex Finance 21,default,0xdecc7d761496d30f30b92bdf764fb8803c79360d,Convex Finance: vlCVX Extra Rewards
Convex Finance 21,default,0x989aeb4d175e16225e39e87d0d97a3360524ad80,Convex Finance: Voter Proxy
