labelName,tabType,address,nameTag
Cream.Finance 225,Main,0x3623387773010d9214b10c551d6e7fc375d31f58,Cream.Finance: crMTA Token
Cream.Finance 225,Main,0x338286c0bc081891a4bda39c7667ae150bf5d206,Cream.Finance: crSUSHI Token
Cream.Finance 225,Main,0x780f75ad0b02afeb6039672e6a6cede7447a8b45,Cream.Finance: 1 Year Staking
Cream.Finance 225,Main,0xbdc3372161dfd0361161e06083ee5d52a9ce7595,Cream.Finance: 2 Year Staking
Cream.Finance 225,Main,0xd5586c1804d2e1795f3fbbafb1fbb9099ee20a6c,Cream.Finance: 3 Year Staking
Cream.Finance 225,Main,0xe618c25f580684770f2578faca31fb7acb2f5945,Cream.Finance: 4 Year Staking
Cream.Finance 225,Main,0x3d5bc3c8d13dcb8bf317092d84783c2697ae9258,Cream.Finance: Comptroller
Cream.Finance 225,Main,0x65883978ada0e707c3b2be2a6825b1c4bdf76a90,Cream.Finance: crAKRO Token
Cream.Finance 225,Main,0x1d0986fb43985c88ffa9ad959cc24e6a087c7e35,Cream.Finance: crALPHA Token
Cream.Finance 225,Main,0x2db6c82ce72c8d7d770ba1b5f5ed0b6e075066d6,Cream.Finance: crAMP Token
Cream.Finance 225,Main,0xab10586c918612ba440482db77549d26b7abf8f7,Cream.Finance: crARMOR Token
Cream.Finance 225,Main,0xdfff11dfe6436e42a17b86e7f419ac8292990393,Cream.Finance: crARNXM Token
Cream.Finance 225,Main,0xf04ce2e71d32d789a259428ddcd02d3c9f97fb4e,Cream.Finance: crAXS Token
Cream.Finance 225,Main,0xce4fe9b4b8ff61949dcfeb7e03bc9faca59d2eb3,Cream.Finance: crBAL Token
Cream.Finance 225,Main,0x8b950f43fcac4931d408f1fcda55c6cb6cbf3096,Cream.Finance: crBBADGER Token
Cream.Finance 225,Main,0x81e346729723c4d15d0fb1c5679b9f2926ff13c6,Cream.Finance: crBNT Token
Cream.Finance 225,Main,0x19d1666f543d42ef17f66e376944a22aea1a8e46,Cream.Finance: crCOMP Token
Cream.Finance 225,Main,0x3ba3c0e8a9e5f4a01ce8e086b3d8e8a603a2129e,Cream.Finance: crCREAM (7 day lock)
Cream.Finance 225,Main,0x892b14321a4fcba80669ae30bd0cd99a7ecf6ac0,Cream.Finance: crCREAM Token
Cream.Finance 225,Main,0xa65405e0dd378c65308deae51da9e3bcebb81261,Cream.Finance: crCREAM/crYFI
Cream.Finance 225,Main,0xc7fd8dcee4697ceef5a2fd4608a7bd6a94c77480,Cream.Finance: crCRV Token
Cream.Finance 225,Main,0x2ba592f78db6436527729929aaf6c908497cb200,Cream.Finance: CREAM Token
Cream.Finance 225,Main,0x4fd2d9d6ef05e13bf0b167509151a4ec3d4d4b93,Cream.Finance: CREAM/USDC
Cream.Finance 225,Main,0x1676fc274b65966ed0c6438a26d34c6c92a5981c,Cream.Finance: CREAM/USDC Pool
Cream.Finance 225,Main,0xa49b3c7c260ce8a7c665e20af8aa6e099a86cf8a,Cream.Finance: CREAM/WETH
Cream.Finance 225,Main,0x43a8ece49718e22d21077000768aff91849bceff,Cream.Finance: CREAM/WETH Pool
Cream.Finance 225,Main,0xd06527d5e56a3495252a528c4987003b712860ee,Cream.Finance: crETH Token
Cream.Finance 225,Main,0x8c3b7a4320ba70f8239f83770c4015b5bc4e6f91,Cream.Finance: crFEI Token
Cream.Finance 225,Main,0xb092b4601850e23903a42eacbc9d8a0eec26a4d5,Cream.Finance: crFRAX Token
Cream.Finance 225,Main,0xc36080892c64821fa8e396bc1bd8678fa3b82b17,Cream.Finance: crFTM Token
Cream.Finance 225,Main,0x10fdbd1e48ee2fd9336a482d746138ae19e649db,Cream.Finance: crFTT Token
Cream.Finance 225,Main,0x523effc8bfefc2948211a05a905f761cba5e8e9e,Cream.Finance: crGNO Token
Cream.Finance 225,Main,0x2a867fd776b83e1bd4e13c6611afd2f6af07ea6d,Cream.Finance: crIBBTC Token
Cream.Finance 225,Main,0x8b86e0598616a8d4f1fdae8b59e55fb5bc33d0d6,Cream.Finance: crLEND Token
Cream.Finance 225,Main,0x697256caa3ccafd62bb6d3aa1c7c5671786a5fd9,Cream.Finance: crLINK Token
Cream.Finance 225,Main,0x250fb308199fe8c5220509c1bf83d21d60b7f74a,Cream.Finance: crLON Token
Cream.Finance 225,Main,0x58da9c9fc3eb30abbcbbab5ddabb1e6e2ef3d2ef,Cream.Finance: crMANA Token
Cream.Finance 225,Main,0xdbb5e3081def4b6cdd8864ac2aeda4cbf778fecf,Cream.Finance: crMLN Token
Cream.Finance 225,Main,0x7c3297cfb4c4bbd5f44b450c0872e0ada5203112,Cream.Finance: crOCEAN Token
Cream.Finance 225,Main,0x59089279987dd76fc65bf94cb40e186b96e03cb3,Cream.Finance: crOGN Token
Cream.Finance 225,Main,0xd7394428536f63d5659cc869ef69d10f9e66314b,Cream.Finance: crPAX Token
Cream.Finance 225,Main,0x1241b10e7ea55b22f5b2d007e8fecdf73dcff999,Cream.Finance: crPAXG Token
Cream.Finance 225,Main,0x299e254a8a165bbeb76d9d69305013329eea3a3b,Cream.Finance: crPERP Token
Cream.Finance 225,Main,0xc68251421edda00a10815e273fa4b1191fac651b,Cream.Finance: crPICKLE Token
Cream.Finance 225,Main,0xf8445c529d363ce114148662387eba5e62016e20,Cream.Finance: crRAI Token
Cream.Finance 225,Main,0x081fe64df6dc6fc70043aedf3713a3ce6f190a21,Cream.Finance: crRARI Token
Cream.Finance 225,Main,0x17107f40d70f4470d20cb3f138a052cae8ebd4be,Cream.Finance: crRENBTC Token
Cream.Finance 225,Main,0x8379baa817c5c5ab929b03ee8e3c48e45018ae41,Cream.Finance: crRune Token
Cream.Finance 225,Main,0x89e42987c39f72e2ead95a8a5bc92114323d5828,Cream.Finance: crSAND Token
Cream.Finance 225,Main,0x28526bb33d7230e65e735db64296413731c5402e,Cream.Finance: crSFI Token
Cream.Finance 225,Main,0xc25eae724f189ba9030b2556a1533e7c8a732e14,Cream.Finance: crSNX Token
Cream.Finance 225,Main,0xef58b2d5a1b8d3cde67b8ab054dc5c831e9bc025,Cream.Finance: crSRM Token
Cream.Finance 225,Main,0x25555933a8246ab67cbf907ce3d1949884e82b55,Cream.Finance: crSUSD Token
Cream.Finance 225,Main,0x98e329eb5aae2125af273102f3440de19094b77c,Cream.Finance: crSWAP Token
Cream.Finance 225,Main,0xe89a6d0509faf730bd707bf868d9a2a744a363c7,Cream.Finance: crUNI Token
Cream.Finance 225,Main,0x44fbebd2f576670a6c33f6fc0b00aa8c5753b322,Cream.Finance: crUSDC Token
Cream.Finance 225,Main,0x797aab1ce7c01eb727ab980762ba88e7133d2157,Cream.Finance: crUSDT Token
Cream.Finance 225,Main,0x51f48b638f82e8765f7a26373a2cb4ccb10c07af,Cream.Finance: crUST Token
Cream.Finance 225,Main,0x71cefcd324b732d4e058afacba040d908c441847,Cream.Finance: crVSP Token
Cream.Finance 225,Main,0x1a122348b73b58ea39f822a89e6ec67950c2bbd0,Cream.Finance: crVVSP Token
Cream.Finance 225,Main,0x197070723ce0d3810a0e47f06e935c30a480d4fc,Cream.Finance: crWBTC Token
Cream.Finance 225,Main,0xe585c76573d7593abf21537b607091f76c996e73,Cream.Finance: crWOO Token
Cream.Finance 225,Main,0x9baf8a5236d44ac410c0186fe39178d5aad0bb87,Cream.Finance: crYCRV Token
Cream.Finance 225,Main,0xb3284f2f22563f27cef2912637b6a00f162317c4,Cream.Finance: crYETH/crYYCRV
Cream.Finance 225,Main,0xcbae0a83f4f9926997c8339545fb8ee32edc6b76,Cream.Finance: crYFI Token
Cream.Finance 225,Main,0x4112a717edd051f77d834a6703a1ef5e3d73387f,Cream.Finance: crYGG Token
Cream.Finance 225,Main,0x4baa77013ccd6705ab0522853cb0e9d453579dd4,Cream.Finance: crYUSD Token
Cream.Finance 225,Main,0x45406ba53bb84cd32a58e7098a2d4d1b11b107f6,Cream.Finance: crYVCurve-IB Token
Cream.Finance 225,Main,0x6d1b9e01af17dd08d6dec08e210dfd5984ff1c20,Cream.Finance: crYVCurve-sETH Token
Cream.Finance 225,Main,0x1f9b4756b008106c806c7e64322d7ed3b72cb284,Cream.Finance: crYVCurve-stETH Token
Cream.Finance 225,Main,0x1bcafa2c1b3a522e41baa60c2e318981ea8d1eb5,Cream.Finance: crYVSTECRV Token
Cream.Finance 225,Main,0x4202d97e00b9189936edf37f8d01cff88bdd81d4,Cream.Finance: crYVWETH Token
Cream.Finance 225,Main,0x4ee15f44c6f0d8d1136c83efd2e8e4ac768954c6,Cream.Finance: crYYCRV Token
Cream.Finance 225,Main,0xa87e8e61dfac8af5944d353cd26b96b20d5f4d01,Cream.Finance: crYYECRV Token
Cream.Finance 225,Main,0x9d029cd7cedcb194e2c361948f279f1788135bb2,Cream.Finance: cyCREAM Token
Cream.Finance 225,Main,0x0b471a71c3f6d4aadc7eb20aab7d730ae385e150,Cream.Finance: cyUSD Pool
Cream.Finance 225,Main,0xaaf841fd6409c136fa4b960e22a92b45b26c9b41,Cream.Finance: cyUSD/CREAM 95/5
Cream.Finance 225,Main,0xae76e0d0c4767e94eb2898f42a96696ae0061cea,Cream.Finance: cyUSD/CREAM Pool
Cream.Finance 225,Main,0xbddeb563e90f6cbf168a7cda4927806477e5b6c6,Cream.Finance: cyUSDP Token
Cream.Finance 225,Main,0x4b7dba23bea9d1a2d652373bcd1b78b0e9e0188a,Cream.Finance: Price Oracle
Cream.Finance 225,Main,0x1e5fe7bad3672d0d0cc041b7154331ee461c3349,Cream.Finance: UNI/CREAM
Cream.Finance 225,Main,0xe539416a21f6d7ef7e143f1435484d333c274480,Cream.Finance: UNI/WETH
Cream.Finance 225,Main,0x6a3b875854f5518e85ef97620c5e7de75bbc3fa0,Cream.Finance: yETH/WETH
Cream.Finance 225,Main,0x7350c6d00d63ab5988250aea347f277c19bea785,Cream.Finance: YFI-USDC
Cream.Finance 225,Main,0x2ab765c2b4a4e197fbae769f86870f2310a04d61,Cream.Finance: YFI/USDC
Cream.Finance 225,Main,0x661b94d96adb18646e791a06576f7905a8d1bef6,Cream.Finance: yyCRV/USDC
Cream.Finance 225,Main,0xfeeb92386a055e2ef7c2b598c872a4047a7db59f,Iron Bank: cyUNI
Cream.Finance 225,Main,0x30190a3b52b5ab1daf70d46d72536f5171f22340,Iron Bank: iAAVE
Cream.Finance 225,Main,0x86bbd9ac8b9b44c95ffc6baae58e25033b7548aa,Iron Bank: iAUD
Cream.Finance 225,Main,0x1b3e95e8ecf7a7cab6c4de1b344f94865abd12d5,Iron Bank: iCHF
Cream.Finance 225,Main,0xb8c5af54bbdcc61453144cf472a9276ae36109f9,Iron Bank: iCRV
Cream.Finance 225,Main,0xecab2c76f1a8359a06fab5fa0ceea51280a97ecf,Iron Bank: iGBP
Cream.Finance 225,Main,0x215f34af6557a6598dbda9aa11cc556f5ae264b1,Iron Bank: iJPY
Cream.Finance 225,Main,0x3c9f5385c288ce438ed55620938a4b967c080101,Iron Bank: iKRW
Cream.Finance 225,Others,0x85759961b116f1d36fd697855c57a6ae40793d9b,Cream.Finance: cr1INCH Token
Cream.Finance 225,Others,0x3225e3c669b39c7c8b3e204a8614bb218c5e31bc,Cream.Finance: crAAVE Token
Cream.Finance 225,Others,0x7ea9c63e216d5565c3940a2b3d150e59c2907db3,Cream.Finance: crBBTC Token
Cream.Finance 225,Others,0xf55bbe0255f7f4e70f63837ff72a577fbddbe924,Cream.Finance: crBOND Token
Cream.Finance 225,Others,0x8b3ff1ed4f36c2c2be675afb13cc3aa5d73685a5,Cream.Finance: crCEL Token
Cream.Finance 225,Others,0x21011bc93d9e515b9511a817a1ed1d6d468f49fc,Cream.Finance: crCOVER Token
Cream.Finance 225,Others,0xfd609a03b393f1a1cfcacedabf068cad09a924e2,Cream.Finance: crCRETH2 Token
Cream.Finance 225,Others,0x92b767185fb3b04f881e3ac8e5b0662a027a1d9f,Cream.Finance: crDAI Token
Cream.Finance 225,Others,0x2a537fa9ffaea8c1a41d3c2b68a9cb791529366d,Cream.Finance: crDPI Token
Cream.Finance 225,Others,0x3c6c553a95910f9fc81c98784736bd628636d296,Cream.Finance: crESD
Cream.Finance 225,Others,0x2689008dcda0c2b744b344b9e5a3d5a042c227da,Cream.Finance: CRETH/WETH Staking Reward Pool
Cream.Finance 225,Others,0x054b7ed3f45714d3091e82aad64a1588dc4096ed,Cream.Finance: crHBTC Token
Cream.Finance 225,Others,0x10a3da2bb0fae4d591476fd97d6636fd172923a8,Cream.Finance: crHEGIC
Cream.Finance 225,Others,0xd5103afcd0b3fa865997ef2984c66742c51b2a8b,Cream.Finance: crHFIL Token
Cream.Finance 225,Others,0xd692ac3245bb82319a31068d6b8412796ee85d2c,Cream.Finance: crHUSD
Cream.Finance 225,Others,0x903560b1cce601794c584f58898da8a8b789fc5d,Cream.Finance: crKP3R Token
Cream.Finance 225,Others,0x7aaa323d7e398be4128c7042d197a2545f0f1fea,Cream.Finance: crOMG Token
Cream.Finance 225,Others,0x38f27c03d6609a86ff7716ad03038881320be4ad,Cream.Finance: crSLP-DAI-ETH Token
Cream.Finance 225,Others,0x5c291bc83d15f71fb37805878161718ea4b6aee9,Cream.Finance: crSLP-ETH-USDT Token
Cream.Finance 225,Others,0x6ba0c66c48641e220cf78177c144323b3838d375,Cream.Finance: crSLP-SUSHI-ETH Token
Cream.Finance 225,Others,0x5ecad8a75216cea7dff978525b2d523a251eea92,Cream.Finance: crSLP-USDC-ETH Token
Cream.Finance 225,Others,0x73f6cba38922960b7092175c0add22ab8d0e81fc,Cream.Finance: crSLP-WBTC-ETH Token
Cream.Finance 225,Others,0xd532944df6dfd5dd629e8772f03d4fc861873abf,Cream.Finance: crSLP-YFI-ETH Token
Cream.Finance 225,Others,0x22b243b96495c547598d9042b6f94b01c22b2e9e,Cream.Finance: crSWAG Token
Cream.Finance 225,Others,0xf047d4be569fb770db143a6a90ef203fc1295922,Cream.Finance: crTBTC Token
Cream.Finance 225,Others,0xcd22c4110c12ac41acefa0091c432ef44efaafa0,Cream.Finance: crUNI-V2-DAI-ETH Token
Cream.Finance 225,Others,0xe6c3120f38f56deb38b69b65cc7dcaf916373963,Cream.Finance: crUNI-V2-ETH-USDT Token
Cream.Finance 225,Others,0x4fe11bc316b6d7a345493127fbe298b95adaad85,Cream.Finance: crUNI-V2-USDC-ETH Token
Cream.Finance 225,Others,0x011a014d5e8eb4771e575bb1000318d509230afa,Cream.Finance: crUNI-V2-WBTC-ETH Token
Cream.Finance 225,Others,0xeff039c3c1d668f408d09dd7b63008622a77532c,Cream.Finance: crWNXM Token
Cream.Finance 225,Others,0x228619cca194fbe3ebeb2f835ec1ea5080dafbb2,Cream.Finance: crXSUSHI Token
Cream.Finance 225,Others,0x01da76dea59703578040012357b81ffe62015c2d,Cream.Finance: crYETH Token
Cream.Finance 225,Others,0x09bdcce2593f0bef0991188c25fb744897b6572d,Cream.Finance: cyBUSD Token
Cream.Finance 225,Others,0x4f12c9dabb5319a252463e6028ca833f1164d045,Cream.Finance: cyCDAI Token
Cream.Finance 225,Others,0x950027632fbd6adadfe82644bfb64647642b6c09,Cream.Finance: cyCUSDC Token
Cream.Finance 225,Others,0xbb4b067cc612494914a902217cb6078ab4728e36,Cream.Finance: cyCUSDT Token
Cream.Finance 225,Others,0x297d4da727fbc629252845e96538fc46167e453a,Cream.Finance: cyDUSD Token
Cream.Finance 225,Others,0xa0e5a19e091bbe241e655997e50da82da676b083,Cream.Finance: cyGUSD Token
Cream.Finance 225,Others,0xbe86e8918dfc7d3cb10d295fc220f941a1470c5c,Cream.Finance: cyMUSD Token
Cream.Finance 225,Others,0x4e3a36a633f63aee0ab57b5054ec78867cb3c0b8,Cream.Finance: cySUSD Token
Cream.Finance 225,Others,0x7589c9e17bcfce1ccaa1f921196fda177f0207fc,Cream.Finance: cyY3CRV Token
Cream.Finance 225,Others,0x197939c1ca20c2b506d6811d8b6cdb3394471074,Cream.Finance: Deployer
Cream.Finance 225,Others,0x6d5a7597896a703fe8c85775b23395a48f971305,Cream.Finance: MultiSig
Cream.Finance 225,Others,0x0cd8fd90bacc7a676fcc7c0d7573b970f8784b50,Cream.Finance: Team
Cream.Finance 225,Others,0x8e595470ed749b85c6f7669de83eae304c2ec68f,Iron Bank: cyDAI
Cream.Finance 225,Others,0x7736ffb07104c0c400bb0cc9a7c228452a732992,Iron Bank: cyDPI
Cream.Finance 225,Others,0xa8caea564811af0e92b1e044f3edd18fa9a73e4f,Iron Bank: cyEURS
Cream.Finance 225,Others,0x00e5c0774a5f065c285068170b20393925c84bf3,Iron Bank: cyIBEUR
Cream.Finance 225,Others,0xe7bff2da8a2f619c2586fb83938fa56ce803aa16,Iron Bank: cyLINK
Cream.Finance 225,Others,0xca55f9c4e77f7b8524178583b0f7c798de17fd54,Iron Bank: cySEUR
Cream.Finance 225,Others,0x12a9cc33a980daa74e00cc2d1a0e74c57a93d12c,Iron Bank: cySNX
Cream.Finance 225,Others,0xa7c4054afd3dbbbf5bfe80f41862b89ea05c9806,Iron Bank: cySUSD
Cream.Finance 225,Others,0x76eb2fe28b36b3ee97f3adae0c69606eedb2a37c,Iron Bank: cyUSDC
Cream.Finance 225,Others,0x48759f220ed983db51fa7a8c0d2aab8f3ce4166a,Iron Bank: cyUSDT
Cream.Finance 225,Others,0x8fc8bfd80d6a9f17fb98a373023d72531792b431,Iron Bank: cyWBTC
Cream.Finance 225,Others,0x41c84c0e2ee0b740cf0d31f63f3b6f627dc6b393,Iron Bank: cyWETH
Cream.Finance 225,Others,0xfa3472f7319477c9bfecdd66e4b948569e7621b9,Iron Bank: cyYFI
