labelName,tabType,address,nameTag
CryptoDozer 11,default,0x5f5b176553e51171826d1a62e540bc30422c7717,CryptoDozer: PLA Token
CryptoDozer 11,default,0xa506758544a71943b5e8728d2df8ec9e72473a9a,CryptoDozer: Token Exchange
CryptoDozer 11,default,0xbd13e53255ef917da7557db1b7d2d5c38a2efe24,DozerDoll: Dozer
CryptoDozer 11,default,0xb447030c916ba07a5a4aa50a379259e387c48182,DozerDoll: Magic Key
CryptoDozer 11,default,0x5fcce8ab5500ed68ff5d6d75af1071195215d97e,DozerDoll: Rare Key
CryptoDozer 11,default,0xb06ece7b0d5399ea0c381985f69585fdc355c5e4,DozerDoll: Unique Key
