labelName,tabType,address,nameTag
CryptoSpells 10,default,0x67cbbb366a51fff9ad869d027e496ba49f5f6d55,CSPL: Card
CryptoSpells 10,default,0xd1e3dbd2476d374f97b93ad7f686eacbebd8f56d,CSPL: CardGateway
CryptoSpells 10,default,0x030c09afd8a0e756d114bfb8c8446fbb80e38311,CSPL: Daily Action
CryptoSpells 10,default,0x81dc8e0a77c4d9f16d8cd6c2408dcc53d2d9b7ac,CSPL: Deployer
CryptoSpells 10,default,0xa8abf045fe1a9ef0583e436393a6e4e0b483f717,CSPL: Guild
CryptoSpells 10,default,0x6bf2592c92aef0b2dd16e25cab3114c99ebd8c4e,CSPL: Guild Pool
CryptoSpells 10,default,0xa425feccc7e0114e735141c30a1c6f6891633a27,CSPL: SPL Purchase
CryptoSpells 10,default,0xb9e4b4c25449ed746d188385d064773011db806b,CSPL: SPLGateway
