labelName,tabType,address,nameTag
CryptoKitties 6,default,0x06012c8cf97bead5deae237070f9587f8e7a266d,CryptoKitties: Core
CryptoKitties 6,default,0xb77feddb7e627a78140a2a32cac65a49ed1dba8e,CryptoKitties: GeneScience
CryptoKitties 6,default,0x57831a0c76ba6b4fdcbadd6cb48cb26e8fc15e93,CryptoKitties: Offers
CryptoKitties 6,default,0xb1690c08e213a35ed9bab7b318de14420fb57d8c,CryptoKitties: Sales Auction
CryptoKitties 6,default,0xc7af99fe5513eb6710e6d5f44f9989da40f27f26,CryptoKitties: Siring Auction
