labelName,tabType,address,nameTag
CryptoSaga 8,default,0x8095ff4eea862eefead05b68a2f75f3aef7b81d0,CryptoSaga: Arena Ver1
CryptoSaga 8,default,0x1b5242794288b45831ce069c9934a29b89af0197,CryptoSaga: Card
CryptoSaga 8,default,0xcc862f25b2f725c0666d67774c47c63c9a3af150,CryptoSaga: Card Swap Ver2
CryptoSaga 8,default,0xc00cc67677b7d54c6d5a4bc6e72ae4822d3e70fd,CryptoSaga: Contract 1
CryptoSaga 8,default,0x4d3c07f06fc3de2f3b807f8e242b91b71933a560,CryptoSaga: Dungeon Ver1
CryptoSaga 8,default,0xabc7e6c01237e8eef355bba2bf925a730b714d5f,CryptoSaga: Hero
