labelName,tabType,address,nameTag
Crypto.com 25,Main,0xa0b73e1ff0b80914ab6fe0444e65848c4c34450b,Cronos Coin: CRO Token
Crypto.com 25,Main,0x6262998ced04146fa42253a5c0af90ca02dfd2a3,Crypto.com
Crypto.com 25,Main,0x46340b20830761efd32832a74d7169b29feb9758,Crypto.com 2
Crypto.com 25,Main,0x72a53cdbbcc1b9efa39c834a540550e23463aacb,Crypto.com 3
Crypto.com 25,Main,0x7758e507850da48cd47df1fb5f875c23e3340c50,Crypto.com 4
Crypto.com 25,Main,0xcffad3200574698b78f32232aa9d63eabd290703,Crypto.com 5
Crypto.com 25,Main,0xb63b606ac810a52cca15e44bb630fd42d8d1d83d,Crypto.com: MCO Token
Crypto.com 25,Others,0x013ff63e21e8556c1a04aff005ec0912aa955d6a,Crypto.com: CDCNFT 2
Crypto.com 25,Others,0x767be428d8bf8fa99bc0b84d96d6f135845a11ff,Crypto.com: CDCNFT Token
Crypto.com 25,Others,0xc42f0e95ff6c861164a86415eb6b3dabe7e13843,Crypto.com: Deployer
Crypto.com 25,Others,0x494adb1ecac39d9df00fcda84ed2c1dc775107e7,Crypto.com: Deployer 2
Crypto.com 25,Others,0x32047ac688997feb8fbf1d5d4aee39ec0202086d,Crypto.com: Deployer 3
Crypto.com 25,Others,0xae45a8240147e6179ec7c9f92c5a18f9a97b3fca,Crypto.com: Deposit Funder
Crypto.com 25,Others,0xdc4c0fda463435d19962e8dd465d5eba86fd02ec,Crypto.com: MCO Wallet
Crypto.com 25,Others,0x51ca21ed46a9df3cb6f34624cbd482d312996730,Crypto.com: MultiSig
Crypto.com 25,Others,0x71507ee19cbc0c87ff2b5e05d161efe2aac4ee07,Crypto.com: MultiSig 2
Crypto.com 25,Others,0x22e4f709fd5e7fe246fbf7e714ae89bdab7e2a5d,Crypto.com: MultiSig 3
Crypto.com 25,Others,0xdda508f9f3c1b4ca39c8794df3a080298ebe9c55,Crypto.com: MultiSig 4
Crypto.com 25,Others,0x35f517cab9a37bc31091c2f155d965af84e0bc85,Crypto.com: MultiSig 5
Crypto.com 25,Others,0x67703f7d089f3ac7c8c13a18b2381cbd7ee3eded,Crypto.com: MultiSig 6
Crypto.com 25,Others,0x20a0bee429d6907e556205ef9d48ab6fe6a55531,Crypto.com: MultiSig 7
