labelName,tabType,address,nameTag
DAO 177,default,0xb618f903ad1d00d6f7b92f5b0954dcdc056fc533,Balancer: DAO
DAO 177,default,0xa042c9143c8758d2ad5a3fcc08dec39f6964453e,FriendsFingers DAO Platform
DAO 177,default,0x49bdd8854481005bba4acebabf6e06cd5f6312e9,Kyber: DAO
DAO 177,default,0x1fd169a4f5c59acf79d0fd5d91d1201ef1bce9f1,MolochDAO: Moloch Treasury
DAO 177,default,0x519f9662798c2e07fbd5b30c1445602320c5cf5b,MolochDAO: Moloch Treasury V3
DAO 177,default,0x1722800c0f1bfdf916ef948ef7790a861e90d558,multiDAO
DAO 177,default,0xda490e9acc7f7418293cfea1ff2085c60d573626,necDAO
DAO 177,default,0x0eebf2126b67924a2785687aaf64abfa4b2ea76f,The Culture DAO: MultiSig
