labelName,tabType,address,nameTag
DAppNode 7,default,0x3793a5ac0ee459ebe80e7df53f402d0a6c4d42b9,DAppNode: Deployer
DAppNode 7,default,0x87d6180b65ad76a9443064dcd1596388fcc3ee2a,DAppNode: NODE Airdrop
DAppNode 7,default,0xda007777d86ac6d989cc9f79a73261b3fc5e0da0,DAppNode: NODE Token
DAppNode 7,default,0x19992b52338b7b49de9679ae018a7027803db1aa,DAppNode: SushiSwap NODEstaking
DAppNode 7,default,0x072115dbd5c8b47e971890357d2951d4569f6b27,DAppNode: Uniswap NODEstaking
DAppNode 7,default,0x00cf36853aa4024fb5bf5cc377dfd85844b411a0,Gitcoin Grants: DAppNode
