labelName,tabType,address,nameTag
Decentraland 56,default,0x4c290f486bae507719c562b6b524bdb71a2570c9,
Decentraland 56,default,0xecf073f91101ce5628669c487aee8f5822a101b1,
Decentraland 56,default,0x9a6ebe7e2a7722f8200d0ffb63a1f6406a0d7dce,Decentraland: DAO Agent
Decentraland 56,default,0x89214c8ca9a49e60a3bfa8e00544f384c93719b1,Decentraland: DAO Community
Decentraland 56,default,0xa8ee490e4c4da48cc1653502c1a77479d4d818de,Decentraland: DCLBNNCSCLLCTN Token
Decentraland 56,default,0x32b7495895264ac9d0b12d32afd435453458b1c6,Decentraland: DCLCMMNTCNTST Token
Decentraland 56,default,0x24d538a6265b006d4b53c45ba91af5ef60dca6cb,Decentraland: DCLCYBMKCYBRSLDRST Token
Decentraland 56,default,0x3163d2cfee3183f9874e2869942cc62649eeb004,Decentraland: DCLDCGCLLCTN Token
Decentraland 56,default,0xe7a64f6a239ed7f5bf18caa1ce2920d0c1278129,Decentraland: DCLDCMT Token
Decentraland 56,default,0xbf53c33235cbfc22cef5a61a83484b86342679c5,Decentraland: DCLDGSMMR2020 Token
Decentraland 56,default,0x574f64ac2e7215cba9752b85fc73030f35166bc0,Decentraland: DCLDGTBLHDSPC Token
Decentraland 56,default,0x1e1d4e6262787c8a8783a37fee698bd42aa42bec,Decentraland: DCLDPPCRFTMNMNR Token
Decentraland 56,default,0x2a187453064356c898cae034eaed119e1663acb8,Decentraland: DCLENS Token
Decentraland 56,default,0xfeb52cbf71b9adac957c6f948a6cf9980ac8c907,Decentraland: DCLHLWN2020 Token
Decentraland 56,default,0x0b1c6c75d511fae05e7dc696f4cf14129a9c43c9,Decentraland: DCLLMLNDNC Token
Decentraland 56,default,0x75a3752579dc2d63ca229eebbe3537fbabf85a12,Decentraland: DCLPMTTTHSWRLD Token
Decentraland 56,default,0x201c3af8c471e5842428b74d1e7c0249adda2a92,Decentraland: DCLSTYSF Token
Decentraland 56,default,0xdd9c7bc159dacb19c9f6b9d7e23948c87aa2397f,Decentraland: DCLXMSHP2020 Token
Decentraland 56,default,0xe74ab71711981a31d3c38edfe702989f30be29b6,Decentraland: Deployer 2
Decentraland 56,default,0x959e104e1a4db6317fa58f8295f586e1a978c297,Decentraland: Estate
Decentraland 56,default,0xf87e31492faf9a91b02ee0deaad50d51d56d5d4d,Decentraland: LAND
Decentraland 56,default,0x0f5d2fb29fb7d3cfee444a200298f468908cc942,Decentraland: MANA Token
Decentraland 56,default,0x55ed2910cc807e4596024266ebdf7b1753405a11,Decentraland: MultiSig 1
Decentraland 56,default,0xe5d0c3fea1e5f01ca4098e9580b93b3b5d0ea768,Decentraland: MultiSig 2
Decentraland 56,default,0x5bd48309926121370da1cbbd5b958926e8bdb328,Decentraland: MultiSig 3
Decentraland 56,default,0xebde1cfefbdf9eae2eea69a145ddb82cb71e7651,Decentraland: Registry
Decentraland 56,default,0xa66d83716c7cfe425b44d0f7ef92de263468fb3d,Decentraland: Token Sale
Decentraland 56,default,0xfe95e04a628087fcdd5f278e61f148b47471af4a,Decentraland: Wallet
Decentraland 56,default,0x3c337fa1bf8725f59f73db6db719c792c5e8ae74,Decentraland: Whitelist Sale
Decentraland 56,default,0xfd09cf7cfffa9932e33668311c4777cb9db3c9be,Decentraland: wMANA Token
