labelName,tabType,address,nameTag
DeFi Education Fund 8,default,0xdc856762b024814f6b5dc28e97e514e001d6820c,DeFi Education Fund: Jake Chervinsky
DeFi Education Fund 8,default,0xcb598f253818398f3d91595f22d897096e240ae3,DeFi Education Fund: Katie Biber
DeFi Education Fund 8,default,0x773ee93e36baafa7f73b41ccc6800126829d3589,DeFi Education Fund: Larry Sukernik
DeFi Education Fund 8,default,0x2132beadc4d7b196249c1a746b8eea91099bb1ce,DeFi Education Fund: Marc Boiron
DeFi Education Fund 8,default,0xea067c58367d022a1c58354fe544c542c68587ec,DeFi Education Fund: Marvin Ammori
DeFi Education Fund 8,default,0x1c95930dfc1139381265ce45b5f480f1efae09a1,DeFi Education Fund: Multisig
DeFi Education Fund 8,default,0xcf8c946c6819dafe62f82803e01eb27ea232825c,DeFi Education Fund: Rebecca Rettig
DeFi Education Fund 8,default,0xbcad071a51896666c3b48fc5fd5a872981fb254e,DeFi Education Fund: Sheila Warren
