labelName,tabType,address,nameTag
DeFi 1677,Main,0xfe842e95f8911dcc21c943a1daa4bd641a1381c6,mStable: BUSD feeder pool
DeFi 1677,Main,0x4fb30c5a3ac8e85bc32785518633303c4590752d,mStable: GUSD feeder pool
DeFi 1677,Main,0xb61a6f928b3f069a68469ddb670f20eeeb4921e0,mStable: tBTC feeder pool
DeFi 1677,Others,0xfe842e95f8911dcc21c943a1daa4bd641a1381c6,mStable: BUSD feeder pool
DeFi 1677,Others,0x4fb30c5a3ac8e85bc32785518633303c4590752d,mStable: GUSD feeder pool
DeFi 1677,Others,0xb61a6f928b3f069a68469ddb670f20eeeb4921e0,mStable: tBTC feeder pool
