labelName,tabType,address,nameTag
dForce 37,Main,0x02285acaafeb533e03a7306c55ec031297df9224,dForce: dDAI Token
dForce 37,Main,0x431ad2ff6a9c365805ebad47ee021148d6f7dbe0,dForce: DF Token
dForce 37,Main,0x16c9cf62d8dac4a38fb50ae5fa5d51e9170f3179,dForce: dUSDC Token
dForce 37,Main,0x868277d475e0e475e38ec5cda2d9c83b5e1d9fc8,dForce: dUSDT Token
dForce 37,Main,0x355c665e101b9da58704a8fddb5feef210ef20c0,dForce: GOLDx Token
dForce 37,Main,0x786bf554473f9ab733fd683c528212492a23d895,dForce: Stablecoin Pool
dForce 37,Main,0x03ef3f37856bd08eb47e2de7abc4ddd2c19b60f2,dForce: Swap
dForce 37,Main,0xeb269732ab75a6fd61ea60b06fe994cd32a83549,dForce: USDX Token
dForce 37,Others,0x02285acaafeb533e03a7306c55ec031297df9224,dForce: dDAI Token
dForce 37,Others,0x431ad2ff6a9c365805ebad47ee021148d6f7dbe0,dForce: DF Token
dForce 37,Others,0x16c9cf62d8dac4a38fb50ae5fa5d51e9170f3179,dForce: dUSDC Token
dForce 37,Others,0x868277d475e0e475e38ec5cda2d9c83b5e1d9fc8,dForce: dUSDT Token
dForce 37,Others,0x355c665e101b9da58704a8fddb5feef210ef20c0,dForce: GOLDx Token
dForce 37,Others,0x786bf554473f9ab733fd683c528212492a23d895,dForce: Stablecoin Pool
dForce 37,Others,0x03ef3f37856bd08eb47e2de7abc4ddd2c19b60f2,dForce: Swap
dForce 37,Others,0xeb269732ab75a6fd61ea60b06fe994cd32a83549,dForce: USDX Token
