labelName,tabType,address,nameTag
Dragonereum 35,default,0x54c5231c982c6ce0c44f7b0c4a18275db998a02e,Dragonereum: Battle
Dragonereum 35,default,0x94e34f68d66b5dd954b56a513cf7c48f08036f19,Dragonereum: Battle Controller
Dragonereum 35,default,0xd5bae616505430595ee28b9e0e092dc298ab1b19,Dragonereum: Breeding Marketplace
Dragonereum 35,default,0xf5c6acb57f13de23b2140b0b399cd7eeae800ff8,Dragonereum: Core
Dragonereum 35,default,0x69980dfd271daf09b606b7fa1d872d98c98015a8,Dragonereum: Core Controller
Dragonereum 35,default,0xb5b67b0bd9f0f188e900d6a50cd1d66a6d9932f7,Dragonereum: Distribution
Dragonereum 35,default,0x960f401aed58668ef476ef02b2a2d43b83c261d8,Dragonereum: Dragon
Dragonereum 35,default,0x6e9f056176b7997a98b9919bfb6642d4ea92a1ba,Dragonereum: Dragon Core
Dragonereum 35,default,0xdcd74ce660f8335f3840421b06d83a122d0570ff,Dragonereum: Dragon Core Helper
Dragonereum 35,default,0x0163f2aecc6263dfb2b9b01e9e76f93d4cc9862e,Dragonereum: Dragon Genetics
Dragonereum 35,default,0x59d2a1370e57427b0ad6342dcf45dec9adfb772d,Dragonereum: Dragon Getter
Dragonereum 35,default,0x556b52af1930bdfdde016851ce078b352ef643e5,Dragonereum: Dragon Leaderboard
Dragonereum 35,default,0x5cad8e26bf869c06467955045e97c829653a415c,Dragonereum: Dragon Marketplace
Dragonereum 35,default,0xe52b6ea97e40ae1619469dcc1e7711afb960762e,Dragonereum: Dragon Params
Dragonereum 35,default,0xfcad2859f3e602d4cfb9aca35465a618f9009f7b,Dragonereum: Egg
Dragonereum 35,default,0x2b0f6794c28efb6f73ae1c9732c51cd67a8296a1,Dragonereum: Egg Core
Dragonereum 35,default,0xbba8fbaa8e14061948dc370821fa311baa74172a,Dragonereum: Egg Marketplace
Dragonereum 35,default,0xd31b8e0219bd83678978f6db531d9a3f45608894,Dragonereum: Events
Dragonereum 35,default,0xf88fdb63dc782dae646cd6c74728ca83f56200e4,Dragonereum: Getter
Dragonereum 35,default,0x150b0b96933b75ce27af8b92441f8fb683bf9739,Dragonereum: Gold
Dragonereum 35,default,0xd2584e838896792d9abea79c06ee9d6ab7f100db,Dragonereum: Gold Marketplace
Dragonereum 35,default,0x577d6886fad02e5fb15b55645894b1ae14228ce4,Dragonereum: Gold Marketplace Storage
Dragonereum 35,default,0xad3cdf38ccace151cdf5f03fa64c1518a75cf7af,Dragonereum: Main Base
Dragonereum 35,default,0x68ed06af5989e05bc4aa510b44dc6d003e225187,Dragonereum: Main Battle
Dragonereum 35,default,0x0601ec5350b48fe2c3f421ea42915d16df108d27,Dragonereum: Main Market
Dragonereum 35,default,0x6d81d1fda601df52f83188dce617b65ac9b3c5be,Dragonereum: Marketplace Controller
Dragonereum 35,default,0xc643a0242d73c3f4368e0e84b0124bfb4629b3ff,Dragonereum: Nest
Dragonereum 35,default,0x00e04c3fbb3783fd57eae4037ee1ee02c4d84614,Dragonereum: Random
Dragonereum 35,default,0xc2b1fee7962a1338f2dedf4e4ff750f890d03111,Dragonereum: Skill Marketplace
Dragonereum 35,default,0xb3d5d71ff892f3b577e42d5271cc0ef924313d18,Dragonereum: Treasury
Dragonereum 35,default,0xf44026f15a44140175aca39c67603c74502a0bdd,Dragonereum: Upgrade Controller
Dragonereum 35,default,0x2b053438ec2ac37dbf912bcde32edfc956350fc5,Dragonereum: User
