labelName,tabType,address,nameTag
Empty Set Dollar 5,default,0x443d2f2755db5942601fa062cc248aaa153313d3,Empty Set Dollar: DAO
Empty Set Dollar 5,default,0x36f3fd68e7325a35eb768f1aedaae9ea0689d723,Empty Set Dollar: ESD Token
Empty Set Dollar 5,default,0x7d72243247aedb0d1d35787a2942107dd76338d8,Empty Set Dollar: Implementation
Empty Set Dollar 5,default,0xdf0ae5504a48ab9f913f8490fbef1b9333a68e68,Empty Set Dollar: LP Incentivization Pool
Empty Set Dollar 5,default,0xea9f8bb8b5e8ba3d38628f0e18ee82300eddba0e,Empty Set Dollar: Oracle
