labelName,tabType,address,nameTag
ENS 42,Main,0xffc8ca4e83416b7e0443ff430cc245646434b647,
ENS 42,Main,0x60c7c2a24b5e86c38639fd1586917a8fef66a56d,ENS: Registrar Migration
ENS 42,Main,0x57f1887a8bf19b14fc0df6fd9b2acc9af147ea85,ENS: Base Registrar Implementation
ENS 42,Main,0xff252725f6122a92551a5fa9a6b6bf10eb0be035,ENS: Bulk Renewal
ENS 42,Main,0x690f0581ececcf8389c223170778cd9d029606f2,ENS: Cold Wallet
ENS 42,Main,0xfe89cc7abb2c4183683ab71653c4cdc9b02d44b7,ENS: DAO Wallet
ENS 42,Main,0xa2c122be93b0074270ebee7f6b7292c7deb45047,ENS: Default Reverse Resolver
ENS 42,Main,0x4fe4e666be5752f1fdd210f4ab5de2cc26e3e0e8,ENS: Deployer
ENS 42,Main,0xa2f428617a523837d4adc81c67a296d42fd95e86,ENS: DNS Registrar
ENS 42,Main,0x314159265dd8dbb310642f98f50c066173c1259b,ENS: Eth Name Service
ENS 42,Main,0x283af0b28c62c092c9727f1ee09c02ca627eb7f5,ENS: ETH Registrar Controller
ENS 42,Main,0x323a76393544d5ecca80cd6ef2a560c6a395b7e3,ENS: Governance
ENS 42,Main,0x9b6d20f524367d7e98ed849d37fc662402dca7fb,ENS: Mapper
ENS 42,Main,0xe65d8aaf34cb91087d1598e0a15b582f57f217d9,ENS: Migration Subdomain Registrar
ENS 42,Main,0x911143d946ba5d467bfc476491fdb235fef4d667,ENS: Multisig
ENS 42,Main,0xc1735677a60884abbcf72295e88d47764beda282,ENS: Offchain Resolver
ENS 42,Main,0xdaaf96c344f63131acadd0ea35170e7892d3dfba,ENS: Public Resolver 1
ENS 42,Main,0x4976fb03c32e5b8cfe2b6ccb31c09ba78ebaba41,ENS: Public Resolver 2
ENS 42,Main,0x00000000000c2e074ec69a0dfb2997ba6c7d2e1e,ENS: Registry with Fallback
ENS 42,Main,0x3671ae578e63fdf66ad4f3e12cc0c0d71ac7510c,ENS: Reverse Records
ENS 42,Main,0x084b1c3c81545d370f3634392de611caabff8148,ENS: Reverse Registrar
ENS 42,Main,0xab528d626ec275e3fad363ff1393a41f581c5897,ENS: Root
ENS 42,Main,0xf7c83bd0c50e7a72b55a39fe0dabf5e3a330d749,ENS: Short Name Claims
ENS 42,Main,0xb9d374d0fe3d8341155663fae31b7beae0ae233a,ENS: Stable Price Oracle
ENS 42,Main,0xc32659651d137a18b79925449722855aa327231d,ENS: Subdomain Registrar
ENS 42,Main,0xb1377e4f32e6746444970823d5506f98f5a04201,ENS: Token Streaming Contract
ENS 42,Main,0xd7a029db2585553978190db5e85ec724aa4df23f,ENS: Token Timelock
ENS 42,Main,0x0904dac3347ea47d208f3fd67402d039a3b99859,ENS: Wallet
ENS 42,Main,0xb6e040c9ecaae172a89bd561c5f73e1c48d28cd9,ENS: Wallet 2
ENS 42,Others,0xffc8ca4e83416b7e0443ff430cc245646434b647,
ENS 42,Others,0x60c7c2a24b5e86c38639fd1586917a8fef66a56d,ENS: Registrar Migration
ENS 42,Others,0x57f1887a8bf19b14fc0df6fd9b2acc9af147ea85,ENS: Base Registrar Implementation
ENS 42,Others,0xff252725f6122a92551a5fa9a6b6bf10eb0be035,ENS: Bulk Renewal
ENS 42,Others,0x690f0581ececcf8389c223170778cd9d029606f2,ENS: Cold Wallet
ENS 42,Others,0xfe89cc7abb2c4183683ab71653c4cdc9b02d44b7,ENS: DAO Wallet
ENS 42,Others,0xa2c122be93b0074270ebee7f6b7292c7deb45047,ENS: Default Reverse Resolver
ENS 42,Others,0x4fe4e666be5752f1fdd210f4ab5de2cc26e3e0e8,ENS: Deployer
ENS 42,Others,0xa2f428617a523837d4adc81c67a296d42fd95e86,ENS: DNS Registrar
ENS 42,Others,0x314159265dd8dbb310642f98f50c066173c1259b,ENS: Eth Name Service
ENS 42,Others,0x283af0b28c62c092c9727f1ee09c02ca627eb7f5,ENS: ETH Registrar Controller
ENS 42,Others,0x323a76393544d5ecca80cd6ef2a560c6a395b7e3,ENS: Governance
ENS 42,Others,0x9b6d20f524367d7e98ed849d37fc662402dca7fb,ENS: Mapper
ENS 42,Others,0xe65d8aaf34cb91087d1598e0a15b582f57f217d9,ENS: Migration Subdomain Registrar
ENS 42,Others,0x911143d946ba5d467bfc476491fdb235fef4d667,ENS: Multisig
ENS 42,Others,0xc1735677a60884abbcf72295e88d47764beda282,ENS: Offchain Resolver
ENS 42,Others,0xdaaf96c344f63131acadd0ea35170e7892d3dfba,ENS: Public Resolver 1
ENS 42,Others,0x4976fb03c32e5b8cfe2b6ccb31c09ba78ebaba41,ENS: Public Resolver 2
ENS 42,Others,0x00000000000c2e074ec69a0dfb2997ba6c7d2e1e,ENS: Registry with Fallback
ENS 42,Others,0x3671ae578e63fdf66ad4f3e12cc0c0d71ac7510c,ENS: Reverse Records
ENS 42,Others,0x084b1c3c81545d370f3634392de611caabff8148,ENS: Reverse Registrar
ENS 42,Others,0xab528d626ec275e3fad363ff1393a41f581c5897,ENS: Root
ENS 42,Others,0xf7c83bd0c50e7a72b55a39fe0dabf5e3a330d749,ENS: Short Name Claims
ENS 42,Others,0xb9d374d0fe3d8341155663fae31b7beae0ae233a,ENS: Stable Price Oracle
ENS 42,Others,0xc32659651d137a18b79925449722855aa327231d,ENS: Subdomain Registrar
ENS 42,Others,0xb1377e4f32e6746444970823d5506f98f5a04201,ENS: Token Streaming Contract
ENS 42,Others,0xd7a029db2585553978190db5e85ec724aa4df23f,ENS: Token Timelock
ENS 42,Others,0x0904dac3347ea47d208f3fd67402d039a3b99859,ENS: Wallet
ENS 42,Others,0xb6e040c9ecaae172a89bd561c5f73e1c48d28cd9,ENS: Wallet 2
