labelName,tabType,address,nameTag
Etheremon 50,default,0xb5f8ed7a761200d80a9971268302ef3ff1aafbec,Emont Frenzy 1
Etheremon 50,default,0x5df892a4d541cb55c62280125f0c38b46d9f55df,Emont Frenzy 2
Etheremon 50,default,0x635b1194853b58e916f34f4223c81df0e99f4430,Emont Frenzy 3
Etheremon 50,default,0x5d00d312e171be5342067c09bae883f9bcb2003b,Etheremon Monster Token
Etheremon 50,default,0xcdf7cfc9f7c129a0d7aec376bc205ab87fc878e1,Etheremon: Adventure 2
Etheremon 50,default,0x41f3d85e9b8497fca552523047bf4dac7beea64a,Etheremon: Adventure Claim
Etheremon 50,default,0xd76e916901c278dc445e4a808d87a4b34edaee25,Etheremon: Adventure Presale 1
Etheremon 50,default,0xa7c4681c701ac82c8524cfc66e0101ea16e1e00f,Etheremon: Adventure Presale 2
Etheremon 50,default,0xa2c51d751a3fcbaf3ff3cd1dc4adf72469cf9d74,Etheremon: Adventure Revenue 1
Etheremon 50,default,0x50067c62078579cdc0c76fc04fd28fb6fe3afcd4,Etheremon: Adventure Revenue 2
Etheremon 50,default,0xbfde6246df72d3ca86419628cac46a9d2b60393c,Etheremon: Adventure Token
Etheremon 50,default,0xb2c0782ae4a299f7358758b2d15da9bf29e1dd99,Etheremon: Asset
Etheremon 50,default,0x0c28bf52d0d4d9447e86d7e7f0e317f273d3c9a3,Etheremon: Battle 1
Etheremon 50,default,0xdf6164efd12678bf6a7d5a1ddf73c831493f6574,Etheremon: Battle 2
Etheremon 50,default,0xe171783da2c451186b4256727481fa30203fef86,Etheremon: Battle 3
Etheremon 50,default,0x65ca30af89af5a048cc8b715101171fbca6452b5,Etheremon: Battle 4
Etheremon 50,default,0x0fa8051dbdbbcc32d602803d5f1de1e6f92a0bbd,Etheremon: Battle 5
Etheremon 50,default,0x75aa01dc00f6aeefe14bd58a5b6cbb091c6dc57b,Etheremon: Castle Battle
Etheremon 50,default,0xb902e19f24950c43ae69cfee20876283fa842b03,Etheremon: Contract 1
Etheremon 50,default,0xf35a3215e8098544f1c352ef57c3c745e224fb38,Etheremon: Contract 2
Etheremon 50,default,0x3ebbebb8198c90c7460a8a60736481726b40297a,Etheremon: Contract 3
Etheremon 50,default,0x7582562aeeb50d6e48fa5415d47d5ccd9bd221c4,Etheremon: Contract 4
Etheremon 50,default,0x6482ccfc48cd7ff95bb4def3355617fe0d507052,Etheremon: Contract 5
Etheremon 50,default,0x6ef6016727668a89779d43379d7d349c64642a32,Etheremon: Contract 6
Etheremon 50,default,0xabc1c404424bdf24c19a5cc5ef8f47781d18eb3e,Etheremon: Data
Etheremon 50,default,0x9e7e799a8af24e5ab6064c9d516037bfe6cc9b8d,Etheremon: Deployer 2
Etheremon 50,default,0x9fdc0bb3622b933aaf4c6f0f653e35e76dcb76d0,Etheremon: Emont Frenzy Tool
Etheremon 50,default,0x6c8dce6d842e0d9d109dc4c69f35cf8904fc4cbf,Etheremon: Energy
Etheremon 50,default,0xcaef67f72114b4d2b4f43e7407455285b7de8de5,Etheremon: Gym
Etheremon 50,default,0xb67b88a25708a35ae7c2d736d398d268ce4f7f83,Etheremon: Old Token
Etheremon 50,default,0x721da477f68c71788a262d58853fe6977d86535e,Etheremon: Payment 1
Etheremon 50,default,0xfec769e54c266de2bc3fa5df7d9f0fe2a1e39461,Etheremon: Payment 2
Etheremon 50,default,0x8a60806f05876f4d6db00c877b0558dbcad30682,Etheremon: Processor
Etheremon 50,default,0xbb991caafa1cbbe9502fcd9ced6557c5b3784d42,Etheremon: Rank Battle 1
Etheremon 50,default,0x022c635044ba01ced1e098bc32e62a954147f2de,Etheremon: Rank Battle 2
Etheremon 50,default,0x838cda4a4cc873fff10f4d6373ada6636517fa31,Etheremon: Rank Data
Etheremon 50,default,0x4ba72f0f8dad13709ee28a992869e79d0fe47030,Etheremon: Trade 1
Etheremon 50,default,0xbd4b50bbf385195c410a625681ff29d439ba61f3,Etheremon: Trade 2
Etheremon 50,default,0xf3a8f103574bc64358e372ed68e95db0b2bb0936,Etheremon: Transform 1
Etheremon 50,default,0xa6ff73743b2fd8dedfacea4067a51ef86d249491,Etheremon: Transform 2
Etheremon 50,default,0x16ecc82b4e3e5ff5a4db8510ed191282a37639b0,Etheremon: Transform 3
Etheremon 50,default,0xfdf4411669fc6e8951a6ae987307d7582fda7a05,Etheremon: Transform Data
Etheremon 50,default,0x1fc7bd85293f3982f40d52698df8d26be89360d6,Etheremon: World
Etheremon 50,default,0xe0a66218c40230967d4240d25f6220a28e52c7ff,EtheremonToken: Deployer 1
Etheremon 50,default,0x777777bb1a74a0efdc12f304adbc3d13940ba781,Ethermon: Deployer
Etheremon 50,default,0xd6a5ab46ead26f49b03bbb1f9eb1ad5c1767974a,Ethermon: EMON Token
