labelName,tabType,address,nameTag
Factory Contract 16,default,0x176b98ab38d1ae8ff3f30bf07f9b93e26f559c17,ACO: Factory Contract
Factory Contract 16,default,0x9424b1412450d0f8fc2255faf6046b98213b76bd,Balancer: BFactory
Factory Contract 16,default,0x1fed2e360a5afb2ac4b047102a7012a57f3c8cab,BTswap: Factory
Factory Contract 16,default,0xfc00c80b0000007f73004edb00094cad80626d8d,Dharma: Smart Wallet Factory V1
Factory Contract 16,default,0xde1c04855c2828431ba637675b6929a684f84c7f,LlamaPay: Factory
Factory Contract 16,default,0xa26e15c895efc0616177b7c1e7270a4c7d51c997,Maker: DS Proxy Factory
Factory Contract 16,default,0x0e6541374e9d7dee2c53c15a1a00fbe41c7b7198,Mintbase: Factory
Factory Contract 16,default,0x4e9d7f37eadc6fef64b5f5dccc4deb6224667677,Nuo Network: Account Factory v2
Factory Contract 16,default,0x5997928f2a7004fc8aa9f2561d71fb9b103e1e1f,Omega Protocol: Factory Contract
Factory Contract 16,default,0x59c4b5907207e9bf50f9ad5738874e7fb15b25b5,Polymath: ST20 Factory
Factory Contract 16,default,0x7b636d4102b85a13c3e1d9ad30a4e705423fb65e,Set: Rebalancing Set Token V2 Factory
Factory Contract 16,default,0xe1cd722575801fe92eeef2ca23396557f7e3b967,Set: Set Token Factory
Factory Contract 16,default,0x8ec58faa4c1b693b50b7f1331897ad6b52dd824a,Synthetix: Old Binary Option Market Factory
Factory Contract 16,default,0x5c69bee701ef814a2b6a3edd4b1652cb9cc5aa6f,Uniswap V2: Factory Contract
Factory Contract 16,default,0xc0a47dfe034b400b47bdad5fecda2621de6c4d95,Uniswap: Factory Contract
