labelName,tabType,address,nameTag
Fei Protocol 19,default,0x89714d3ac9149426219a3568543200d1964101c4,Fei protocol: Bonding Curve Oracle
Fei Protocol 19,default,0x8d5ed43dca8c2f7dfb20cf7b53cc7e593635d7b9,Fei Protocol: Deployer
Fei Protocol 19,default,0xe1578b4a32eaefcd563a9e6d0dc02a4213f673b7,Fei Protocol: Eth Bonding Curve
Fei Protocol 19,default,0xda079a280fc3e33eb11a78708b369d5ca2da54fe,Fei Protocol: ETH PCV Contract
Fei Protocol 19,default,0x7a165f8518a9ec7d5da15f4b77b1d7128b5d9188,Fei Protocol: Eth Uniswap PCV Controller
Fei Protocol 19,default,0x9b0c6299d08fe823f2c0598d97a1141507e4ad86,Fei Protocol: Eth Uniswap PCV Deposit
Fei Protocol 19,default,0xe087f94c3081e1832dc7a22b48c6f2b5faae579b,Fei Protocol: Fei DAO
Fei Protocol 19,default,0x639572471f2f318464dc01066a56867130e45e25,Fei Protocol: Fei DAO Timelock
Fei Protocol 19,default,0xef1a94af192a88859eaf3f3d8c1b9705542174c5,Fei Protocol: Fei Rewards Distributor
Fei Protocol 19,default,0x9271d303b57c204636c38df0ed339b18bf98f909,Fei Protocol: Fei Router
Fei Protocol 19,default,0x956f47f50a910163d8bf957cf5846d573e7f87ca,Fei Protocol: FEI Token
Fei Protocol 19,default,0xbffb152b9392e38cddc275d818a3db7fe364596b,Fei Protocol: Genesis Group
Fei Protocol 19,default,0xac38ee05c0204a1e119c625d0a560d6731478880,Fei Protocol: Lido stETH PCV
Fei Protocol 19,default,0x18305daae09ea2f4d51faa33318be5978d251abd,Fei Protocol: Staking
Fei Protocol 19,default,0xc7283b66eb1eb5fb86327f08e1b5816b0720212b,Fei Protocol: Tribe
Fei Protocol 19,default,0xfe5b6c2a87a976dce20130c423c679f4d6044cd7,Fei Protocol: Uniswap Incentive
Fei Protocol 19,default,0x087f35bd241e41fc28e43f0e8c58d283dd55bd65,Fei Protocol: Uniswap Oracle
Fei Protocol 19,default,0x94b0a3d511b6ecdb17ebf877278ab030acb0a878,Uniswap V2: FEI 3
Fei Protocol 19,default,0x9928e4046d7c6513326ccea028cd3e7a91c7590a,Uniswap V2: FEI-TRIBE
