labelName,tabType,address,nameTag
Fomo3D 8,default,0x51a5271ec514c3065d9de2d8e95051989f7d53ab,Fomo3D: Contract 1
Fomo3D 8,default,0xd60d353610d9a5ca478769d371b53cefaa7b6e4c,Fomo3D: Contract 2
Fomo3D 8,default,0xc7029ed9eba97a096e72607f4340c34049c7af48,Fomo3D: Contract 3
Fomo3D 8,default,0xdd4950f977ee28d2c132f1353d1595035db444ee,Fomo3D: Contract 4
Fomo3D 8,default,0xa62142888aba8370742be823c1782d17a0389da1,Fomo3D: Long
Fomo3D 8,default,0x4e8ecf79ade5e2c49b9e30d795517a81e0bf00b8,Fomo3D: Soon
Fomo3D 8,default,0xb3775fb83f7d12a36e0475abdd1fca35c091efbe,PowH3D
