labelName,tabType,address,nameTag
ForTube 12,Main,0x063ad95a0fdc69269960a257c7e9bfa3629ac4dd,ForTube: ACL
ForTube 12,Main,0xfed7efb0cb949378ea6ef0a23e40b12a5f09e7fa,ForTube: BondFactory
ForTube 12,Main,0x76f4a2add5c81a739727a2bcaa1343f046d44d31,ForTube: Config
ForTube 12,Main,0x437979364674d8165eb625b0611adf8dbe55de6c,ForTube: Core
ForTube 12,Main,0x3592954497dafb830469d25f8c46ab0afd9c27f1,ForTube: CoreUtils
ForTube 12,Main,0x1721460a888e7a6698909e61bd65f07865064f01,ForTube: NameGen
ForTube 12,Main,0x53345f3b9fcb873783ffa5c8f043233afd4991a6,ForTube: Oracle
ForTube 12,Main,0xe48bc2ba0f2d2e140382d8b5c8f261a3d35ed09c,ForTube: PoolPawn
ForTube 12,Main,0xdd686e3c88874b9d7e6e18c06de55355b2038152,ForTube: PRA
ForTube 12,Main,0xfcef47934bec27b78f8c061d9a78cdaf0b196001,ForTube: Router
ForTube 12,Main,0x73df6d761a01e69998006a3bc870feded7ef6095,ForTube: Vote
ForTube 12,Others,0x063ad95a0fdc69269960a257c7e9bfa3629ac4dd,ForTube: ACL
ForTube 12,Others,0xfed7efb0cb949378ea6ef0a23e40b12a5f09e7fa,ForTube: BondFactory
ForTube 12,Others,0x76f4a2add5c81a739727a2bcaa1343f046d44d31,ForTube: Config
ForTube 12,Others,0x437979364674d8165eb625b0611adf8dbe55de6c,ForTube: Core
ForTube 12,Others,0x3592954497dafb830469d25f8c46ab0afd9c27f1,ForTube: CoreUtils
ForTube 12,Others,0x1721460a888e7a6698909e61bd65f07865064f01,ForTube: NameGen
ForTube 12,Others,0x53345f3b9fcb873783ffa5c8f043233afd4991a6,ForTube: Oracle
ForTube 12,Others,0xe48bc2ba0f2d2e140382d8b5c8f261a3d35ed09c,ForTube: PoolPawn
ForTube 12,Others,0xdd686e3c88874b9d7e6e18c06de55355b2038152,ForTube: PRA
ForTube 12,Others,0xfcef47934bec27b78f8c061d9a78cdaf0b196001,ForTube: Router
ForTube 12,Others,0x73df6d761a01e69998006a3bc870feded7ef6095,ForTube: Vote
