labelName,tabType,address,nameTag
Fraud Proof 5,default,0x6ad1dc4ab5475d9f8cd10118c9d28b06f0c8a2d9,Arbitrum One: Challenge
Fraud Proof 5,default,0x4812be53be02b9f38063cf55fef0a19d2ba8bb3a,Arbitrum One: One Step Proof
Fraud Proof 5,default,0x2df287a3b2fd0916c0b3d4882201ff360acd6ec3,Arbitrum One: One Step Proof 2
Fraud Proof 5,default,0xce81e7d009e53c02242b724819df1869da5e9fd8,Arbitrum One: One Step Proof Hash
Fraud Proof 5,default,0x1e13bb8cf5f44c4c7fc585797336eaae3935113c,Arbitrum: Challenge Factory
