labelName,tabType,address,nameTag
FTX 28,Main,0x2faf487a4414fe77e2327f0bf4ae2a264a776ad2,FTX Exchange
FTX 28,Main,0xc098b2a3aa256d2140208c3de6543aaef5cd3a94,FTX Exchange 2
FTX 28,Main,0x68eb95dc9934e19b86687a10df8e364423240e94,FTX: 3X Long Bitcoin Token
FTX 28,Main,0x871baed4088b863fd6407159f3672d70cd34837d,FTX: 3X Long Ethereum Token
FTX 28,Main,0x016ee7373248a80bde1fd6baa001311d233b3cfa,FTX: 3X Short Bitcoin Token
FTX 28,Main,0x2f5e2c9002c058c063d21a06b6cabb50950130c8,FTX: 3X Short Ethereum Token
FTX 28,Main,0x50d1c9771902476076ecfc8b2a83ad6b9355a4c9,FTX: FTT Token
FTX 28,Others,0x2faf487a4414fe77e2327f0bf4ae2a264a776ad2,FTX Exchange
FTX 28,Others,0xc098b2a3aa256d2140208c3de6543aaef5cd3a94,FTX Exchange 2
FTX 28,Others,0x68eb95dc9934e19b86687a10df8e364423240e94,FTX: 3X Long Bitcoin Token
FTX 28,Others,0x871baed4088b863fd6407159f3672d70cd34837d,FTX: 3X Long Ethereum Token
FTX 28,Others,0x016ee7373248a80bde1fd6baa001311d233b3cfa,FTX: 3X Short Bitcoin Token
FTX 28,Others,0x2f5e2c9002c058c063d21a06b6cabb50950130c8,FTX: 3X Short Ethereum Token
FTX 28,Others,0x50d1c9771902476076ecfc8b2a83ad6b9355a4c9,FTX: FTT Token
