labelName,tabType,address,nameTag
Fund 97,default,0x05e793ce0c6027323ac150f6d45c2344d28b6019,a16z
Fund 97,default,0x073dca8acbc11ffb0b5ae7ef171e4c0b065ffa47,Alameda Research 1
Fund 97,default,0x882a812d75aee53efb8a144f984b258b6c4807f0,Alameda Research 10
Fund 97,default,0xbefe4f86f189c1c817446b71eb6ac90e3cb68e60,Alameda Research 11
Fund 97,default,0xb78e90e2ec737a2c0a24d68a0e54b410fff3bd6b,Alameda Research 12
Fund 97,default,0x964d9d1a532b5a5daeacbac71d46320de313ae9c,Alameda Research 13
Fund 97,default,0xfa453aec042a837e4aebbadab9d4e25b15fad69d,Alameda Research 14
Fund 97,default,0x4deb3edd991cfd2fcdaa6dcfe5f1743f6e7d16a6,Alameda Research 15
Fund 97,default,0x477573f212a7bdd5f7c12889bd1ad0aa44fb82aa,Alameda Research 16
Fund 97,default,0xce31190a03fc3c5f23167e88e75066824823222d,Alameda Research 17
Fund 97,default,0x73c0ae50756c7921d1f32ada71b8e50c5de7ff9c,Alameda Research 19
Fund 97,default,0x712d0f306956a6a4b4f9319ad9b9de48c5345996,Alameda Research 2
Fund 97,default,0x60ae578abdfded1fb0555f54148fdd7b400a34ed,Alameda Research 20
Fund 97,default,0x0c0fe4e0236480e16b679ee1fd0c5247f9cf35f0,Alameda Research 22
Fund 97,default,0x0f4ee9631f4be0a63756515141281a3e2b293bbe,Alameda Research 23
Fund 97,default,0x97137466bc8018531795217f0ecc4ba24dcba5c1,Alameda Research 24
Fund 97,default,0x84d34f4f83a87596cd3fb6887cff8f17bf5a7b83,Alameda Research 25
Fund 97,default,0x78835265ac857bf3420830c71987b1a55f73c2dc,Alameda Research 26
Fund 97,default,0x4c8cfe078a5b989cea4b330197246ced82764c63,Alameda Research 27
Fund 97,default,0x93c08a3168fc469f3fc165cd3a471d19a37ca19e,Alameda Research 3
Fund 97,default,0xca436e14855323927d6e6264470ded36455fc8bd,Alameda Research 4
Fund 97,default,0x83a127952d266a6ea306c40ac62a4a70668fe3bd,Alameda Research 5
Fund 97,default,0xc5ed2333f8a2c351fca35e5ebadb2a82f5d254c3,Alameda Research 6
Fund 97,default,0x89183c0a8965c0299997be9af700a801bdccc2da,Alameda Research 7
Fund 97,default,0xe5d0ef77aed07c302634dc370537126a2cd26590,Alameda Research 8
Fund 97,default,0x5d13f4bf21db713e17e04d711e0bf7eaf18540d6,Alameda Research 9
Fund 97,default,0x3507e4978e0eb83315d20df86ca0b976c0e40ccb,Alameda Research: Binance Deposit
Fund 97,default,0xa726c00cda1f60aaab19bc095d02a46556837f31,Alameda Research: WBTC Merchant Deposit Address
Fund 97,default,0x23a5efe19aa966388e132077d733672cf5798c03,Arca: 0x23a...c03
Fund 97,default,0xff0cefdbd6bf757cc0cc361ddfbde432186ccaa6,Auros Global
Fund 97,default,0x9b5ea8c719e29a5bd0959faf79c9e5c8206d0499,DeFiance Capital
Fund 97,default,0x1157a2076b9bb22a85cc2c162f20fab3898f4101,FalconX: 0x115...101
Fund 97,default,0x60009b78da046ac64ef789c29ca05b79cdf73c10,FalconX: Foster City
Fund 97,default,0x0716a17fbaee714f1e6ab0f9d59edbc5f09815c0,Fund: 0x071...5C0
Fund 97,default,0x112b69178d416cd03222de9e6dd6b3adf36412aa,Fund: 0x112...2aa
Fund 97,default,0x11577a8a5baf1e25b9a2d89f39670f447d75c3cd,Fund: 0x115...3cD
Fund 97,default,0x2e675eeae4747c248bfddbafaa3a8a2fdddaa44b,Fund: 0x2e6...44b
Fund 97,default,0x3ba21b6477f48273f41d241aa3722ffb9e07e247,Fund: 0x3BA...247
Fund 97,default,0x4655b7ad0b5f5bacb9cf960bbffceb3f0e51f363,Fund: 0x465...363
Fund 97,default,0x66b870ddf78c975af5cd8edc6de25eca81791de1,Fund: 0x66b...de1
Fund 97,default,0x74c749a9987b2cd6913bbf71a9a139bcd372f441,Fund: 0x74c...441
Fund 97,default,0x82ac5170a837f6554d518c71c0590723437e6b64,Fund: 0x82a...b64
Fund 97,default,0x8e04af7f7c76daa9ab429b1340e0327b5b835748,Fund: 0x8e0...748
Fund 97,default,0x946254eb330d15a4a158f253948b2cb61a6e64ed,Fund: 0x946...4ed
Fund 97,default,0x9799b475dec92bd99bbdd943013325c36157f383,Fund: 0x979...383
Fund 97,default,0xa294cca691e4c83b1fc0c8d63d9a3eef0a196de1,Fund: 0xa29...de1
Fund 97,default,0xadd48281714eeafac2a266f4929406b90f8d9029,Fund: 0xadd...029
Fund 97,default,0xaeb7855a713b4d8354f659c15a25cda11f466c28,Fund: 0xAeb...C28
Fund 97,default,0xafa64cca337efee0ad827f6c2684e69275226e90,Fund: 0xafa...e90
Fund 97,default,0xd9b012a168fb6c1b71c24db8cee1a256b3caa2a2,Fund: 0xd9b...2a2
Fund 97,default,0xef9a85ff6fc161e88b58056a3b94a7f207d20336,Fund: 0xef9...336
Fund 97,default,0xf1556137e7f45817e774096c5922f32c68ab15ae,Fund: 0xf15...5ae
Fund 97,default,0xfa9b5f7fdc8ab34aaf3099889475d47febf830d7,Fund: 0xfa9...0d7
Fund 97,default,0x9d9588c082634fd4c7f54cb0243d6792cfd7b4c4,Infinity Ventures Crypto
Fund 97,default,0xf584f8728b874a6a5c7a8d4d387c9aae9172d621,Jump Trading
Fund 97,default,0xf05e2a70346560d3228c7002194bb7c5dc8fe100,Jump Trading: Binance Deposit
Fund 97,default,0xe62240a57f0efbf549e278e8058f632af3ea5206,Jump Trading: Coinbase Deposit
Fund 97,default,0x6633a4a14209d40694db630c251d1e8036663c5c,Spartan Group
Fund 97,default,0x4862733b5fddfd35f35ea8ccf08f5045e57388b3,Three Arrows Capital
Fund 97,default,0xf30026fe8a2c0d01b70b1949ceaf2e09efd8b4a5,Three Arrows Capital 2
Fund 97,default,0x085af684acdb1220d111fee971b733c5e5ae6ccd,Three Arrows Capital: Binance Deposit
