labelName,tabType,address,nameTag
Gambling 146,default,0x777f415324d56e1d54fa832902d8797db7a4c57c,1xBet
Gambling 146,default,0xe84a69675d316a639203b527919504b33e8d6f20,Adapp.Games: Space Dice
Gambling 146,default,0x2239df7104fd3f4a5e464e108506e76c47858a20,BankHeist4D
Gambling 146,default,0xe9b1a2164368c00fc93e0e749d9b3cafa1bc6ee2,Bitsler.com: ETH
Gambling 146,default,0x8758559975f35dd7d6f05fd59d3948eb43802d4a,Bitsler.com: USDT
Gambling 146,default,0xb898ceae9b41ff87b2bc22a41e63755604fe4771,Crypto Lottery
Gambling 146,default,0x79a5a6618a7e52e7e9fddd08047faebc92540072,CryptoChance.io: Lottery702
Gambling 146,default,0x193bff7a19082cd7e056ea3e22ee0e747b5b6f80,Cryptslot.io: Slot Machine
Gambling 146,default,0xd1ceeeeee83f8bcf3bedad437202b6154e9f5405,Dice2Win
Gambling 146,default,0xaec1f783b29aab2727d7c374aa55483fe299fefa,Dicether
Gambling 146,default,0x66666672e63f056350c3e79dc605edc36aa8b952,ETH Magic
Gambling 146,default,0x88c8e21fd5509af42109f9cd40423f1c365a46c7,Eth2x.com
Gambling 146,default,0x2faa316fc4624ec39adc2ef7b5301124cfb68777,Etherdice.io
Gambling 146,default,0x36e26d22d2f843183cddc4e8886937ef7f8a2a9e,Ethermagic.net
Gambling 146,default,0xa52e014b3f5cc48287c2d483a3e026c32cc76e6d,Etheroll: Contract
Gambling 146,default,0x76b9aa7f5e2cc13c712031ab496a8e2738411806,ezer.io
Gambling 146,default,0xfef5497bc53a69875e02ae5b14eeff668f09a729,FairDAPP
Gambling 146,default,0x999999c60566e0a78df17f71886333e1dace0bae,FCK.com: Dice
Gambling 146,default,0xddddddd1fd4e3708869c00cabe6b0b9d15181bb9,FCK.com: Roulette
Gambling 146,default,0x2e9494387868eb9ec6997b711d655de82f53713f,FindTheRabbit.me
Gambling 146,default,0xa62142888aba8370742be823c1782d17a0389da1,Fomo3D: Long
Gambling 146,default,0x4e8ecf79ade5e2c49b9e30d795517a81e0bf00b8,Fomo3D: Soon
Gambling 146,default,0x39ffccecc551f35f8dfcb52c8c01060919aed1ea,FoMo3DUnlimited
Gambling 146,default,0xcceed0b7185fbe7f69c083a6c0f6ff5910548d75,Game365
Gambling 146,default,0x54b17df0bb6141c5589ef0d11c3fd7dfa166f627,Golden Fever: Be First Lotto
Gambling 146,default,0x6cbff439f27d1e3431d912b6a0817d7a95596877,Hashelot.com: Rings
Gambling 146,default,0x9999998a72a185006f1d17e57d4e586599afb75f,HyperFair
Gambling 146,default,0xe6517b766e6ee07f91b517435ed855926bcb1aae,iDice: Contract
Gambling 146,default,0xa74642aeae3e2fd79150c910eb5368b64f864b1e,Mobius2D
Gambling 146,default,0x14198b67f75b6317f7a0a819168e70992c6a48c4,Mythical Bombs
Gambling 146,default,0xb68a6191ccbc0e4bf74af1635aa7b2ab7c09f0df,Mythical Dice
Gambling 146,default,0x3a2732aa4a876f2dadee90e15467d2e5ecd18160,Native Gaming: DAI Bankroll
Gambling 146,default,0x8196cdd6e17991b22816bb9cdd31faceecf2f816,Native Gaming: ETH Bankroll
Gambling 146,default,0xdb9953028efb8b659c255b5b676b912c57f37e4b,Native Gaming: WBTC Bankroll
Gambling 146,default,0xb3775fb83f7d12a36e0475abdd1fca35c091efbe,PowH3D
Gambling 146,default,0x4fac33dabfd83d160717dfee4175d9caaa249ca5,Sacrifice3D
Gambling 146,default,0x8e0bc7a37d2db44bbc46ac77a1e4296a5a3fb862,SquareQueue.info
Gambling 146,default,0x29488e24cfdaa52a0b837217926c0c0853db7962,SuperCard
Gambling 146,default,0x11cfc32eea4e092f9df0282bb8f99c2eec5ce9e5,the888888
Gambling 146,default,0x4b675b8429224134c05d1d519eb07b4448febbe9,Vacuum Foundation: VfSE Lottery
Gambling 146,default,0x68ceaa85cebd73acd8af16409f14c2e0d44d83aa,WinTen
Gambling 146,default,0xe1f338e069f202f2113d32c8a5d1046d83c92ca4,WorldFomo
Gambling 146,default,0x0c073c92e7684031cfc297b83ecc33619e864d18,Xether.io: Games
