labelName,tabType,address,nameTag
Gaming 561,default,0x42bc308cbf38ab82a4bf8e35cc7c99d145d078c4,Chiaotzu Inu: Marketing
Gaming 561,default,0x0b7bda8ad804cb3318ae8490b984c2883ada2154,CryptoAtoms: Logic
Gaming 561,default,0x25121eddf746c884dde4619b573a7b10714e2a36,Illuvium: ILV Core Pool
Gaming 561,default,0x8b4d8443a0229349a9892d4f7cbe89ef5f843f72,Illuvium: ILV-ETH Core Pool
Gaming 561,default,0x30008a3685f12b498d546bca7893449fa8bfb153,Nifty Football
Gaming 561,default,0xe6cd4727a1058e6973e973986d0493f1e7975ef8,OogaVerse: MekaApes Game Contract
Gaming 561,default,0x629a673a8242c2ac4b7b8c5d8735fbeac21a6205,Sorare: SOR Token
Gaming 561,default,0xecb504d39723b0be0e3a9aa33d646642d1051ee1,WAGMIGOTCHI
