labelName,tabType,address,nameTag
Gate.io 7,default,0x0d0707963952f2fba59dd06f2b425ace40b492fe,Gate.io
Gate.io 7,default,0x7793cd85c11a924478d358d49b05b37e91b5810f,Gate.io 2
Gate.io 7,default,0x1c4b70a3968436b9a0a9cf5205c787eb81bb558c,Gate.io 3
Gate.io 7,default,0x234ee9e35f8e9749a002fc42970d570db716453b,Gate.io 4
Gate.io 7,default,0xc882b111a75c0c657fc507c04fbfcd2cc984f071,Gate.io 5
Gate.io 7,default,0xd793281182a0e3e023116004778f45c29fc14f19,Gate.io: Contract
Gate.io 7,default,0x6596da8b65995d5feacff8c2936f0b7a2051b0d0,Gate.io: Deposit Funder
