labelName,tabType,address,nameTag
Gitcoin Grants 212,Main,0x7d655c57f71464b6f83811c55d84009cd9f5221c,Gitcoin: Bulk Checkout
Gitcoin Grants 212,Main,0xf2354570be2fb420832fb7ff6ff0ae0df80cf2c6,Gitcoin: GR8 Match Payout
Gitcoin Grants 212,Main,0xdf869fad6db91f437b59f1edefab319493d4c4ce,Gitcoin: Grants
Gitcoin Grants 212,Main,0xde30da39c46104798bb5aa3fe8b9e0e1f348163f,Gitcoin: GTC Token
Gitcoin Grants 212,Main,0x00de4b13153673bcae2616b67bf822500d325fc3,Gitcoin: Maintainer
Gitcoin Grants 212,Main,0xde21f729137c5af1b01d73af1dc21effa2b8a0d6,Gitcoin: MultiSig
Gitcoin Grants 212,Main,0x358bcf43fe7ec2659ad829f3604c72781fc93a9e,Gitcoin: Personal Token Factory
Gitcoin Grants 212,Main,0x9d37f793e5ed4ebd66d62d505684cd9f756504f6,Gitcoin: zkSync Batch Deposit
Gitcoin Grants 212,Others,0x7d655c57f71464b6f83811c55d84009cd9f5221c,Gitcoin: Bulk Checkout
Gitcoin Grants 212,Others,0xf2354570be2fb420832fb7ff6ff0ae0df80cf2c6,Gitcoin: GR8 Match Payout
Gitcoin Grants 212,Others,0xdf869fad6db91f437b59f1edefab319493d4c4ce,Gitcoin: Grants
Gitcoin Grants 212,Others,0xde30da39c46104798bb5aa3fe8b9e0e1f348163f,Gitcoin: GTC Token
Gitcoin Grants 212,Others,0x00de4b13153673bcae2616b67bf822500d325fc3,Gitcoin: Maintainer
Gitcoin Grants 212,Others,0xde21f729137c5af1b01d73af1dc21effa2b8a0d6,Gitcoin: MultiSig
Gitcoin Grants 212,Others,0x358bcf43fe7ec2659ad829f3604c72781fc93a9e,Gitcoin: Personal Token Factory
Gitcoin Grants 212,Others,0x9d37f793e5ed4ebd66d62d505684cd9f756504f6,Gitcoin: zkSync Batch Deposit
