labelName,tabType,address,nameTag
Hakka Finance 8,Main,0x35101c731b1548b5e48bb23f99edbc2f5c341935,Hakka Finance: BHSc$ Token
Hakka Finance 8,Main,0x0e29e5abbb5fd88e28b2d355774e73bd47de3bcd,Hakka Finance: HAKKA Token
Hakka Finance 8,Main,0x6b1ecbbd69eeaf8d089bdce4daaa4165f8c3ff11,Hakka Finance: Rewards
Hakka Finance 8,Main,0x6ee6683cb9b44810369c873679f8073bcbe52f27,Hakka Finance: Rewards 2
Hakka Finance 8,Others,0x35101c731b1548b5e48bb23f99edbc2f5c341935,Hakka Finance: BHSc$ Token
Hakka Finance 8,Others,0x0e29e5abbb5fd88e28b2d355774e73bd47de3bcd,Hakka Finance: HAKKA Token
Hakka Finance 8,Others,0x6b1ecbbd69eeaf8d089bdce4daaa4165f8c3ff11,Hakka Finance: Rewards
Hakka Finance 8,Others,0x6ee6683cb9b44810369c873679f8073bcbe52f27,Hakka Finance: Rewards 2
