labelName,tabType,address,nameTag
HitBTC 6,default,0x9c67e141c0472115aa1b98bd0088418be68fd249,HitBTC 1
HitBTC 6,default,0x59a5208b32e627891c389ebafc644145224006e8,HitBTC 2
HitBTC 6,default,0xa12431d0b9db640034b0cdfceef9cce161e62be4,HitBTC 3
HitBTC 6,default,0xfdeda15e2922c5ed41fc1fdf36da2fb2623666b3,HitBTC: Deposit Funder
HitBTC 6,default,0xad68942a95fdd56594aa5cf862b358790e37834c,HitBTC: Deposit Funder 2
HitBTC 6,default,0x0113a6b755fbad36b4249fd63002e2035e401143,HitBTC: Deposit Funder 3
