labelName,tabType,address,nameTag
Hoo.com 7,default,0x980a4732c8855ffc8112e6746bd62095b4c2228f,Hoo.com
Hoo.com 7,default,0xd0ec209ad2134899148bec8aef905a6e9997456a,Hoo.com 2
Hoo.com 7,default,0x993b7fcba51d8f75c2dfaec0d17b6649ee0c9068,Hoo.com 3
Hoo.com 7,default,0xec293b9c56f06c8f71392269313d7e2da681d9ac,Hoo.com 4
Hoo.com 7,default,0x0093e5f2a850268c0ca3093c7ea53731296487eb,Hoo.com 5
Hoo.com 7,default,0x008932be50098089c6a075d35f4b5182ee549f8a,Hoo.com 6
Hoo.com 7,default,0x4d4ffb448194504242267585f0ea6f9de6a96de3,Hoo.com: Deposit Funder
