labelName,tabType,address,nameTag
Hop Protocol 31,default,0x305933e09871d4043b5036e09af794facb3f6170,Hop Protocol: DAI Bonder
Hop Protocol 31,default,0x3d4cc8a61c7528fd86c55cfe061a78dcba48edd1,Hop Protocol: DAI Bridge
Hop Protocol 31,default,0x723194c6cfed24883b598931ee802ab80952c001,Hop Protocol: DAI Wrapper
Hop Protocol 31,default,0x34afcc4704b6a342007174a4ce361929521fcb90,Hop Protocol: ETH Arbitrum Wrapper
Hop Protocol 31,default,0x710bda329b2a6224e4b44833de30f38e7f81d564,Hop Protocol: ETH Bonder
Hop Protocol 31,default,0x25fb92e505f752f730cad0bd4fa17ece4a384266,Hop Protocol: ETH Gnossis Bridge
Hop Protocol 31,default,0x64e5a143a3775a500bf19e609e1a74a5cbc3bb2a,Hop Protocol: ETH OP Messenger
Hop Protocol 31,default,0xb8901acb165ed027e32754e0ffe830802919727f,Hop Protocol: Ethereum Bridge
Hop Protocol 31,default,0x1ec078551a5ac8f0f51fac57ffc48ea7d9a86e9d,Hop Protocol: Future Team Tokens
Hop Protocol 31,default,0x881296edcb252080bd476c464ceb521d08df7631,Hop Protocol: HOP Bonder
Hop Protocol 31,default,0x914f986a44acb623a277d6bd17368171fcbe4273,Hop Protocol: HOP Bridge
Hop Protocol 31,default,0xd8781ca9163e9f132a4d8392332e64115688013a,Hop Protocol: Matic Bonder
Hop Protocol 31,default,0x22b1cbb8d98a01a3b71d034bb899775a76eb1cc2,Hop Protocol: MATIC Bridge
Hop Protocol 31,default,0xe6bfe2ac487ea9a6c58108fbcb6d2db96b667cc0,Hop Protocol: MATIC Wrapper
Hop Protocol 31,default,0x4285caab762f2e405cd256069d0d47d13bf05b00,Hop Protocol: OP DAI Wrapper
Hop Protocol 31,default,0x2e929203d8f2fcf88c4ff7b7362d08169b6f661c,Hop Protocol: Polygon DAI Wrapper
Hop Protocol 31,default,0x893246facf345c99e4235e5a7bbee7404c988b96,Hop Protocol: SNX Bridge
Hop Protocol 31,default,0x15281083cfb969d5643604e5e7079296d9eb0b92,Hop Protocol: USDC Arbitrum Wrapper
Hop Protocol 31,default,0xa6a688f107851131f0e1dce493ebbebfaf99203e,Hop Protocol: USDC Bonder
Hop Protocol 31,default,0x3666f603cc164936c1b87e207f36beba4ac5f18a,Hop Protocol: USDC Bridge
Hop Protocol 31,default,0x6ce9077bb3db37eeeedd8d863988b2f19ff2b9a3,Hop Protocol: USDT Arbitrum Wrapper
Hop Protocol 31,default,0x15ec4512516d980090050fe101de21832c8edfee,Hop Protocol: USDT Bonder
Hop Protocol 31,default,0x3e4a3a4796d16c0cd582c382691998f7c06420b6,Hop Protocol: USDT Bridge
Hop Protocol 31,default,0xc78c53102e161094d848ee167145e5d45eaa6853,Hop Protocol: USDT Messenger
Hop Protocol 31,default,0xc08055b634d43f2176d721e26a3428d3b7e7ddb5,Hop Protocol: USDT XDai Wrapper
Hop Protocol 31,default,0x2a6303e6b99d451df3566068ebb110708335658f,Hop Protocol: WBTC Bonder
Hop Protocol 31,default,0xb98454270065a31d71bf635f6f7ee6a518dfb849,Hop Protocol: WBTC Bridge
Hop Protocol 31,default,0x28e3d65acbff475c363435c7fa1d92a61a6b8cff,Hop Protocol: WBTC Polygon Wrapper
Hop Protocol 31,default,0xc315239cfb05f1e130e7e28e603cea4c014c57f0,Hop Protocol: WBTC xDai Wrapper
Hop Protocol 31,default,0xc5102fe9359fd9a28f877a67e36b0f050d81a3cc,Hop: HOP Token
