labelName,tabType,address,nameTag
Humanity 8,default,0x9cad5bd771717146b2309f7a5dd0224ddff359f0,Humanity: Deployer
Humanity 8,default,0x2fe5e394a312acf9d18e8836f04ba92af29ad6d4,Humanity: Faucet
Humanity 8,default,0xdd806c4fdad2949a97fda79036cfbb8750181b37,Humanity: Governance
Humanity 8,default,0x4ee46dc4962c2c2f6bcd4c098a0e2b28f66a5e90,Humanity: Registry
Humanity 8,default,0x9d661f7773be14439b4223f5b516bc7ef67b0369,Humanity: Twitter Humanity Applicant
Humanity 8,default,0x762d141b8d9600bde64138762e6fb38efc56dcba,Humanity: Universal Basic Income
Humanity 8,default,0x43fcede3571c10aca1d3c12339bf01423b118e81,Humanity: Voting Contract
