labelName,tabType,address,nameTag
Hydro Protocol 9,Main,0x49497a4d914ae91d34ce80030fe620687bf333fd,DDEX 1.0
Hydro Protocol 9,Main,0x241e82c79452f51fbfc89fac6d912e021db1a3b7,DDEX: Margin
Hydro Protocol 9,Main,0x9af839687f6c94542ac5ece2e317daae355493a1,Hydro Protocol Token
Hydro Protocol 9,Main,0x74622073a4821dbfd046e9aa2ccf691341a076e1,Hydro: ERC20 Proxy
Hydro Protocol 9,Main,0xe2a0bfe759e2a4444442da5064ec549616fff101,Hydro: Hybrid Exchange 1.1
Hydro Protocol 9,Main,0xb15367df8a39ea06f8f81ed35d49e056ee05f3b7,Hydro: MultiSig
Hydro Protocol 9,Others,0x49497a4d914ae91d34ce80030fe620687bf333fd,DDEX 1.0
Hydro Protocol 9,Others,0x241e82c79452f51fbfc89fac6d912e021db1a3b7,DDEX: Margin
Hydro Protocol 9,Others,0x9af839687f6c94542ac5ece2e317daae355493a1,Hydro Protocol Token
Hydro Protocol 9,Others,0x74622073a4821dbfd046e9aa2ccf691341a076e1,Hydro: ERC20 Proxy
Hydro Protocol 9,Others,0xe2a0bfe759e2a4444442da5064ec549616fff101,Hydro: Hybrid Exchange 1.1
Hydro Protocol 9,Others,0xb15367df8a39ea06f8f81ed35d49e056ee05f3b7,Hydro: MultiSig
