labelName,tabType,address,nameTag
Hyper Dragons 7,default,0x7fdcd2a1e52f10c28cb7732f46393e297ecadda1,HyperDragons Token
Hyper Dragons 7,default,0x67a5de922c1f4d1a4dbd848466b86b5455fb6a3b,HyperDragons: Contract 1
Hyper Dragons 7,default,0xe05ebd94ca833855133f63190d7fb2d7ba640462,HyperDragons: Contract 2
Hyper Dragons 7,default,0x2842a67ce34a8a9cf06564bfa50260c8272b397d,HyperDragons: Contract 3
Hyper Dragons 7,default,0x92cace836fa29f8b5ac5ef02c7ad241614d78ee2,HyperDragons: Contract 4
Hyper Dragons 7,default,0xc5807256e2e2fe85ca94c3617c4bc5ff2bd9cfb6,HyperDragons: DST Token
