labelName,tabType,address,nameTag
Index Coop 9,default,0x0b498ff89709d3838a063f1dfa463091f9801c2b,Index Coop: BTC 2x Flexible Leverage Index
Index Coop 9,default,0xe501d177fe2172e1da8a6d338a44d9f89705ed5c,Index Coop: Deployer
Index Coop 9,default,0xb93b505ed567982e2b6756177ddd23ab5745f309,Index Coop: DPI staking rewards v2
Index Coop 9,default,0xaa6e8127831c9de45ae56bb1b0d4d4da6e5665bd,Index Coop: ETH 2x Flexible Leverage Index
Index Coop 9,default,0x0954906da0bf32d5479e25f46056d22f08464cab,Index Coop: INDEX Token
Index Coop 9,default,0x72e364f2abdc788b7e918bc238b21f109cd634d7,Index Coop: Metaverse Index
Index Coop 9,default,0x462a63d4405a6462b157341a78fd1babfd3f8065,Index Coop: Treasury
Index Coop 9,default,0xfafd604d1cc8b6b3b6cc859cf80fd902972371c1,Index Coop: Treasury Operations
