labelName,tabType,address,nameTag
Inverse Finance 20,default,0x5e075e40d01c82b6bf0b0ecdb4eb1d6984357ef7,Inverse Finance: Anchor Fed
Inverse Finance 20,default,0x7ec0d931affba01b77711c2cd07c76b970795cdd,Inverse Finance: Anchor Stabilizer
Inverse Finance 20,default,0x926df14a23be491164dcf93f4c468a50ef659d5b,Inverse Finance: Anchor Treasury
Inverse Finance 20,default,0x7fcb7dac61ee35b3d4a51117a7c58d53f0a8a670,Inverse Finance: anDOLA
Inverse Finance 20,default,0xc528b0571d0be4153aeb8ddb8cceee63c3dd7760,Inverse Finance: anDOLA3POOL-CRV
Inverse Finance 20,default,0x697b4acaa24430f254224eb794d2a85ba1fa1fb8,Inverse Finance: anETH
Inverse Finance 20,default,0x4b228d99b9e5bed831b8d7d2bcc88882279a16bb,Inverse Finance: anINVDOLA-SLP
Inverse Finance 20,default,0xa978d807614c3bfb0f90bc282019b2898c617880,Inverse Finance: anSTETH
Inverse Finance 20,default,0x17786f3813e6ba35343211bd8fe18ec4de14f28b,Inverse Finance: anWBTC
Inverse Finance 20,default,0xd60b06b457bff7fc38ac5e7ece2b5ad16b288326,Inverse Finance: anXSUSHI
Inverse Finance 20,default,0xde2af899040536884e062d3a334f2dd36f34b4a4,Inverse Finance: anYFI
Inverse Finance 20,default,0x2dcdca085af2e258654e47204e483127e0d8b277,Inverse Finance: DAI to ETH Vault
Inverse Finance 20,default,0xc8f2e91dc9d198eded1b2778f6f2a7fd5bbeac34,Inverse Finance: DAI to WBTC Vault
Inverse Finance 20,default,0x41d079ce7282d49bf4888c71b5d9e4a02c371f9b,Inverse Finance: DAI to YFI Vault
Inverse Finance 20,default,0x3fcb35a1cbfb6007f9bc638d388958bc4550cb28,Inverse Finance: Deployer
Inverse Finance 20,default,0xe3277f1102c1ca248ad859407ca0cbf128db0664,Inverse Finance: Fuse Pool #6 Fed
Inverse Finance 20,default,0x35d9f4953748b318f18c30634ba299b237eedfff,Inverse Finance: Governance
Inverse Finance 20,default,0x89ec5df87a5186a0f0fa8cb84edd815de6047357,Inverse Finance: USDC to ETH Vault
Inverse Finance 20,default,0x65b35d6eb7006e0e607bc54eb2dfd459923476fe,Inverse Finance: xINV
Inverse Finance 20,default,0xfd5eb01aeda9dd5449efde2cd6d978d15f5c15b6,Inverse Finance: xINV Timelock Escrow
