labelName,tabType,address,nameTag
Jarvis Network 10,Main,0x8a9c67fee641579deba04928c4bc45f66e26343a,Jarvis Network: JRT Token
Jarvis Network 10,Main,0xc31249ba48763df46388ba5c4e7565d62ed4801c,Jarvis: Liquidity Provision
Jarvis Network 10,Main,0x03c2bc72a3e007179e54ffb4563cc235bec8151a,Jarvis: Wallet
Jarvis Network 10,Others,0x8a9c67fee641579deba04928c4bc45f66e26343a,Jarvis Network: JRT Token
Jarvis Network 10,Others,0xc31249ba48763df46388ba5c4e7565d62ed4801c,Jarvis: Liquidity Provision
Jarvis Network 10,Others,0x03c2bc72a3e007179e54ffb4563cc235bec8151a,Jarvis: Wallet
Jarvis Network 10,Legacy,0xeef338c585ee3cf674f717937f12e6f52accf5e1,Jarvis: Old JRT Token
