labelName,tabType,address,nameTag
Keep 9,Main,0x85eee30c52b0b379b046fb0f85f4f3dc3009afec,Keep: KEEP Token
Keep 9,Main,0x6950c4c7e97c7d2e6b5bffec4634f841db2a5f3d,Keep: MultiSig
Keep 9,Main,0x175989c71fd023d580c65f5dc214002687ff88b7,Keep: TokenGrant
Keep 9,Others,0xffe4ea384e13295bf74a515a36f552313fb25a89,Keep: Deployer
Keep 9,Others,0x6ad9e8e5236c0e2cf6d755bb7be4eabcbc03f76d,Keep: LPRewardsTBTCv2Saddle
Keep 9,Others,0xb78c0cf4c9e9bf4ba24b17065fa8c0ac71957653,Keep: Reward Manager
Keep 9,Others,0x8381e623775e7a95e015aab575f734d7be047037,Keep: TBTCv2SaddleRewardsEscrowBeneficiary
Keep 9,Others,0xb3726e69da808a689f2607939a2d9e958724fc2a,Keep: Technical Wallet Team
