labelName,tabType,address,nameTag
KuCoin 22,default,0x2b5634c42055806a59e9107ed44d43c426e58258,KuCoin
KuCoin 22,default,0xcad621da75a66c7a8f4ff86d30a2bf981bfc8fdd,KuCoin 10
KuCoin 22,default,0xec30d02f10353f8efc9601371f56e808751f396f,KuCoin 11
KuCoin 22,default,0x738cf6903e6c4e699d1c2dd9ab8b67fcdb3121ea,KuCoin 12
KuCoin 22,default,0xd89350284c7732163765b23338f2ff27449e0bf5,KuCoin 13
KuCoin 22,default,0x88bd4d3e2997371bceefe8d9386c6b5b4de60346,KuCoin 14
KuCoin 22,default,0xb8e6d31e7b212b2b7250ee9c26c56cebbfbe6b23,KuCoin 15
KuCoin 22,default,0x689c56aef474df92d44a1b70850f808488f9769c,KuCoin 2
KuCoin 22,default,0xa1d8d972560c2f8144af871db508f0b0b10a3fbf,KuCoin 3
KuCoin 22,default,0x4ad64983349c49defe8d7a4686202d24b25d0ce8,KuCoin 4
KuCoin 22,default,0x1692e170361cefd1eb7240ec13d048fd9af6d667,KuCoin 5
KuCoin 22,default,0xd6216fc19db775df9774a6e33526131da7d19a2c,KuCoin 6
KuCoin 22,default,0xe59cd29be3be4461d79c0881d238cbe87d64595a,Kucoin 7
KuCoin 22,default,0x899b5d52671830f567bf43a14684eb14e1f945fe,KuCoin 8
KuCoin 22,default,0xf16e9b0d03470827a95cdfd0cb8a8a3b46969b91,KuCoin 9
KuCoin 22,default,0x2602669a92fccf44e5319ff51b0f453aab9db021,KuCoin Contract
KuCoin 22,default,0xf2b16510270a214130c6b17ff0e9bf87585126bd,KuCoin: Deployer
KuCoin 22,default,0x061f7937b7b2bc7596539959804f86538b6368dc,KuCoin: Deposit Funder
KuCoin 22,default,0xf34960d9d60be18cc1d5afc1a6f012a723a28811,KuCoin: KCS Token
KuCoin 22,default,0x039b5649a59967e3e936d7471f9c3700100ee1ab,KuCoin: Old KCS Token
