labelName,tabType,address,nameTag
KyberSwap 117,Main,0x31de05f28568e3d3d612bfa6a78b356676367470,Kyber Network: Rainmaker
KyberSwap 117,Main,0x65bf64ff5f51272f729bdcd7acfb00677ced86cd,Kyber: Contract
KyberSwap 117,Main,0x7c66550c9c730b6fdd4c03bc2e73c5462c5f7acc,Kyber: Contract 2
KyberSwap 117,Main,0x798abda6cc246d0edba912092a2a3dbd3d11191b,Kyber: Conversion Rates
KyberSwap 117,Main,0x49bdd8854481005bba4acebabf6e06cd5f6312e9,Kyber: DAO
KyberSwap 117,Main,0x1982131c7d6959ff7768ee39c023ad002d8c9759,Kyber: ENS Resolver
KyberSwap 117,Main,0x8007aa43792a392b221dc091bdb2191e5ff626d1,Kyber: Fee Burner
KyberSwap 117,Main,0xd3d2b5643e506c6d9b7099e9116d7aaa941114fe,Kyber: Fee Handler
KyberSwap 117,Main,0xfce10cbf5171dc12c215bbcca5dd75cbaea72506,Kyber: KGT Token
KyberSwap 117,Main,0x97d7126b6ff7c4d95601912f4cdf790a3cd1edab,Kyber: Liquidity Conversion Rates
KyberSwap 117,Main,0xa1c0fa73c39cfbcc11ec9eb1afc665aba9996e2c,Kyber: Matching Engine
KyberSwap 117,Main,0xdd974d5c2e2928dea5f71b9825b8b646686bd200,Kyber: Old KNC Token
KyberSwap 117,Main,0x094c875704c14783049ddf8136e298b3a099c446,Kyber: Promotion Token
KyberSwap 117,Main,0x818e6fecd516ecc3849daf6845e3ec868087b755,Kyber: Proxy
KyberSwap 117,Main,0x9aab3f75489902f3a48495025729a0af77d4b11e,Kyber: Proxy 2
KyberSwap 117,Main,0x63825c174ab367968ec60f061753d3bbd36a0d8f,Kyber: Reserve
KyberSwap 117,Main,0x7a3370075a54b187d7bd5dcebf0ff2b5552d4f7d,Kyber: Reserve 2
KyberSwap 117,Main,0x00cd2388c86c960a646d640be44fc8f83b78cec9,Kyber: Reserve 2KEY
KyberSwap 117,Main,0x485c4ec93d18ebd16623d455567886475ae28d04,Kyber: Reserve 3
KyberSwap 117,Main,0x3e9ffba3c3eb91f501817b031031a71de2d3163b,Kyber: Reserve ABYSS
KyberSwap 117,Main,0x977c9abb01ed3e99e9953fd1f472ae9f459e7e70,Kyber: Reserve AMPL
KyberSwap 117,Main,0x0994c18ed0c328f38d2c451b2a2e1ceb1ae6a812,Kyber: Reserve ANT
KyberSwap 117,Main,0x302b35bd0b01312ec2652783c04955d7200c3d9b,Kyber: Reserve BAM
KyberSwap 117,Main,0xb06cf173da7e297aa6268139c7cb67c53d8e4f90,Kyber: Reserve BAND
KyberSwap 117,Main,0x1fe867bfe9cbe0045467605b959a355223e3885d,Kyber: Reserve BNT
KyberSwap 117,Main,0x08030715560a146e306b87ca93fd618bb2a80363,Kyber: Reserve BTU
KyberSwap 117,Main,0xad84a44a673be4fdcd5e39ebd15ebc404e87f314,Kyber: Reserve CND
KyberSwap 117,Main,0x4e6d0f492fd139151de4728cac47dace56c56af4,Kyber: Reserve EKG
KyberSwap 117,Main,0x0232ba609782cea145ec3663f52cf7aeb4ac773c,Kyber: Reserve eQUAD
KyberSwap 117,Main,0xcf1394c5e2e879969fdb1f464ce1487147863dcb,Kyber: Reserve Eth2Dai
KyberSwap 117,Main,0x1e158c0e93c30d24e918ef83d1e0be23595c3c0f,Kyber: Reserve Eth2Dai 2
KyberSwap 117,Main,0x2485a4e3dd95a3ef445b786acf7bacc5c99986f7,Kyber: Reserve GDC
KyberSwap 117,Main,0xaa14dcaa0adbe79cbf00edc6cc4ed17ed39240ac,Kyber: Reserve GEN
KyberSwap 117,Main,0x05461124c86c0ad7c5d8e012e1499fd9109ffb7d,Kyber: Reserve GNO
KyberSwap 117,Main,0x3e59c69952a4cfeaf653eedf8ff907d4b6b8762d,Kyber: Reserve KEY
KyberSwap 117,Main,0x607d7751d9f4845c5a1de9eed39c56f4fc0f855d,Kyber: Reserve KNC
KyberSwap 117,Main,0x2ed6f2bc006da5897a0c3cd2686283c05e50c573,Kyber: Reserve MET
KyberSwap 117,Main,0x55a8fda671a257b80258d2a03abd6e0e1e3dbe79,Kyber: Reserve MFG
KyberSwap 117,Main,0xb45c8956a080d336934cee52a35d4dbabf025b6f,Kyber: Reserve MKR
KyberSwap 117,Main,0xa33c7c22d0bb673c2aea2c048bb883b679fa1be9,Kyber: Reserve MLN
KyberSwap 117,Main,0x1833ad67362249823515b59a8aa8b4f6b4358d1b,Kyber: Reserve MYB
KyberSwap 117,Main,0xb89f41cd2c8b6cba8b851289198b06be8b4dec65,Kyber: Reserve OGN
KyberSwap 117,Main,0x0ce59e811024c4aa040389fb8917dd9edaef1693,Kyber: Reserve pBTC
KyberSwap 117,Main,0x71eb6edf770b25fcd60ad9790aa20c422f0f4a0d,Kyber: Reserve PLR
KyberSwap 117,Main,0x10db2a136ee3e0c963d82af4c86ca483199f2816,Kyber: Reserve PNK
KyberSwap 117,Main,0x89b3f60a17789aa7c7061af6f5e9efa407153c03,Kyber: Reserve PNT
KyberSwap 117,Main,0x773a58c0ae122f56d6747bc1264f00174b3144c3,Kyber: Reserve QNT
KyberSwap 117,Main,0x751eea622edd1e3d768c18afbcaec7dce7750c65,Kyber: Reserve RAE
KyberSwap 117,Main,0x45eb33d008801d547990caf3b63b4f8ae596ea57,Kyber: Reserve REN
KyberSwap 117,Main,0x23fe3c603be19d3a1155766358071cacefe14537,Kyber: Reserve REQ
KyberSwap 117,Main,0x0b798b89155ea31f1312791b9fdfaae7c5f48460,Kyber: Reserve RSR
KyberSwap 117,Main,0x141104687b51985d6210eb4b398f1dc5b5b9e9f5,Kyber: Reserve RSV
KyberSwap 117,Main,0xa9742ee9a5407f4c2f8a49f65e3a440f3694960a,Kyber: Reserve SAN
KyberSwap 117,Main,0xa107dfa919c3f084a7893a260b99586981beb528,Kyber: Reserve SNX
KyberSwap 117,Main,0x8ea5cf9f61824e8a3ca8aa370ab37e0202b2cc7d,Kyber: Reserve SPIKE
KyberSwap 117,Main,0x6b84dbd29643294703dbabf8ed97cdef74edd227,Kyber: Reserve SPN
KyberSwap 117,Main,0x4cb01bd05e4652cbb9f312ae604f4549d2bf2c99,Kyber: Reserve sUSD
KyberSwap 117,Main,0x3480e12b6c2438e02319e34b4c23770679169190,Kyber: Reserve TKN
KyberSwap 117,Main,0xe96b41af3da574a991582dc54cc35535550a3f8d,Kyber: Reserve TRYb
KyberSwap 117,Main,0xfe06bc8bc12595c1c871ff7c2ea9cadc42735d7d,Kyber: Reserve UBT
KyberSwap 117,Main,0x31e085afd48a1d6e51cc193153d625e8f0514c7f,Kyber: Reserve Uniswap
KyberSwap 117,Main,0x10908c875d865c66f271f5d3949848971c9595c9,Kyber: Reserve Uniswap V2
KyberSwap 117,Main,0x7e2fd015616263add31a2acc2a437557cee80fc4,Kyber: Reserve UPP
KyberSwap 117,Main,0x1670dfb52806de7789d5cf7d5c005cf7083f9a5d,Kyber: Reserve USDC
KyberSwap 117,Main,0x9e3db227cf04fbf8ac180bf8b6acd64cd0420d32,Kyber: Reserve USDT
KyberSwap 117,Main,0x57f8160e1c59d16c01bbe181fd94db4e56b60495,Kyber: Reserve WETH
KyberSwap 117,Main,0x0d8c194e877af78bea7d1a7b00f593aeed7be709,Kyber: SNX Pricing
KyberSwap 117,Main,0xecf0bdb7b3f349abfd68c3563678124c5e8aaea3,Kyber: Staking
KyberSwap 117,Main,0xc8fb12402cb16970f3c5f4b48ff68eb9d1289301,Kyber: Storage
KyberSwap 117,Main,0xf236f3eda58287664526ad5c99712d3c1040c759,Kyber: sUSD Pricing
KyberSwap 117,Main,0x833e4083b7ae46cea85695c4f7ed25cdad8886de,Kyberswap: Factory
KyberSwap 117,Main,0xc93239b33239a901143e15473e4a852a0d92c53b,KyberSwap: Fair Launch 2
KyberSwap 117,Main,0x6a65e062ce8290007301296f3c6ae446af7bdeec,KyberSwap: Migrator
KyberSwap 117,Main,0xfab5186a194588f5ad5074bd52659302906b4522,Kyberswap: Reward Locker
KyberSwap 117,Main,0x1c87257f5e8609940bc751a07bb085bb7f8cdbe6,KyberSwap: Router
KyberSwap 117,Others,0x29483d288845aa883693cff207cd02b828b6177c,Kyber Network: Deployer
KyberSwap 117,Others,0x9fb131efbac23b735d7764ab12f9e52cc68401ca,Kyber Network: Fee Handler 2
KyberSwap 117,Others,0x7ec8fcc26be7e9e85b57e73083e5fe0550d8a7fe,Kyber Network: Governance
KyberSwap 117,Others,0xdefa4e8a7bcba345f687a2f1456f5edd9ce97202,Kyber Network: KNC Token
KyberSwap 117,Others,0x6758a66cd25fef7767a44895041678fc4ae9afd0,Kyber Network: Long Executor
KyberSwap 117,Others,0x5ec0dcf4f6f55f28550c70b854082993fdc0d3b2,Kyber Network: Reward Distributor
KyberSwap 117,Others,0xd2d0a0557e5b78e29542d440ec968f9253daa2e2,Kyber Network: Reward Pool
KyberSwap 117,Others,0x41f5d722e6471c338392884088bd03340f50b3b5,Kyber Network: Short Executor
KyberSwap 117,Others,0xeadb96f1623176144eba2b24e35325220972b3bd,Kyber Network: Staking 2
KyberSwap 117,Others,0x0e590bb5f02a0c38888bffb45dee050b8fb60bda,Kyber Network: Treasury
KyberSwap 117,Others,0xfbd73581af42b26295cf4b88b74a5af71f209f8b,Kyber Network: Voting Power Strategy
KyberSwap 117,Others,0x1fc3607fa67b58deddb0faf7a116f417a20c551c,Kyber: Aggregation Router
KyberSwap 117,Others,0x8007ce15acda724689760b4ba493d4766f973649,Kyber: Deployer
KyberSwap 117,Others,0xe79bc2c998ff2a154ae35bb7ce68555e7fc94ef9,Kyber: Deployer 2
KyberSwap 117,Others,0xbdd33f411da0b40018922a3bc69001b458227f5c,Kyber: Deployer 3
KyberSwap 117,Others,0x346fbe5d02c89fb4599f33bdce987981d573740a,Kyber: Deployer 4
KyberSwap 117,Others,0x61639d6ec06c13a96b5eb9560b359d7c648c7759,Kyber: DMM ETH-KNC
KyberSwap 117,Others,0xce9874c42dce7fffbe5e48b026ff1182733266cb,Kyber: DMM ETH-USDT
KyberSwap 117,Others,0xa97642500517c728ce1339a466de0f10c19034cd,Kyber: DMM REQ-ETH
KyberSwap 117,Others,0x306121f1344ac5f84760998484c0176d7bfb7134,Kyber: DMM USDC-USDT
KyberSwap 117,Others,0x1cf68bbc2b6d3c6cfe1bd3590cf0e10b06a05f17,Kyber: DMM WBTC-ETH
KyberSwap 117,Others,0xd343d5dba2fba55eef58189619c05e33cab95ca1,Kyber: DMM WBTC-USDT
KyberSwap 117,Others,0x3eb01b3391ea15ce752d01cf3d3f09dec596f650,Kyber: MultiSig
KyberSwap 117,Others,0x2fd6181541bebe30d17cf3a5d9f40ebcecbdba43,Kyber: MultiSig 2
KyberSwap 117,Others,0xd6cd31f283d24cfb442cba1bcf42290c07c15792,Kyber: Token Sale
KyberSwap 117,Others,0xfdf28bf25779ed4ca74e958d54653260af604c20,Kyber: WBTC Merchant Deposit Address
KyberSwap 117,Others,0xdf1a1b60f2d438842916c0adc43748768353ec25,KyberSwap: Aggregation Router 2
KyberSwap 117,Others,0x2b1c7b41f6a8f2b2bc45c3233a5d5fb3cd6dc9a8,KyberSwap: Anti Snipping Attack Position Manager
KyberSwap 117,Others,0x5f1dddbf348ac2fbe22a163e30f99f9ece3dd50a,KyberSwap: Elastic Factory
KyberSwap 117,Others,0xb85ebe2e4ea27526f817ff33fb55fb240057c03f,KyberSwap: Elastic Liquidity Mining
KyberSwap 117,Others,0x5c503d4b7de0633f031229bbaa6a5e4a31cc35d8,KyberSwap: Elastic Liquidity Mining 2
KyberSwap 117,Others,0x0d125c15d54ca1f8a813c74a81aee34ebb508c1f,KyberSwap: Elastic Quoter V2
KyberSwap 117,Others,0xc1e7dfe73e1598e3910ef4c7845b68a9ab6f4c83,KyberSwap: Elastic Router
KyberSwap 117,Others,0xd7ab1699280980e756c446769b4c0f04550f88c9,KyberSwap: Elastic Tick Fees Reader
KyberSwap 117,Others,0xda474537ce9b687b78b236452a05631f09b6eb6a,KyberSwap: Elastic Token Position Descriptor
KyberSwap 117,Others,0x8abd8c92f1901cf204590c16b5ef690a35b3741e,KyberSwap: Elastic Token Position Descriptor Proxy
KyberSwap 117,Others,0x617dee16b86534a5d792a4d7a62fb491b544111e,KyberSwap: Meta Aggregation Router
KyberSwap 117,Others,0x165c68077ac06c83800d19200e6e2b08d02de75d,KyberSwap: Ticks Fees Reader
KyberSwap 117,Legacy,0x9ae49c0d7f8f9ef4b864e004fe86ac8294e20950,Kyber: Old Contract
