labelName,tabType,address,nameTag
Layer 2 138,Main,0x2f06e43d850ac75926fa2866e40139475b58cb16,Arbitrum: Bridge 2
Layer 2 138,Main,0x84efa170dc6d521495d7942e372b8e4b2fb918ec,Arbitrum: Bridge Utils
Layer 2 138,Main,0x048cc108763de75e080ad717bd284003aa49ea15,Arbitrum: Inbox 2
Layer 2 138,Main,0x98659bdffa4fef82cd37771cdbff3ddda21ee8e9,Arbitrum: L1 Custom Gateway 2
Layer 2 138,Main,0x0acb04878b3675ef40b2e9392622ce3c1e9cc99e,Arbitrum: L1 ERC20 Gateway 2
Layer 2 138,Main,0x62285266b5ec3d5b8867c84b807b79b2c13892ec,Arbitrum: L1 Gateway Router 2
Layer 2 138,Main,0xb91f4be773f5a1b9b0dc1085663b3535a6ebeee2,Arbitrum: Outbox 2
Layer 2 138,Main,0x171a2624302775ef943f4f62e76fd22a6813d7c4,Arbitrum: Proxy Admin
Layer 2 138,Main,0x9ad46fac0cf7f790e5be05a0f15223935a0c0ada,Arbitrum: Proxy Admin 2
Layer 2 138,Main,0x637e1cd58ad3f0071cecb281395e1823a96a553f,Arbitrum: Rollup 2
Layer 2 138,Main,0xb872ea300edba3872873fa1aa33db897c4d2cb66,Arbitrum: Rollup Event Bridge 2
Layer 2 138,Main,0x9685e7281fb1507b6f141758d80b08752faf0c43,Arbitrum: Sequencer Inbox 2
Layer 2 138,Main,0x2b36f23ce0babd57553b26da4c7a0585bac65dc1,Arbitrum: Validator Utils
Layer 2 138,Main,0xe17d8fa6bc62590f840c5dd35f300f77d55cc178,Arbitrum: Validator Wallet Creator
Layer 2 138,Main,0x2742a152be5032dafbc885ba1801ffbc2345de7b,Deversifi: FRI Statement
Layer 2 138,Main,0xd4cf925b9d0f4d1ccf82ab97c25130657474ee19,Deversifi: GPS Statement Verifier
Layer 2 138,Main,0xc8e4ee91e7c14d625b829d2c2e87cf7348eca449,Deversifi: Memory Page Fact Registry
Layer 2 138,Main,0x0af10d116a5cf10ca8835a0d775e0b248114fad0,Deversifi: Merkle Statement
Layer 2 138,Main,0xefbcce4659db72ec6897f46783303708cf9acef8,dYdX: Memory Page Fact Registry
Layer 2 138,Main,0xbc1bcc29edf605095bf4fe7a953b7c115ecc8cad,nahmii: Balance Tracker
Layer 2 138,Main,0xcc8d82f6ba952966e63001c7b320eef2ae729099,nahmii: Client Fund
Layer 2 138,Main,0x042065416c5c665dc196076745326af3cd840d15,Optimism: Fraud Verifier
Layer 2 138,Main,0x99c9fc46f92e8a1c0dec1b1747d010903e884be1,Optimism: Gateway
Layer 2 138,Main,0x467194771dae2967aef3ecbedd3bf9a310c76c65,Optimism: L1 Escrow
Layer 2 138,Main,0xde1fcfb0851916ca5101820a69b13a4e276bd81f,Optimism: Lib Address Manager
Layer 2 138,Main,0xcd76de5c57004d47d0216ec7dabd3c72d8c49057,Optimism: Mock OVM Bond Manager
Layer 2 138,Main,0x4bf681894abec828b212c906082b444ceb2f6cf6,Optimism: OVM Canonical Transaction Chain
Layer 2 138,Main,0x3ea1a3839d8ca9a7ff3c567a9f36f4c4dbecc3ee,Optimism: OVM Chain Storage Container CTC Batches
Layer 2 138,Main,0xa0b912b3ea71a04065ff82d3936d518ed6e38039,Optimism: OVM Chain Storage Container CTC Queue
Layer 2 138,Main,0x77ebfdfcc906ddcda0c42b866f26a8d5a2bb0572,Optimism: OVM Chain Storage Container SCC Batches
Layer 2 138,Main,0x2745c24822f542bbffb41c6cb20edf766b5619f5,Optimism: OVM Execution Manager
Layer 2 138,Main,0xf26391fbb1f77481f80a7d646ac08ba3817ea891,Optimism: OVM L1 Multi Message Relayer
Layer 2 138,Main,0xfe1f9cf28ecdb12110aa8086e6fd343ea06035cc,Optimism: OVM Safety Checker
Layer 2 138,Main,0xe969c2724d2448f1d1a6189d3e2aa1f37d5998c1,Optimism: OVM State Commitment Chain
Layer 2 138,Main,0xd0e3e318154716bd9d007e1e6b021eab246ff98d,Optimism: OVM State Manager Factory
Layer 2 138,Main,0x38a6ed6fd76035684cadef38cf49a2fffa782b67,Optimism: OVM State Transitioner Factory
Layer 2 138,Main,0x25ace71c97b33cc4729cf772ae268934f7ab5fa1,Optimism: Proxy OVM L1 Cross Domain Messenger
Layer 2 138,Main,0x28780349a33eee56bb92241baab8095449e24306,Rhino.fi: Committee
Layer 2 138,Main,0x86e527bc3c43e6ba3eff3a8cad54a7ed09cd8e8b,ZKSwap V2: Governance
Layer 2 138,Main,0x0dcce462ddea102d3ecf84a991d3ecfc251e02c7,ZKSwap V2: Upgrade Gatekeeper
Layer 2 138,Main,0x94b9401945a9bc06ce5b69e6db3c6b671aabc829,ZKSwap V2: Verifier
Layer 2 138,Main,0xe26ebb18144cd2d8dcb14ce87fdcfbeb81bacad4,ZKSwap V2: ZkSync Commit Block
Layer 2 138,Main,0xc0221a4dfb792aa71ce84c2687b1d2b1e7d3eea0,ZKSwap V2: ZKSync Exit
Layer 2 138,Main,0x714b2d10210f2a3a7aa614f949259c87613689ab,ZKSwap: Upgrade Gatekeeper
Layer 2 138,Main,0x2f70f6d864f8f597a0ef57addf24323dfab5797f,ZKSwap: ZKSync
Layer 2 138,Main,0x9a97008cccbdec3413f9304602427e66895996a0,zkSync: Governance
Layer 2 138,Main,0x5290e9582b4fb706eadf87bb1c129e897e04d06d,zkSync: Proxy Verifier
Layer 2 138,Main,0x5140cc54bb876abe1ba67d15ac66ad2d42fdf46a,zkSync: Token Governance
Layer 2 138,Main,0x38a43f4330f24fe920f943409709fc9a6084c939,zkSync: Upgrade Gatekeeper
Layer 2 138,Others,0x2f06e43d850ac75926fa2866e40139475b58cb16,Arbitrum: Bridge 2
Layer 2 138,Others,0x84efa170dc6d521495d7942e372b8e4b2fb918ec,Arbitrum: Bridge Utils
Layer 2 138,Others,0x048cc108763de75e080ad717bd284003aa49ea15,Arbitrum: Inbox 2
Layer 2 138,Others,0x98659bdffa4fef82cd37771cdbff3ddda21ee8e9,Arbitrum: L1 Custom Gateway 2
Layer 2 138,Others,0x0acb04878b3675ef40b2e9392622ce3c1e9cc99e,Arbitrum: L1 ERC20 Gateway 2
Layer 2 138,Others,0x62285266b5ec3d5b8867c84b807b79b2c13892ec,Arbitrum: L1 Gateway Router 2
Layer 2 138,Others,0xb91f4be773f5a1b9b0dc1085663b3535a6ebeee2,Arbitrum: Outbox 2
Layer 2 138,Others,0x171a2624302775ef943f4f62e76fd22a6813d7c4,Arbitrum: Proxy Admin
Layer 2 138,Others,0x9ad46fac0cf7f790e5be05a0f15223935a0c0ada,Arbitrum: Proxy Admin 2
Layer 2 138,Others,0x637e1cd58ad3f0071cecb281395e1823a96a553f,Arbitrum: Rollup 2
Layer 2 138,Others,0xb872ea300edba3872873fa1aa33db897c4d2cb66,Arbitrum: Rollup Event Bridge 2
Layer 2 138,Others,0x9685e7281fb1507b6f141758d80b08752faf0c43,Arbitrum: Sequencer Inbox 2
Layer 2 138,Others,0x2b36f23ce0babd57553b26da4c7a0585bac65dc1,Arbitrum: Validator Utils
Layer 2 138,Others,0xe17d8fa6bc62590f840c5dd35f300f77d55cc178,Arbitrum: Validator Wallet Creator
Layer 2 138,Others,0x2742a152be5032dafbc885ba1801ffbc2345de7b,Deversifi: FRI Statement
Layer 2 138,Others,0xd4cf925b9d0f4d1ccf82ab97c25130657474ee19,Deversifi: GPS Statement Verifier
Layer 2 138,Others,0xc8e4ee91e7c14d625b829d2c2e87cf7348eca449,Deversifi: Memory Page Fact Registry
Layer 2 138,Others,0x0af10d116a5cf10ca8835a0d775e0b248114fad0,Deversifi: Merkle Statement
Layer 2 138,Others,0xefbcce4659db72ec6897f46783303708cf9acef8,dYdX: Memory Page Fact Registry
Layer 2 138,Others,0xbc1bcc29edf605095bf4fe7a953b7c115ecc8cad,nahmii: Balance Tracker
Layer 2 138,Others,0xcc8d82f6ba952966e63001c7b320eef2ae729099,nahmii: Client Fund
Layer 2 138,Others,0x042065416c5c665dc196076745326af3cd840d15,Optimism: Fraud Verifier
Layer 2 138,Others,0x99c9fc46f92e8a1c0dec1b1747d010903e884be1,Optimism: Gateway
Layer 2 138,Others,0x467194771dae2967aef3ecbedd3bf9a310c76c65,Optimism: L1 Escrow
Layer 2 138,Others,0xde1fcfb0851916ca5101820a69b13a4e276bd81f,Optimism: Lib Address Manager
Layer 2 138,Others,0xcd76de5c57004d47d0216ec7dabd3c72d8c49057,Optimism: Mock OVM Bond Manager
Layer 2 138,Others,0x4bf681894abec828b212c906082b444ceb2f6cf6,Optimism: OVM Canonical Transaction Chain
Layer 2 138,Others,0x3ea1a3839d8ca9a7ff3c567a9f36f4c4dbecc3ee,Optimism: OVM Chain Storage Container CTC Batches
Layer 2 138,Others,0xa0b912b3ea71a04065ff82d3936d518ed6e38039,Optimism: OVM Chain Storage Container CTC Queue
Layer 2 138,Others,0x77ebfdfcc906ddcda0c42b866f26a8d5a2bb0572,Optimism: OVM Chain Storage Container SCC Batches
Layer 2 138,Others,0x2745c24822f542bbffb41c6cb20edf766b5619f5,Optimism: OVM Execution Manager
Layer 2 138,Others,0xf26391fbb1f77481f80a7d646ac08ba3817ea891,Optimism: OVM L1 Multi Message Relayer
Layer 2 138,Others,0xfe1f9cf28ecdb12110aa8086e6fd343ea06035cc,Optimism: OVM Safety Checker
Layer 2 138,Others,0xe969c2724d2448f1d1a6189d3e2aa1f37d5998c1,Optimism: OVM State Commitment Chain
Layer 2 138,Others,0xd0e3e318154716bd9d007e1e6b021eab246ff98d,Optimism: OVM State Manager Factory
Layer 2 138,Others,0x38a6ed6fd76035684cadef38cf49a2fffa782b67,Optimism: OVM State Transitioner Factory
Layer 2 138,Others,0x25ace71c97b33cc4729cf772ae268934f7ab5fa1,Optimism: Proxy OVM L1 Cross Domain Messenger
Layer 2 138,Others,0x28780349a33eee56bb92241baab8095449e24306,Rhino.fi: Committee
Layer 2 138,Others,0x86e527bc3c43e6ba3eff3a8cad54a7ed09cd8e8b,ZKSwap V2: Governance
Layer 2 138,Others,0x0dcce462ddea102d3ecf84a991d3ecfc251e02c7,ZKSwap V2: Upgrade Gatekeeper
Layer 2 138,Others,0x94b9401945a9bc06ce5b69e6db3c6b671aabc829,ZKSwap V2: Verifier
Layer 2 138,Others,0xe26ebb18144cd2d8dcb14ce87fdcfbeb81bacad4,ZKSwap V2: ZkSync Commit Block
Layer 2 138,Others,0xc0221a4dfb792aa71ce84c2687b1d2b1e7d3eea0,ZKSwap V2: ZKSync Exit
Layer 2 138,Others,0x714b2d10210f2a3a7aa614f949259c87613689ab,ZKSwap: Upgrade Gatekeeper
Layer 2 138,Others,0x2f70f6d864f8f597a0ef57addf24323dfab5797f,ZKSwap: ZKSync
Layer 2 138,Others,0x9a97008cccbdec3413f9304602427e66895996a0,zkSync: Governance
Layer 2 138,Others,0x5290e9582b4fb706eadf87bb1c129e897e04d06d,zkSync: Proxy Verifier
Layer 2 138,Others,0x5140cc54bb876abe1ba67d15ac66ad2d42fdf46a,zkSync: Token Governance
Layer 2 138,Others,0x38a43f4330f24fe920f943409709fc9a6084c939,zkSync: Upgrade Gatekeeper
