labelName,tabType,address,nameTag
Lido 67,default,0xdb46c277da1599390eab394327602889e9546296,Lido: 1inch Liquidity Farming
Lido 67,default,0xf5436129cf9d8fa2a1cb6e591347155276550635,Lido: 1inch LP Rewards Manager
Lido 67,default,0xc1a900ae76db21dc5aa8e418ac0f4e888a4c7431,Lido: 1inch stETH-DAI Pool
Lido 67,default,0x9d15032b91d01d5c1d940eb919461426ab0dd4e3,Lido: Add Reward Program
Lido 67,default,0x9895f0f17cc1d1891b6f18ee0b483b6f221b37bb,Lido: Aragon ACL
Lido 67,default,0xb9e5cbb9ca5b0d659238807e84d0176930753d86,Lido: Aragon Finance
Lido 67,default,0xf73a1260d222f447210581ddf212d915c09a3249,Lido: Aragon Token Manager
Lido 67,default,0x2e59a20f205bb85a89c53f1936454680651e618e,Lido: Aragon Voting
Lido 67,default,0x0f25c1dc2a9922304f2eac71dca9b07e310e8e5a,Lido: Arbitrum L1 ERC20 Token Gateway
Lido 67,default,0x6140182b2536ae7b6cfcfb2d2bab0f6fe0d7b58e,Lido: ARCx Manager Contract
Lido 67,default,0x1dd909cddf3dbe61ac08112dc0fdf2ab949f79d8,Lido: Balancer LP rewards Manager Contract
Lido 67,default,0x1220cccdc9bba5cf626a84586c74d6f940932342,Lido: Balancer LP Rewards Manager V2
Lido 67,default,0x55c8de1ac17c1a937293416c9bce5789cbbf61d1,Lido: Balancer LP Rewards V2
Lido 67,default,0x32296969ef14eb0c6d29669c550d4a0449130230,Lido: Balancer wstETH-ETH Pool
Lido 67,default,0x86392dc19c0b719886221c78ab11eb8cf5c52812,Lido: Chainlink stETH-ETH Price Feed
Lido 67,default,0xcfe54b5cd566ab89272946f602d76ea879cab4a8,Lido: Chainlink stETH-USD Price Feed
Lido 67,default,0x55a7e1cbd678d9ebd50c7d69dc75203b0dbdd431,Lido: Composite Post Rebase Report Receiver
Lido 67,default,0x753d5167c31fbeb5b49624314d74a957eb271709,Lido: Curve Liquidity Farming Manager Contract
Lido 67,default,0xdc24316b9ae028f1497c275eb9192a3ea0f67022,Lido: Curve Liquidity Farming Pool Contract
Lido 67,default,0x99ac10631f69c753ddb595d074422a0922d9056b,Lido: Curve Liquidity Farming Reward Contract
Lido 67,default,0x55bc991b2edf3ddb4c520b222be4f378418ff0fa,Lido: Deployer 1
Lido 67,default,0xb8ffc3cd6e7cf5a098a1c92f48009765b24088dc,Lido: Deployer 2
Lido 67,default,0xe19fc582dd93fa876cf4061eb5456f310144f57b,Lido: Deployer 3
Lido 67,default,0xdb149235b6f40dc08810aa69869783be101790e7,Lido: Deposit Security Module
Lido 67,default,0x710b3303fb508a84f10793c1106e32be873c24cd,Lido: Deposit Security Module 2
Lido 67,default,0x4b3edb22952fb4a70140e39fb1add05a6b49622b,Lido: Early Stakers Airdrop
Lido 67,default,0xf0211b7660680b49de1a7e9f25c65660f0a13fea,Lido: Easy Track
Lido 67,default,0xfe5986e06210ac1ecc1adcafc0cc7f8d63b3f977,Lido: EVM Script Executor
Lido 67,default,0x388c818ca8b9251b393131c08a736a67ccb19297,Lido: Execution Layer Rewards Vault
Lido 67,default,0x48f300bd3c52c7da6aabde4b683deb27d38b9abb,Lido: Finance Multisig
Lido 67,default,0xfebd8fac16de88206d4b18764e826af38546afe0,Lido: Increase Node Operator Staking Limit
Lido 67,default,0x5a98fcbea516cf06857215779fd812ca3bef1b32,Lido: LDO Token
Lido 67,default,0xf5dc67e54fc96f993cd06073f71ca732c1e654b1,Lido: Lido App Repo
Lido 67,default,0xf9339de629973c60c4d2b76749c81e6f40960e3a,Lido: Lido Oracle Repo
Lido 67,default,0xb8d83908aab38a159f3da47a59d84db8e1838712,Lido: LIDO Vesting Recipient 1
Lido 67,default,0x945755de7eac99008c8c57bda96772d50872168b,Lido: LIDO Vesting Recipient 2
Lido 67,default,0xb3dfe140a77ec43006499cb8c2e5e31975cad909,Lido: LIDO Vesting Recipient 3
Lido 67,default,0x695c388153bea0fbe3e1c049c149bad3bc917740,Lido: LIDO Vesting Recipient 4
Lido 67,default,0xa2dfc431297aee387c05beef507e5335e684fbcd,Lido: LIDO Vesting Recipient 5
Lido 67,default,0x1597d19659f3de52abd475f7d2314dcca29359bd,Lido: LIDO Vesting Recipient 6
Lido 67,default,0xd7f0ddcbb0117a53e9ff2cad814b8b810a314f59,Lido: LIDO Vesting Recipient 7
Lido 67,default,0xfea88380baff95e85305419eb97247981b1a8eee,Lido: LIDO Vesting Recipient 8
Lido 67,default,0x58a764028350ab15899fdccafffd3940e602ceea,Lido: LIDO Vesting Recipient 9
Lido 67,default,0xf95f069f9ad107938f6ba802a3da87892298610e,Lido: MEV Boost Relay Allowed List
Lido 67,default,0x55032650b14df07b85bf18a3a3ec8e0af2e028d5,Lido: Node Operators Registry
Lido 67,default,0x0d97e876ad14db2b183cfeeb8aa1a5c788eb1831,Lido: Node Operators Registry Repo
Lido 67,default,0x76943c0d61395d8f2edf9060e1533529cae05de6,Lido: Optimism L1 ERC20 Token Bridge
Lido 67,default,0x442af784a788a5bd6f42a01ebe9f287a871243fb,Lido: Oracle
Lido 67,default,0xc21e5e72ffc223f02fc410aaede3084a63963932,Lido: Remove Reward Program
Lido 67,default,0x3129c041b372ee93a5a8756dc4ec6f154d85bc9a,Lido: Reward Programs Registry
Lido 67,default,0x87d93d9b2c672bf9c9642d853a8682546a5012b5,Lido: Rewards Committee Multisig
Lido 67,default,0xb280e33812c0b09353180e92e27b8ad399b07f26,Lido: Self Owned stETH Burner
Lido 67,default,0x3a6bd15abf19581e411621d669b6a2bbe741ffd6,Lido: Stable Swap Oracle
Lido 67,default,0xab55bf4dfbf469ebfe082b7872557d1f87692fe6,Lido: stETH Price Feed
Lido 67,default,0xae7ab96520de3a18e5e111b5eaab095312d7fe84,Lido: stETH Token
Lido 67,default,0xe5576eb1dd4aa524d67cf9a32c8742540252b6f4,Lido: SushiSwap LP rewards Manager Contract
Lido 67,default,0x75ff3dd673ef9fc459a52e1054db5df2a1101212,Lido: SushiSwap LP rewards Reward Contract
Lido 67,default,0x648c8be548f43eca4e482c0801ebccccfb944931,Lido: Top Up Lego Program
Lido 67,default,0x77781a93c4824d2299a38ac8bbb11eb3cd6bc3b7,Lido: Top Up Reward Programs
Lido 67,default,0x3e40d73eb977dc6a537af587d48316fee66e9c8c,Lido: Treasury
Lido 67,default,0x4ee3118e3858e8d7164a634825bfe0f73d99c792,Lido: Voting Repo
Lido 67,default,0xb9d7934878b5fb9610b3fe8a5e441e8fad7e293f,Lido: Withdrawals Manager Stub
Lido 67,default,0x7f39c581f595b53c5cb19bd0b3f8da6c935e2ca0,Lido: wstETH Token
