labelName,tabType,address,nameTag
Liquity 20,default,0x5f98805a4e8be255a32880fdec7f6728c6568ba0,Liquity LUSD: LUSD Token
Liquity 20,default,0xdf9eb223bafbe5c5271415c75aecd68c21fe3d7f,Liquity: Active Pool
Liquity 20,default,0x24179cd81c9e782a4096035f7ec97fb8b783e007,Liquity: Borrower Operations
Liquity 20,default,0xf06016d822943c42e3cb7fc3a6a3b1889c1045f8,Liquity: Bounties
Liquity 20,default,0x3d32e8b97ed5881324241cf03b2da5e2ebce5521,Liquity: Coll Surplus Pool
Liquity 20,default,0xd8c9d9071123a059c6e0a945cf0e0c82b508d816,Liquity: Community Issuance
Liquity 20,default,0x896a3f03176f05cfbb4f006bfcd8723f2b0d741c,Liquity: Default Pool
Liquity 20,default,0xa850535d3628cd4dfeb528dc85cfa93051ff2984,Liquity: Deployer
Liquity 20,default,0x9555b042f969e561855e5f28cb1230819149a8d9,Liquity: Gas Pool
Liquity 20,default,0xe84251b93d9524e0d2e621ba7dc7cb3579f997c0,Liquity: Hint Helpers
Liquity 20,default,0x2ebef24da09489218ba2becb01867f6daaedcd4b,Liquity: Lockup Contract Factory
Liquity 20,default,0x4f9fbb3f1e99b56e0fe2892e623ed36a76fc605d,Liquity: LQTY Staking
Liquity 20,default,0x6dea81c8171d0ba574754ef6f8b412f2ed88c54d,Liquity: LQTY Token
Liquity 20,default,0xfc92d0e9fa35df17e3a6d9f40716ca2ce749922b,Liquity: Multi Trove Getter
Liquity 20,default,0x4c517d4e2c851ca76d7ec94b805269df0f2201de,Liquity: Price Feed
Liquity 20,default,0x8fdd3fbfeb32b28fb73555518f8b361bcea741a6,Liquity: Sorted Troves
Liquity 20,default,0x66017d22b0f8556afdd19fc67041899eb65a21bb,Liquity: Stability Pool
Liquity 20,default,0xd37a77e71ddf3373a79be2ebb76b6c4808bdf0d5,Liquity: Uni Pool
