labelName,tabType,address,nameTag
Logic Contract 8,Main,0x8bd8ec1e69e19b23db4e9cb31472f143d0e093cc,mStable: Liquidator Logic v1.2
Logic Contract 8,Main,0x645b0b80f31f635a1511e0de1fbbcac0a29f65a6,mStable: mUSD Aave Vault Logic v1.2
Logic Contract 8,Main,0x6efa260a268e4afacf7fb91a6bf5f5b37379bf61,mStable: mUSD BasketManager Logic v2.0
Logic Contract 8,Main,0xeb2bf7f5a441b43ed197a8b4d347b275652a879e,mStable: mUSD Compound Vault Logic v2.0
Logic Contract 8,Main,0xe0d0d052d5b1082e52c6b8422acd23415c3df1c4,mStable: mUSD Logic v2.0
Logic Contract 8,Others,0x8bd8ec1e69e19b23db4e9cb31472f143d0e093cc,mStable: Liquidator Logic v1.2
Logic Contract 8,Others,0x645b0b80f31f635a1511e0de1fbbcac0a29f65a6,mStable: mUSD Aave Vault Logic v1.2
Logic Contract 8,Others,0x6efa260a268e4afacf7fb91a6bf5f5b37379bf61,mStable: mUSD BasketManager Logic v2.0
Logic Contract 8,Others,0xeb2bf7f5a441b43ed197a8b4d347b275652a879e,mStable: mUSD Compound Vault Logic v2.0
Logic Contract 8,Others,0xe0d0d052d5b1082e52c6b8422acd23415c3df1c4,mStable: mUSD Logic v2.0
