labelName,tabType,address,nameTag
LUKSO Blockchain 6,Main,0xc67810de5816917f1dbc618c084b82441921f55f,LUKSO: LYXe Genesis Funds
LUKSO Blockchain 6,Main,0xa8b919680258d369114910511cc87595aec0be6d,LUKSO: LYXe Token
LUKSO Blockchain 6,Main,0xe417b912f6cb6592ec2d71dbf6f2b48191b2cdf6,LUKSO: Reversible ICO
LUKSO Blockchain 6,Others,0xc67810de5816917f1dbc618c084b82441921f55f,LUKSO: LYXe Genesis Funds
LUKSO Blockchain 6,Others,0xa8b919680258d369114910511cc87595aec0be6d,LUKSO: LYXe Token
LUKSO Blockchain 6,Others,0xe417b912f6cb6592ec2d71dbf6f2b48191b2cdf6,LUKSO: Reversible ICO
LUKSO Blockchain 6,Legacy,0x34a34267ec4034ba52f154829d0b6548bbbf7c74,LUKSO: Deprecated Reversible ICO
