labelName,tabType,address,nameTag
Maker 85,default,0x39755357759ce0d7f32dc8dc45414cca409ae24e,Eth2Dai: Old Contract
Maker 85,default,0x642ae78fafbb8032da552d619ad43f1d81e4dd7c,Maker DAO: Redeemer
Maker 85,default,0x5ef30b9986345249bc32d8928b7ee64de9435e39,Maker: CDP Manager
Maker 85,default,0x448a5065aebb8e423f0896e6c5d525c040f59af3,Maker: Contract 1
Maker 85,default,0xbda109309f9fafa6dd6a9cb9f1df4085b27ee8ef,Maker: Contract 2
Maker 85,default,0x9b0f70df76165442ca6092939132bbaea77f2d7a,Maker: Contract 3
Maker 85,default,0x9b0ccf7c8994e19f39b2b4cf708e0a7df65fa8a3,Maker: Contract 4
Maker 85,default,0xf2c5369cffb8ea6284452b0326e326dbfdcb867c,Maker: Contract 5
Maker 85,default,0x315cbb88168396d12e1a255f9cb935408fe80710,Maker: Contract 6
Maker 85,default,0x79f6d0f646706e1261acf0b93dcb864f357d4680,Maker: Contract 7
Maker 85,default,0x8e2a84d6ade1e7fffee039a35ef5f19f13057152,Maker: Contract 8
Maker 85,default,0x69076e44a9c70a67d5b79d95795aba299083c275,Maker: Contract 9
Maker 85,default,0x5a994d8428ccebcc153863ccda9d2be6352f89ad,Maker: Core Unit DUX_WALLET
Maker 85,default,0x7800c137a645c07132886539217ce192b9f0528e,Maker: Core Unit GRO_WALLET
Maker 85,default,0x2b6180b413511ce6e3da967ec503b2cc19b78db6,Maker: Core Unit ORA_GAS
Maker 85,default,0x1a5b692029b157df517b7d21a32c8490b8692b0f,Maker: Core Unit ORA_GAS_EMERGENCY
Maker 85,default,0x2d09b7b95f3f312ba6ddfb77ba6971786c5b50cf,Maker: Core Unit ORA_WALLET
Maker 85,default,0xe2c16c308b843ed02b09156388cb240ced58c01c,Maker: Core Unit PE_WALLET
Maker 85,default,0x96d7b01cc25b141520c717fa369844d34ff116ec,Maker: Core Unit RWF_WALLET
Maker 85,default,0x87acdd9208f73bfc9207e1f6f0fde906bca95cc6,Maker: Core Unit SES_WALLET
Maker 85,default,0x6b175474e89094c44da98b954eedeac495271d0f,Maker: Dai Stablecoin
Maker 85,default,0x4f26ffbe5f04ed43630fdc30a87638d53d0b0876,Maker: Deployer 1
Maker 85,default,0xdb33dfd3d61308c33c63209845dad3e6bfb2c674,Maker: Deployer 2
Maker 85,default,0x00daa9a2d88bed5a29a6ca93e0b7d860cd1d403f,Maker: Deployer 3
Maker 85,default,0xddb108893104de4e1c6d0e47c42237db4e617acc,Maker: Deployer 4
Maker 85,default,0xda0fab05039809e63c5d068c897c3e602fa97457,Maker: Deployer 5
Maker 85,default,0xa26e15c895efc0616177b7c1e7270a4c7d51c997,Maker: DS Proxy Factory
Maker 85,default,0x373238337bfe1146fb49989fc222523f83081ddb,Maker: DSR Manager
Maker 85,default,0x36a724bd100c39f0ea4d3a20f7097ee01a8ff573,Maker: Get CDPS
Maker 85,default,0x0a3f6849f78076aefadf113f5bed87720274ddc0,Maker: Governance Contract
Maker 85,default,0x79a0fa989fb7adf1f8e80c93ee605ebb94f7c6a5,Maker: GUSD PSM
Maker 85,default,0x78f2c2af65126834c51822f56be0d7469d7a523e,Maker: MCD Cat
Maker 85,default,0xbaa65281c2fa2baacb2cb550ba051525a480d3f4,Maker: MCD Deploy
Maker 85,default,0xab14d3ce3f733cacb76ec2abe7d2fcb00c99f3d5,Maker: MCD End
Maker 85,default,0x0581a0abe32aae9b5f0f68defab77c6759100085,Maker: MCD ESM
Maker 85,default,0xdfe0fb1be2a52cdbf8fb962d5701d7fd0902db9f,Maker: MCD Flap
Maker 85,default,0xaa745404d55f88c108a28c86abe7b5a1e7817c07,Maker: MCD Flip BAT A
Maker 85,default,0xd8a04f5412223f513dc55f839574430f5ec15531,Maker: MCD Flip ETH A
Maker 85,default,0x5432b2f3c0dff95aa191c45e5cbd539e2820ae72,Maker: MCD Flip SAI
Maker 85,default,0xbe00fe8dfd9c079f1e5f5ad7ae9a3ad2c571fcac,Maker: MCD Flop
Maker 85,default,0x4f5f0933158569c026d617337614d00ee6589b6e,Maker: MCD Gov Actions
Maker 85,default,0x3d0b1912b66114d4096f48a8cee3a56c231772ca,Maker: MCD Join BAT A
Maker 85,default,0x9759a6ac90977b93b58547b4a71c78317f391a28,Maker: MCD Join DAI
Maker 85,default,0x2f0b23f53734252bda2277357e97e1517d6b042a,Maker: MCD Join ETH A
Maker 85,default,0xad37fd42185ba63009177058208dd1be4b136e6b,Maker: MCD Join SAI
Maker 85,default,0x19c0976f590d67707e62397c87829d896dc0f1f1,Maker: MCD Jug
Maker 85,default,0xbe286431454714f511008713973d3b053a2d38f3,Maker: MCD Pause
Maker 85,default,0xbe8e3e3618f7474f8cb1d074a26affef007e98fb,Maker: MCD Pause Proxy
Maker 85,default,0x197e90f9fad81970ba7976f33cbd77088e5d7cf7,Maker: MCD Pot
Maker 85,default,0x65c79fcb50ca1594b025960e539ed7a9a6d434a3,Maker: MCD Spot
Maker 85,default,0x35d1b3f3d7966a1dfe207aa4514c12a259a0492b,Maker: MCD Vat
Maker 85,default,0xa950524441892a31ebddf91d3ceefa04bf454466,Maker: MCD Vow
Maker 85,default,0x99041f808d598b782d5a3e498681c2452a31da08,Maker: Medianizer 1
Maker 85,default,0x729d19f657bd0614b4985cf1d82531c67569197b,Maker: Medianizer 2
Maker 85,default,0xc73e0383f3aff3215e6f04b0331d58cecf0ab849,Maker: Migration
Maker 85,default,0xe4b22d484958e582098a98229a24e8a43801b674,Maker: Migration Proxy Actions
Maker 85,default,0x9f8f72aa9304c8b593d555f12ef6589cc3a579a2,Maker: MKR Token
Maker 85,default,0x5e227ad1969ea493b43f840cff78d08a6fc17796,Maker: Multicall
Maker 85,default,0x8ee7d9235e01e6b42345120b5d270bdb763624c7,Maker: MultiSig
Maker 85,default,0x793ebbe21607e4f04788f89c7a9b97320773ec59,Maker: Oasis Proxy
Maker 85,default,0xc66ea802717bfb9833400264dd12c2bceaa34a6d,Maker: Old Token
Maker 85,default,0xb5eb779ce300024edb3df9b6c007e312584f6f4f,Maker: Permanent Team Multisig
Maker 85,default,0xb4eb54af9cc7882df0121d26c5b97e802915abe6,Maker: PIP BAT
Maker 85,default,0x81fe72b5a8d1a857d176c3e7d5bd2679a9b85763,Maker: PIP ETH
Maker 85,default,0x54003dbf6ae6cba6ddae571ccdc34d834b44ab1e,Maker: PIP SAI
Maker 85,default,0x82ecd135dce65fbc6dbdd0e4237e0af93ffd5038,Maker: Proxy Actions
Maker 85,default,0x07ee93aeea0a36fff2a9b95dd22bd6049ee54f26,Maker: Proxy Actions DSR
Maker 85,default,0x069b2fb501b6f16d1f5fe245b16f6993808f1008,Maker: Proxy Actions End
Maker 85,default,0x1b93556ab8dccef01cd7823c617a6d340f53fb58,Maker: Proxy Deployer
Maker 85,default,0x6bda13d43b7edd6cafe1f70fb98b5d40f61a1370,Maker: Proxy Pause Actions
Maker 85,default,0x4678f0a6958e4d2bc4f1baf7bc52e8f3564f3fe4,Maker: Proxy Registry
Maker 85,default,0x0a59649758aa4d66e25f08dd01271e891fe52199,Maker: PSM-USDC-A
Maker 85,default,0x190c2cfc69e68a8e8d5e2b9e2b9cc3332caff77b,Maker: Sai Proxy 1
Maker 85,default,0x526af336d614ade5cc252a407062b8861af998f5,Maker: Sai Proxy 2
Maker 85,default,0xbf72da2bd84c5170618fbe5914b0eca9638d5eb5,Maker: WBTC
Maker 85,default,0x794e6e91555438afc3ccf1c5076a74f42133d08d,OasisDEX
Maker 85,default,0x14fbca95be7e99c15cc2996c6c9d841e54b79425,OasisDex: Old Contract 1
Maker 85,default,0xb7ac09c2c0217b07d7c103029b4918a2c401eecb,OasisDex: Old Contract 2
Maker 85,default,0xf53ad2c6851052a81b42133467480961b2321c09,Pooled Ether
Maker 85,default,0x59adcf176ed2f6788a41b8ea4c4904518e62b6a4,ProtoSAI Token
Maker 85,default,0x89d24a6b4ccb1b6faa2625fe562bdd9a23260359,Sai Stablecoin
