labelName,tabType,address,nameTag
Maker Vault Owner 282,default,0x3c01e0cdc9d7c3b548b4e6e6a558d78ea52c1f9e,
Maker Vault Owner 282,default,0x4188a7dca2757ebc7d9a5bd39134a15b9f3c6402,
Maker Vault Owner 282,default,0x45bfe95aa2c73a5af53820b549eff1712d53177c,
Maker Vault Owner 282,default,0x4996de5a4e624fce5a718b2a2547901fb050c2b4,
Maker Vault Owner 282,default,0x4d07f012f566c19363bbbcd4b40dfa0b7f3ddf4f,
Maker Vault Owner 282,default,0x4f58985b75eec8f14c536878a19eadf4a1960d6c,
Maker Vault Owner 282,default,0x5641519cc28def80d631baa28b949f17a6a22ad1,
Maker Vault Owner 282,default,0x57db2d7d80fc2669a67f32e6fd1e5c22846eb150,
Maker Vault Owner 282,default,0x5ac929a67b8968010e307d3428f42271025531d2,
Maker Vault Owner 282,default,0x5c5c3802798dc04768278b653e51535e957af8fb,
Maker Vault Owner 282,default,0x6002c9bf1e8a27d5dc2e175d2112f17e57c2eb30,
Maker Vault Owner 282,default,0x6369cbe2172cf2347c218140d60f9ff2148def09,
Maker Vault Owner 282,default,0xee1a62f0c6fa867a062e8d33bb6969db020969e5,
Maker Vault Owner 282,default,0x6555e1cc97d3cba6eaddebbcd7ca51d75771e0b8,
Maker Vault Owner 282,default,0xf187586275561f8ae8db94001a3088c8ac9195fe,
Maker Vault Owner 282,default,0x683297b9022734d4ae6abebaf4028445a5fc5a5d,
Maker Vault Owner 282,default,0xf28d139b0977edca5ac2e65c24d70cd976e6860d,
Maker Vault Owner 282,default,0x6bfbbcece24a19f51efaa9561f6e74216422d927,
Maker Vault Owner 282,default,0xf70c1cb0a9833ba9613f054db71ab3eaf45060b6,
Maker Vault Owner 282,default,0xfbae74d6b7b0802debccd3411597cd4bda5b3064,
Maker Vault Owner 282,default,0x389135c984febdbb310adaf23a690dc28c8fa62b,
Maker Vault Owner 282,default,0x86c38963e837b6c977d6e4a5a78b5836f985ff36,
Maker Vault Owner 282,default,0x898efa55ce5ccec7efad8c7b77204edeb8847961,
Maker Vault Owner 282,default,0x91b4556d4ccaaae59e37c4a57ddef8903f644621,
Maker Vault Owner 282,default,0x96a6d2aa93719df9045e8e81a13ff25ee4e5935d,
Maker Vault Owner 282,default,0x9854ccf5d12f77d9f7aa5664777f859358c76606,
Maker Vault Owner 282,default,0x9c0da3467aed02e49fe051104efb2255c2982c61,
Maker Vault Owner 282,default,0xa53a13a80d72a855481de5211e7654fabdfe3526,
Maker Vault Owner 282,default,0xa8f3a71d2fce740f4aec8fbb0c95b99ff71ce6fb,
Maker Vault Owner 282,default,0xadbfb465bcda23f47dfaec10afa43c4bfc22112e,
Maker Vault Owner 282,default,0x70265950add51748aa041de8accce6747507adce,
Maker Vault Owner 282,default,0x72c2fc6963cd8e7577ce3a125afd1153c88ed7b5,
Maker Vault Owner 282,default,0x74ca8809ad8f80f971fafdd5b7ee7085f6819efc,
Maker Vault Owner 282,default,0x79a98a9f41051e119cad1b9ffefe523cd0be65f0,
Maker Vault Owner 282,default,0x7ba9583e4116b7fff03f2912569eaa467f68751d,
Maker Vault Owner 282,default,0x7d6149ad9a573a6e2ca6ebf7d4897c1b766841b4,
Maker Vault Owner 282,default,0x848207743cf16b91aed5a24b67dd75f8cac2912f,
Maker Vault Owner 282,default,0xe77884cddf148dd5f0e9191b33d8dbaddb16dfb5,
Maker Vault Owner 282,default,0x01329db67e9a963695c65766a298f9876e87def4,
Maker Vault Owner 282,default,0xeb5ff183356d834598752580ba73266ebfe4250f,
Maker Vault Owner 282,default,0x0412ed8438b5fae246606909ef8ba365f9103783,
Maker Vault Owner 282,default,0x06d50814562467776af76134ad936440e6abb878,
Maker Vault Owner 282,default,0xb088a3bc93f71b4de97b9de773e9647645983688,
Maker Vault Owner 282,default,0x08fd91c956546cc5efcd9141679acc0e7c884a60,
Maker Vault Owner 282,default,0xb5fb1a63da629c39687d917f4a9bbb49a4e283af,
Maker Vault Owner 282,default,0x0cd420966fce68bad79cd82c9a360636cf898c1e,
Maker Vault Owner 282,default,0xb8346eb2a554af19107d5d81b095b81627e24dc6,
Maker Vault Owner 282,default,0x0f8b170477b8eeff5fefda5abc14494afdc81db6,
Maker Vault Owner 282,default,0xc06dbddf5b059d4de36ed72fde4bc3793c63ce6e,
Maker Vault Owner 282,default,0x144f3ffb74a8f697040cb6f80df9a50b52df5edf,
Maker Vault Owner 282,default,0xc3075e0b339e14e2546dfc7e77f2ffb7183c9769,
Maker Vault Owner 282,default,0x167ec339e5539100bc453ac349f012e194bf85a3,
Maker Vault Owner 282,default,0xc95adae711dfd7c741db02d6645d24aa91cec563,
Maker Vault Owner 282,default,0x17e017a0f3f9eee8e4bbdee0053a16aa04e68d9e,
Maker Vault Owner 282,default,0xce87b45a6b54d7f5bcf8270ab27c0582c479dd8b,
Maker Vault Owner 282,default,0x1a2d4efc833d4a32728b149b6fbaeb0b948d4bbe,
Maker Vault Owner 282,default,0xd204c163f5419097bae203998903280a61ed9ca4,
Maker Vault Owner 282,default,0x1e56e1cc029669d3e735c7b9f9ce584d64b169f8,
Maker Vault Owner 282,default,0xd3fc6cc7d1c6295f705e579f5a04c802462bc541,
Maker Vault Owner 282,default,0x2014e01eefe653901a7721fa908b0055f2eb84dc,
Maker Vault Owner 282,default,0xd80490fddad5b4d57fed5b649167c6b8259b63e3,
Maker Vault Owner 282,default,0x22de0b5c40f012782a667ccdaa15406ba1201246,
Maker Vault Owner 282,default,0xda5355e41c10027807c42c789abcac9101831087,
Maker Vault Owner 282,default,0x2756bb9746af8355f85394c5d034897ba2635e0c,
Maker Vault Owner 282,default,0xdd1107d19b6672be5762dcf3bc6db752ece248b0,
Maker Vault Owner 282,default,0x2b5e3dc9791ac4ae92638513fdda5ce97816d30d,
Maker Vault Owner 282,default,0xde8ea5253cc1326e90aad1ee951dd4e243b7640c,
Maker Vault Owner 282,default,0x2fc347a894782d54edac44e8a32312db59691b8f,
Maker Vault Owner 282,default,0xe0ddea5ca147eaecd2bb3d0157deaf16e6dc9aa0,
Maker Vault Owner 282,default,0xe4c5557a1f859874d5e124747ef5881a449f9712,
Maker Vault Owner 282,default,0x3df2e7e0dd9c20ccfd3c144d71914d63e38b50c2,
Maker Vault Owner 282,default,0x44d10ad975c3b6b921badf9882e4c281a45c4ed3,
Maker Vault Owner 282,default,0x48bbf1c68037bf35b0eb090f1b5e0fa52f690502,
Maker Vault Owner 282,default,0x4b5a787ac6921cdefc57d8823ebd4d211f8e0519,
Maker Vault Owner 282,default,0x4debdd6cee25b2f931d2fe265d70e1a533b02453,
Maker Vault Owner 282,default,0x548b363f28234fe88a72d628c5350e37640429bc,
Maker Vault Owner 282,default,0x5749588c404c3a818ec3e646c2f1236d8143f0d5,
Maker Vault Owner 282,default,0x59f44895cd4088817eb5f5cf913d23b81a76974d,
Maker Vault Owner 282,default,0x5c5a4ae893c4232a050b01a84e193e107dd80ca2,
Maker Vault Owner 282,default,0x5f2c8ae19e310e9a7b05954a3971c32d686457c1,
Maker Vault Owner 282,default,0x61c3b513a078bfe09c996cc9b6cfa45d427e33e3,
Maker Vault Owner 282,default,0xedd88ca63d7c0b9cf182afdee3852258f31961f9,
Maker Vault Owner 282,default,0x64b37659c33e0d26cd99ec63672005f6b64a6401,
Maker Vault Owner 282,default,0xf151ed2caedbda83c17ae39d6990d92909fcf529,
Maker Vault Owner 282,default,0x67cc2f147dfb047e12cf6de719ba6970104f9335,
Maker Vault Owner 282,default,0xf23b984031c72d084c3e3d1ed6658157ae451b55,
Maker Vault Owner 282,default,0x6bb8bc41e668b7c8ef3850486c9455b5c86830b3,
Maker Vault Owner 282,default,0xf44220e22573ac6557a60d1973d2a088bac8dd22,
Maker Vault Owner 282,default,0xfb626333099a91ab677bcd5e9c71bc4dbe0238a8,
Maker Vault Owner 282,default,0x33eecc48943aaeabb5328a25ff28eb85f67945c2,
Maker Vault Owner 282,default,0xffaf7db3313f2effb6f772d7b1f3e01b6ecb09de,
Maker Vault Owner 282,default,0x3b216205e1eec02e05736f9ae4472a2574ceea41,
Maker Vault Owner 282,default,0x86391cc3da1c4e67399c9757e469de39179ec68e,
Maker Vault Owner 282,default,0x87a67e7dc32fdc79853d780c6f516312b4a503b5,
Maker Vault Owner 282,default,0x8e02247d3ee0e6153495c971ffd45aa131f4d7cb,
Maker Vault Owner 282,default,0x94fa8efdd58e1721ad8bf5d4001060e0e1c4d58e,
Maker Vault Owner 282,default,0x98279e4c1b78689483ccb18a903e7234e3c91783,
Maker Vault Owner 282,default,0x9b7a6e6b894e243e994cfaa32ea07d8a60740981,
Maker Vault Owner 282,default,0xa45420a6f2bb98406b6c6a5cc1670b7c92407e2b,
Maker Vault Owner 282,default,0xa877a062b928a0dc12ca474b005bfa9f58bdbdef,
Maker Vault Owner 282,default,0xac3e2b760232a413171d539c78008cdb7c18ab52,
Maker Vault Owner 282,default,0x6f62ba4a7d3c43e061fc414069e965065d63c40b,
Maker Vault Owner 282,default,0x72bb2d0905f13f16a679db9c65572928a70b4614,
Maker Vault Owner 282,default,0x738671901affbc417fa370cf936e461bb5315bd0,
Maker Vault Owner 282,default,0x770943da73a2c616eec597b23a43d51112064a55,
Maker Vault Owner 282,default,0x7ba6527419152e17d78daccbb89a51ab71c8d200,
Maker Vault Owner 282,default,0x7ca698a23f4eddb6d7fe9c8867f66683706cf618,
Maker Vault Owner 282,default,0x8165f66f206a7ba47be7b878de70e6f4cf141d0e,
Maker Vault Owner 282,default,0xea170524f8167a47cc5dec0343d25484cafe8c4e,
Maker Vault Owner 282,default,0x03bf7fd823908e56c8785e4c7ebfc46fc6a6e41b,
Maker Vault Owner 282,default,0x055ad5e56c11c0ef55818155c69ed9ba2f4b3e90,
Maker Vault Owner 282,default,0x089f5a5fd767d736f67f13d36286e2c66fb131f9,
Maker Vault Owner 282,default,0xb5b361e55067a2e9505f7f9730646379b13f0de0,
Maker Vault Owner 282,default,0x0b32aa5c1e71715206fe29b7badb21ad95f272c0,
Maker Vault Owner 282,default,0xb82b49312f7215d8db146ee73999b001d7b7f2c9,
Maker Vault Owner 282,default,0x0f2f9599c19cddd869d0bbf7bc3bfe354dd5b40a,
Maker Vault Owner 282,default,0xbd8ccbe7247b99d87a10593ce0f5d7e300bc049e,
Maker Vault Owner 282,default,0x107e31fefe44fb4f01c6c250cdb52f3c971426a4,
Maker Vault Owner 282,default,0xc25882846a6246ee4f596cac5098f5018d121ee7,
Maker Vault Owner 282,default,0x16647dbb696eba8c54ace95ca5c1643cd65619d0,
Maker Vault Owner 282,default,0xc7f3a1d58714a2982bebe6ae0a762960ddb9ceff,
Maker Vault Owner 282,default,0x17cb610a853b500ba0022b7a65f7cff095ebfcf7,
Maker Vault Owner 282,default,0xcbde5b2d234a2b45b95866c3bcdc7cf5d70d78f8,
Maker Vault Owner 282,default,0x1a08aa7ba7dee9c1d34c781e58cf1f758e1fe162,
Maker Vault Owner 282,default,0xd1bbaa9eab9a5f51ee3b68bb6ff3c1f60a8c0add,
Maker Vault Owner 282,default,0x1deeaf78d37c03a355d337e8c1f1b95da2f98b34,
Maker Vault Owner 282,default,0xd34586c03198eb659671daf9dc3449dc0bda4d04,
Maker Vault Owner 282,default,0x20017a30d3156d4005bda08c40acda0a6ae209b1,
Maker Vault Owner 282,default,0xd6aa7c9a05c14b9ab4a3c5395156e8b216c53336,
Maker Vault Owner 282,default,0x225d60117d51a81c98fd7e385d517b659b829409,
Maker Vault Owner 282,default,0xda0a2cde4d5ead5e961bfeef1ccfd8d6b5a14c7e,
Maker Vault Owner 282,default,0x26fcbd3afebbe28d0a8684f790c48368d21665b5,
Maker Vault Owner 282,default,0xdce2acb8fa2140e1eda6e611c61d5de9a56ad0c9,
Maker Vault Owner 282,default,0x2b2fdbd04dca7b872b564ba61cb25b8b3e3da370,
Maker Vault Owner 282,default,0xde7f6ac01a66cd3c11dbed065b914ecaede9c80d,
Maker Vault Owner 282,default,0x2f96212bbad1120c56cefedec2826dc771547c09,
Maker Vault Owner 282,default,0xe06ac4777f04ac7638f736a0b95f7bfeadcee556,
Maker Vault Owner 282,default,0xe3ef4f25f436be04bb45613cc0101b60251996d5,
Maker Vault Owner 282,default,0xe637b85b0649e2b4477663e1d219611d1aa3c64c,
Maker Vault Owner 282,default,0x010f9534964929fa82160ea6782da44df961ec7b,
Maker Vault Owner 282,default,0x3d5569d3e5f4ebd45a1fb243d479d174c83f583f,
Maker Vault Owner 282,default,0x441ce8ee82676e3edd7b3888f8fcb288ecb489bb,
Maker Vault Owner 282,default,0x486be7dd811926cb519c23dfec8bf14236cf88d8,
Maker Vault Owner 282,default,0x4b1a187d7e6d8f2eb3ac46961db3468fb824e991,
Maker Vault Owner 282,default,0x4d17676309cb16fa991e6ae43181d08203b781f8,
Maker Vault Owner 282,default,0x533caaeaee0396bed2714c547104591ca3e2f345,
Maker Vault Owner 282,default,0x5691a90f5b1cb6d85a237c2258f3d98dad807929,
Maker Vault Owner 282,default,0x583f5777a69830fcb6f811a1b8e781d545d37923,
Maker Vault Owner 282,default,0x5b80727b589fdcf8c0cd3288fe7841f6f77046cb,
Maker Vault Owner 282,default,0x5eb82621814276e83c31afed9fa4561de0d0d76c,
Maker Vault Owner 282,default,0x60e9762d7d29f17c017ac45cc03ee0eb996ffdd8,
Maker Vault Owner 282,default,0xebeef2aed8a2b35e90a39acd8b3c94c37968302c,
Maker Vault Owner 282,default,0x6477599d5fef5441829462b35a305c9be5cde95e,
Maker Vault Owner 282,default,0xf13bd574cdf0228bd5721ea6927589f5146b48f5,
Maker Vault Owner 282,default,0x67c89126fb7e793a2fac54e0c4bd8baa53395767,
Maker Vault Owner 282,default,0xf1f0c294d247e8691d1118a86ccc669da3c75ca8,
Maker Vault Owner 282,default,0x6a0fce3b38afc28797deac0a955471b927ed7e03,
Maker Vault Owner 282,default,0xf39d30fa570db7940e5b3a3e42694665a1449e4b,
Maker Vault Owner 282,default,0xf978e2d21ba687e3739033f62cb579715516d036,
Maker Vault Owner 282,default,0x326d9d4870c636d9b25c939237e0f1ea9ea1a974,
Maker Vault Owner 282,default,0xff628b747c4e70825af24e3d59748bac477dcbf6,
Maker Vault Owner 282,default,0x3a9b7fbd29644110cea2170c177f8aa3fbfa1067,
Maker Vault Owner 282,default,0x8784b77ed650aee8e1829014c3ab73652d95629c,
Maker Vault Owner 282,default,0x8dfd545a2d6ba57d0ccfb060a0eefe01f41f2902,
Maker Vault Owner 282,default,0x945f0bdb38085e95c2dd52276b4757df789aeb18,
Maker Vault Owner 282,default,0x9757eb864142edeca83f86ffb36d88eea4b25537,
Maker Vault Owner 282,default,0x9958b72c17bec1e8769da7fc1f99c4537fcd722b,
Maker Vault Owner 282,default,0xa397d02928acaaf6553fd7e832413c5a732cf559,
Maker Vault Owner 282,default,0xa6e2e910515e6cf485462eeb6e454df33c60cb0e,
Maker Vault Owner 282,default,0xab7b99998206d1ccf8b13b02b7566c267f4e2313,
Maker Vault Owner 282,default,0xaf519e476c65947d63a590862bbad3c78aab35b7,
Maker Vault Owner 282,default,0x6de1d63281a9a4796c52c8f38a528ee2cb6bacb4,
Maker Vault Owner 282,default,0x726a182cd0f774edef08daa4117ba7204a1086bd,
Maker Vault Owner 282,default,0x736249c396cc3e76a639d5b82ed55cc4ec02d992,
Maker Vault Owner 282,default,0x75f1583912e0de904630d30917424340b6843e5c,
Maker Vault Owner 282,default,0x7b40c9250d2697ec25936d4c901df046d59623d2,
Maker Vault Owner 282,default,0x7bef8662356116cb436429f47e53322b711f4e42,
Maker Vault Owner 282,default,0x815d6d8eaa19d27e2507e2d6bac32a5b4c114e2e,
Maker Vault Owner 282,default,0x857cd16a827db79369ff9920e94e22fb916d2d3d,
Maker Vault Owner 282,default,0xe896e539e557bc751860a7763c8dd589af1698ce,
Maker Vault Owner 282,default,0x0279431a5e11d234dcf1d4493494db9f06ea42cd,
Maker Vault Owner 282,default,0x04b35d8eb17729b2c4a4224d07727e2f71283b73,
Maker Vault Owner 282,default,0x07b3ca546c1011aa0b801a539e6ee5c5bba1a86f,
Maker Vault Owner 282,default,0xb56f9e1aecb821413c9f14822d3918a363d83226,
Maker Vault Owner 282,default,0x0a50fdfe3138a84fcd3b6bc6f3e008ef47b30d95,
Maker Vault Owner 282,default,0xb74e7e386067348da729544a8122aa6a89335ce2,
Maker Vault Owner 282,default,0x0d67157544e513dbd672d6ac6a3db6ce5784b9c5,
Maker Vault Owner 282,default,0xb904b79eb8eeaefeaaa7341b9ab210069d2131b7,
Maker Vault Owner 282,default,0x1019187a5d018a9bb3461472160424fd7b65f570,
Maker Vault Owner 282,default,0xc143cb83b3fb5f367d2272b5814ba7bab2c9d70d,
Maker Vault Owner 282,default,0x15e618e59cb0fc6379ec13700d3f04e7a365488c,
Maker Vault Owner 282,default,0xc6c9a9559aa224caf7e0f7a8a4d4962517efcfba,
Maker Vault Owner 282,default,0x169e3702eb14905cd2e4488d05a9dceb23f94187,
Maker Vault Owner 282,default,0xcad509a865d6364c1ace0487d735fc7a92123eab,
Maker Vault Owner 282,default,0x193c3e976f7a5bc5eb4be9d50db57562b8f17311,
Maker Vault Owner 282,default,0xd1b706060b20d75b04c391dda0a7257a06923cff,
Maker Vault Owner 282,default,0x1dcb18b74e66e7c67c715ceb0598751c19f3d5e1,
Maker Vault Owner 282,default,0xd2ab80019b39b331cf3ec4f65d7b15e8f2d13515,
Maker Vault Owner 282,default,0x1fcd321042d83e78f58de19b142cdde098799244,
Maker Vault Owner 282,default,0xd56af6291a4752c0d5ab3f7a21c7d1e0bb486884,
Maker Vault Owner 282,default,0x20c0b79571aabd309d1c2672aca0e1a76817bc2a,
Maker Vault Owner 282,default,0xd92b7573874079b1ee45fd50982341ff75361f67,
Maker Vault Owner 282,default,0x23d7c58b5a8e1149b38d2309b0c84b86a27df8af,
Maker Vault Owner 282,default,0x29aa2ed8712072e918632259780e587698ef58df,
Maker Vault Owner 282,default,0xddb4541097b4eee09b26f2524f4fbf58e9cc9d02,
Maker Vault Owner 282,default,0x2c51978916976e9041d22e3b164f033e553e2c3d,
Maker Vault Owner 282,default,0xdfa8ee9ff8798b37800f3ab18807273d7caaf1b6,
Maker Vault Owner 282,default,0xe2c6013e386c4117f4ad468be7dfa32b0683f6ce,
Maker Vault Owner 282,default,0xe56a192ab8571628ab1ade27dfc2f0cf47221eae,
Maker Vault Owner 282,default,0x00f18ccb682d2b6b935a3bbd3f1d237d263e05c0,
Maker Vault Owner 282,default,0x3ccc87c683f389aa6ce6ef103639940841e8ecb4,
Maker Vault Owner 282,default,0x42c58a33ba0efc3dd2a4d58b971dbf108b6a165a,
Maker Vault Owner 282,default,0x46fc8a42b4b643401ff2bcad8c1b943535ebc1bb,
Maker Vault Owner 282,default,0x4a8172225f44ed87d40ce318438bb14a4f83efa4,
Maker Vault Owner 282,default,0x4d1467c312a83794c99b9db678dfdfa743394ef7,
Maker Vault Owner 282,default,0x508c72b7951aec52e26fdf1cedb3637800e634a5,
Maker Vault Owner 282,default,0x564b31fe75510a1adb311aece4faa63346ed142c,
Maker Vault Owner 282,default,0x57de8382e52279c2428ab556fe9d418c50fe97d7,
Maker Vault Owner 282,default,0x5b444efd9f1e8c8655d1cfeee1fdf353f7c77f50,
Maker Vault Owner 282,default,0x5d95c5e862a46034c57dfc0a79582c7c3fb704cb,
Maker Vault Owner 282,default,0x60e69297e961794d226d01695619b019dcee1ef8,
Maker Vault Owner 282,default,0x63b5e1f64db70292af3af9161e3f4a3e81c13b47,
Maker Vault Owner 282,default,0xef81b7edcef1c9814c2a76ded1023953dadc2c66,
Maker Vault Owner 282,default,0xf1a4372e6e931a2b6b78ddcbab1c631c2498bae6,
Maker Vault Owner 282,default,0x6933da55869cacfe363b7381b82f0925e7c4456d,
Maker Vault Owner 282,default,0xf2b889437f243396b29e829908b5d8ebe2e13048,
Maker Vault Owner 282,default,0x6cc9c9d0aef1258d7c21e46ba5bba3465fcad032,
Maker Vault Owner 282,default,0x32447a2d80e64fd33828236dcb786d6fc37490f0,
Maker Vault Owner 282,default,0xfd225193f80f40053fd1a1548bca6cf0e6577bb4,
Maker Vault Owner 282,default,0x3a14e5c91864c5145a21f2dc15f344c9659b1587,
Maker Vault Owner 282,default,0x86c38c389b57ea6c18f490aa98a548c876f802f9,
Maker Vault Owner 282,default,0x8b3ce9e912d26f8a3dae6d8607384c73b4c267e9,
Maker Vault Owner 282,default,0x928dd7c6a6c1b5b44418a1b7daf56ae66f64f975,
Maker Vault Owner 282,default,0x96fc9cf2705ab3780caa42965f9c9450f4424e58,
Maker Vault Owner 282,default,0x9914f2fe36670440dde6eb4bf7ff97207f663d8a,
Maker Vault Owner 282,default,0xa1b0780ff495bbc7503ada876b4fefa549bdb418,
Maker Vault Owner 282,default,0xa54f4330a818492b9af9f0ff00ef8c7c2024ba93,
Maker Vault Owner 282,default,0xa9338d2617a9ee6661d6676f3e78b20ac78c21da,
Maker Vault Owner 282,default,0xaee8c60ff7e8947ad514c4310e0f2e203194c33f,
Maker Vault Owner 282,default,0x7036773bab099bad29611f1ca479ded4a071d6cb,
Maker Vault Owner 282,default,0x7320b0bfcdc29d4bff6334481e6a58912fd53035,
Maker Vault Owner 282,default,0x75086316ae15b560186878cab2aef4db6b924285,
Maker Vault Owner 282,default,0x7b23e38fbd0e677a1d1f72fe29a1aea9fd83ade8,
Maker Vault Owner 282,default,0x7bdff8af765637783a3e012012f147a6930dd7e8,
Maker Vault Owner 282,default,0x7db7da086318462a46327b8f2d46f457008cc111,
Maker Vault Owner 282,default,0xe7da19d08df73c9371080a14b8e6fdca9243e16e,
Maker Vault Owner 282,default,0x022a29ebe2be30f0c7ffc7dc9c51ffd3714762d0,
Maker Vault Owner 282,default,0x045100be931ff5bc553e609950e117ef5fb4cd9b,
Maker Vault Owner 282,default,0x075f130581d635a3493af12aefc8ca46ea460276,
Maker Vault Owner 282,default,0xb0e83c2d71a991017e0116d58c5765abc57384af,
Maker Vault Owner 282,default,0x0945260089850bc72432072501c6f545f6b64cec,
Maker Vault Owner 282,default,0xb6b724452850356dc2a5fc7ff5337e1c9d66f377,
Maker Vault Owner 282,default,0x0d38a181e4d2c44d691535956dc3b23882b164a8,
Maker Vault Owner 282,default,0xb8b0af66f0e695212d5cd86507b0ff2cbd066a1f,
Maker Vault Owner 282,default,0x0f8e3711c5be6f91fb86e54d148b0efffc82b0e0,
Maker Vault Owner 282,default,0xc0c003051dc9e54da7a241f75b11e83d57faf499,
Maker Vault Owner 282,default,0x156daf376cfbdd938c470a227508b0ba022c998f,
Maker Vault Owner 282,default,0xc45d8a160678eb77ba326f7a949d66b47426b013,
Maker Vault Owner 282,default,0x16812c291ded550b952a6ec93f72588ad51bf3c1,
Maker Vault Owner 282,default,0xc9abef43804e8e5ed6aee5454fb89ed1cd18297f,
Maker Vault Owner 282,default,0x1878909165b4bf52b925bea9c08b58bcc4ff48ef,
Maker Vault Owner 282,default,0xcf32352be14b4c39ea7b914f8c302de4d67f0ff6,
Maker Vault Owner 282,default,0x1c012b03f1c2dea274d2eeeb566b0eeabfe3af1a,
Maker Vault Owner 282,default,0xd21a227d7a5c9d475de1a293cfb07dd9fa0fceb0,
Maker Vault Owner 282,default,0x1f2acefbb92ba21881c0e26357efc52640e87b92,
Maker Vault Owner 282,default,0xd4056df96655bd27b61905de78e807f18178083f,
Maker Vault Owner 282,default,0x2072421c9c824fc786ddb9316a8ff645956b3f87,
Maker Vault Owner 282,default,0xd92293daca6bbed57f8cb6d498b48ea93e035e99,
Maker Vault Owner 282,default,0x23b4483b7c551efa8955c7e35f8a5e38c6f1fe4a,
Maker Vault Owner 282,default,0xdafc8ee61a094e6dca9757eef2ae6ba9095a195f,
Maker Vault Owner 282,default,0x27f361bb92e4455ae9f7deaf341078cb93e5e85d,
Maker Vault Owner 282,default,0xdd12a74607e8ed332e3dd37ec2b987fdbdfc59d5,
Maker Vault Owner 282,default,0x2c4b47668ea298ef4ef98956774ea590e130cefa,
Maker Vault Owner 282,default,0xdeb3d637783fe892dab8e143c8d646a7567463f8,
Maker Vault Owner 282,default,0x31a47094c6325d357c7331c621d6768ba041916e,
Maker Vault Owner 282,default,0xe1d3baa26d94f53897efbeb550d95cc2ab72d5f7,
Maker Vault Owner 282,default,0xe4f8e5fd9678a5c649da197c78b3d5e5a4a89dd9,
Maker Vault Owner 282,default,0x000000000000999e21ee9867d01fab01bd8c4969,
Maker Vault Owner 282,default,0xf8de75c7b95edb6f1e639751318f117663021cf0,7 Siblings Recursive Farmer
Maker Vault Owner 282,default,0x849d52316331967b6ff1198e5e32a0eb168d039d,Gnosis: Active Treasury Management
Maker Vault Owner 282,default,0x65b0bf8ee4947edd2a500d74e50a3d757dc79de0,Nexo: WBTC Merchant Deposit Address
Maker Vault Owner 282,default,0xdb5ac83c137321da29a59a7592232bc4ed461730,Sorbet Finance Hack Alert 149
