labelName,tabType,address,nameTag
MANTRA 37,default,0xc8899da25423ac52aa711b97ae04c8888fa1e1d7,MANTRA DAO: Grants
MANTRA 37,default,0xca3d2a53de4d4bcf8b28ddd07f8e325839adb9ca,MANTRA DAO: Treasury
MANTRA 37,default,0x80c3d0975dd8a1305f5a854606cbe492b00c6b8f,MANTRA DAO: Treasury 2
MANTRA 37,default,0x49a39e062aaf28950f9d0d5fd423dfb3175c0bb1,MANTRA DAO: zenALPHA Token
MANTRA 37,default,0x4a5b823592c2a1e95502c0b55afba2397e71799d,MANTRA DAO: zenBADGER Token
MANTRA 37,default,0x07d22cd5d483b1242518d5cd26b21b552f0cfcdb,MANTRA DAO: zenDVG Token
MANTRA 37,default,0x25942b9496282ce18c3b8d8c722ccf8e5112b252,MANTRA DAO: zenENJ Token
MANTRA 37,default,0x90ea640fd96b10d79b95166ea9d4b5fb2fb4f4be,MANTRA DAO: zenGRT Token
MANTRA 37,default,0xd7756be9aedc211a9d5677d7d67295e6d7dd86c7,MANTRA DAO: zenINJ Token
MANTRA 37,default,0x6a4e7daf7e1244944bda17390b1ec5f44c9df671,MANTRA DAO: zenKYL Token
MANTRA 37,default,0xaab14c2115aad338cedb93e423834897651a3ee2,MANTRA DAO: zenLABS Token
MANTRA 37,default,0xa3c5409a987c9325d8598b4731bf513a41c2287d,MANTRA DAO: zenMKR Token
MANTRA 37,default,0x7283fe6ae81f39d07850b78f282037b65448a2bc,MANTRA DAO: zenOMG Token
MANTRA 37,default,0x2dd28391d7552363eed30eb172116cf3e13eca23,MANTRA DAO: zenPAID Token
MANTRA 37,default,0x223f6fc2696beeb0d096a72b8db674e6bd520398,MANTRA DAO: zenRGT Token
MANTRA 37,default,0xf9aea09993e1a43b5f7dcdbd67cda89690a51491,MANTRA DAO: zenROOK Token
MANTRA 37,default,0x8fb35c58e48660a29c80452d3c7bf98fe81de921,MANTRA DAO: zenUTK Token
MANTRA 37,default,0x33a9f9bace23cfb8dad597a564d055ad415648ff,MANTRA DAO: zenZRX Token
MANTRA 37,default,0x813b258d42b0fa787edb48b314ae84235c512ca4,MANTRA: Deployer
MANTRA 37,default,0xfa0e08b7e80e6e7eecad9800bc32ef19132da295,MANTRA: Deployer 2
MANTRA 37,default,0x3593d125a4f7849a1b059e64f4517a86dd60c95d,MANTRA: OM Token
