labelName,tabType,address,nameTag
MaskEX 18,default,0x09b1806df13062b5f653beda6998972cabcf7009,MaskEX 1
MaskEX 18,default,0x823c8e533657b0004b5ab8553d84502ba2e571f7,MaskEX 10
MaskEX 18,default,0x833f3b6faa717079fb3a1030f6207c57b1c591bd,MaskEX 11
MaskEX 18,default,0x9f1bb5349d481065561a84cbd7f84982fd533359,MaskEX 12
MaskEX 18,default,0xa310b3eeca53b9c115af529faf92bb5ca4b41494,MaskEX 13
MaskEX 18,default,0xa4e71851a8c8eaefeb20a994159f4a443e46059b,MaskEX 14
MaskEX 18,default,0xbe921ea3bd0c879a8688b7fabe6b3c8a471df90d,MaskEX 15
MaskEX 18,default,0xc3edbb9c181016cef5d76491f835930e9c8c4d2c,MaskEX 16
MaskEX 18,default,0xdd9c649edb7ff80c6c9d238344260184a4f94b88,MaskEX 17
MaskEX 18,default,0xfb65377800a7282cf81baf0f335fbc6f8ff36776,MaskEX 18
MaskEX 18,default,0x0c78fd926a8fc9cfc682bdc6b411942d9c7edb7a,MaskEX 2
MaskEX 18,default,0x0feabb61f67e859811aafce83a5ab780f8c53c0a,MaskEX 3
MaskEX 18,default,0x33fe5557e90a872a065f2acfd973847e33fc4532,MaskEX 4
MaskEX 18,default,0x6f531cf07f2d659dcfb371b1a7f4c0157a168332,MaskEX 5
MaskEX 18,default,0x71467da4c0b0db4e889da703e6ff1cd740f1f74a,MaskEX 6
MaskEX 18,default,0x7ac724cac6e4ddc24c102b1006f41bc8a6a5c1c5,MaskEX 7
MaskEX 18,default,0x7e0616656934a09373b1e1114de2c20a77513d16,MaskEX 8
MaskEX 18,default,0x80b62f0ea7a89bbc4df4c95e2ad363e5c153b80e,MaskEX 9
