labelName,tabType,address,nameTag
MCDEX 49,Main,0x028fb01ffafe25e278ebb467f69bd79a928cf25e,MCDEX: BTC AMM
MCDEX 49,Main,0xe3c29ce0c36863fd682f1afe464781df6bebaa0a,MCDEX: BTC Perpetual
MCDEX 49,Main,0x5378b0388ef594f0c2eb194504aee2b48d1eac18,MCDEX: COMP AMM
MCDEX 49,Main,0xfa203e643d1fddc5d8b91253ea23b3bd826cae9e,MCDEX: COMP Perpetual
MCDEX 49,Main,0xaaac8434217575643b2d2ab6f12ce8600c625520,MCDEX: ETH AMM
MCDEX 49,Main,0x220a9f0dd581cbc58fcfb907de0454cbf3777f76,MCDEX: ETH Perpetual
MCDEX 49,Main,0xbe83943d5ca2d66fb7ba3a8d4a983782f31a42dc,MCDEX: LEND AMM
MCDEX 49,Main,0xd48c88a18bfa81486862c6d1d172a39f1365e8ac,MCDEX: LEND Perpetual
MCDEX 49,Main,0x7230d622d067d9c30154a750dbd29c035ba7605a,MCDEX: LINK AMM
MCDEX 49,Main,0xa04197e5f7971e7aef78cf5ad2bc65aac1a967aa,MCDEX: LINK Perpetual
MCDEX 49,Main,0x942df696cd1995ba2eab710d168b2d9cee53b52c,MCDEX: SNX AMM
MCDEX 49,Main,0x4cc89906db523af7c3bb240a959be21cb812b434,MCDEX: SNX Perpetual
MCDEX 49,Others,0x028fb01ffafe25e278ebb467f69bd79a928cf25e,MCDEX: BTC AMM
MCDEX 49,Others,0xe3c29ce0c36863fd682f1afe464781df6bebaa0a,MCDEX: BTC Perpetual
MCDEX 49,Others,0x5378b0388ef594f0c2eb194504aee2b48d1eac18,MCDEX: COMP AMM
MCDEX 49,Others,0xfa203e643d1fddc5d8b91253ea23b3bd826cae9e,MCDEX: COMP Perpetual
MCDEX 49,Others,0xaaac8434217575643b2d2ab6f12ce8600c625520,MCDEX: ETH AMM
MCDEX 49,Others,0x220a9f0dd581cbc58fcfb907de0454cbf3777f76,MCDEX: ETH Perpetual
MCDEX 49,Others,0xbe83943d5ca2d66fb7ba3a8d4a983782f31a42dc,MCDEX: LEND AMM
MCDEX 49,Others,0xd48c88a18bfa81486862c6d1d172a39f1365e8ac,MCDEX: LEND Perpetual
MCDEX 49,Others,0x7230d622d067d9c30154a750dbd29c035ba7605a,MCDEX: LINK AMM
MCDEX 49,Others,0xa04197e5f7971e7aef78cf5ad2bc65aac1a967aa,MCDEX: LINK Perpetual
MCDEX 49,Others,0x942df696cd1995ba2eab710d168b2d9cee53b52c,MCDEX: SNX AMM
MCDEX 49,Others,0x4cc89906db523af7c3bb240a959be21cb812b434,MCDEX: SNX Perpetual
