labelName,tabType,address,nameTag
MEETtoken 8,Main,0x34e9b1df7315eae2f529d6bf8232bdab2bdb7d76,MEETtoken: Company
MEETtoken 8,Main,0xed461da1a62b5ae25614ee20899e4864f7f34c6b,MEETtoken: Marketing
MEETtoken 8,Main,0xe54bed429c033bae5cb0747efa0f41beefd9e99a,MEETtoken: MTT Token
MEETtoken 8,Main,0xef77faf9028530341a5ddcd5dd591f2da6fe38c9,MEETtoken: Platform Rewards
MEETtoken 8,Main,0x19ca696cfc16d1244b099e0dcb151625866013e2,MEETtoken: Project Team
MEETtoken 8,Main,0x706eac0f121372c66cb53490a77c23e5abf00832,MEETtoken: Sales
MEETtoken 8,Others,0x34e9b1df7315eae2f529d6bf8232bdab2bdb7d76,MEETtoken: Company
MEETtoken 8,Others,0xed461da1a62b5ae25614ee20899e4864f7f34c6b,MEETtoken: Marketing
MEETtoken 8,Others,0xe54bed429c033bae5cb0747efa0f41beefd9e99a,MEETtoken: MTT Token
MEETtoken 8,Others,0xef77faf9028530341a5ddcd5dd591f2da6fe38c9,MEETtoken: Platform Rewards
MEETtoken 8,Others,0x19ca696cfc16d1244b099e0dcb151625866013e2,MEETtoken: Project Team
MEETtoken 8,Others,0x706eac0f121372c66cb53490a77c23e5abf00832,MEETtoken: Sales
