labelName,tabType,address,nameTag
MegaCryptoPolis 13,default,0x2594d80da5f2e4f742d1e479eb9408aad132d0bd,MCP: Appliance
MegaCryptoPolis 13,default,0xf06059f01f6f08a603c939359a0a1186f7687685,MCP: Citizen
MegaCryptoPolis 13,default,0x501f51187acfbbfb711166dea9ee5bbf77c6c2d8,MCP: Deployer
MegaCryptoPolis 13,default,0x14580a944246339d9151ab4e22458b3ab926438b,MCP: Old Contract 1
MegaCryptoPolis 13,default,0xba7a1265933be28ee36841f8c2170d51688b365d,MCP: Pack
MegaCryptoPolis 13,default,0x56f123785b54978c6c0b117f15d3ee69eb9bf6c8,MCP: Pet
MegaCryptoPolis 13,default,0x98ff4553a3dcbf5e4ff8b5d4cc6fb763b6f20174,MCP: Resource
