labelName,tabType,address,nameTag
MEV Builder 31,default,0x95222290dd7278aa3ddd389cc1e1d165cc4bafe5,beaverbuild
MEV Builder 31,default,0xf573d99385c05c23b24ed33de616ad16a43a0919,bloXroute: Ethical Builder
MEV Builder 31,default,0xf2f5c73fa04406b1995e397b55c24ab1f3ea726c,bloXroute: Max Profit Builder
MEV Builder 31,default,0x199d5ed7f45f4ee35960cf22eade2076e95b253f,bloXroute: Regulated Builder
MEV Builder 31,default,0x690b9a9e9aa1c9db991c7721a92d351db4fac990,builder0x69
MEV Builder 31,default,0xaab27b150451726ec7738aa1d0a94505c8729bd1,Eden Network: Builder
MEV Builder 31,default,0xfeebabe6b0418ec13b30aadf129f5dcdd4f70cea,eth-builder
MEV Builder 31,default,0xdafea492d9c6733ae3d56b7ed1adb60692c98bc5,Flashbots: Builder
MEV Builder 31,default,0xb64a30399f7f6b0c154c2e7af0a3ec7b0a5b131a,Flashbots: Old Builder
MEV Builder 31,default,0x57865ba267d48671a41431f471933aec32a7c7d1,Manifold Finance: Builder
MEV Builder 31,default,0x000e633ddef00da46abd5044779257a64ead9bce,MEV Builder: 0x000...bce
MEV Builder 31,default,0x089780a88f35b58144aa8a9be654207a1afe7959,MEV Builder: 0x089...959
MEV Builder 31,default,0x1324c0fb6f45f3bf1aaa1fcdc08f17431f53ded7,MEV Builder: 0x13...eD7
MEV Builder 31,default,0x1d0124fee8dbe21884ab97adccbf5c55d768886e,MEV Builder: 0x1d0...86e
MEV Builder 31,default,0x25d88437df70730122b73ef35462435d187c466f,MEV Builder: 0x25D...66f
MEV Builder 31,default,0x3b64216ad1a58f61538b4fa1b27327675ab7ed67,MEV Builder: 0x3b...D67
MEV Builder 31,default,0x3b7faec3181114a99c243608bc822c5436441fff,MEV Builder: 0x3b...FfF
MEV Builder 31,default,0x473780deaf4a2ac070bbba936b0cdefe7f267dfc,MEV Builder: 0x473...dFc
MEV Builder 31,default,0x4a55474eacb48cefe25d7656db1976aa7ae70e3c,MEV Builder: 0x4A5...E3C
MEV Builder 31,default,0x57af10ed3469b2351ae60175d3c9b3740e1bb649,MEV Builder: 0x57...649
MEV Builder 31,default,0x6af43cc73c4a871274767887e8e39eeb540582a3,MEV Builder: 0x6a...2A3
MEV Builder 31,default,0x7316b4e0f0d4b19b4ac13895224cd522d785e51d,MEV Builder: 0x73...51D
MEV Builder 31,default,0x8d5998a27b3cdf33479b65b18f075e20a7aa05b9,MEV Builder: 0x8D...5b9
MEV Builder 31,default,0x9d8e2dc5615c674f329d18786d52af10a65af08b,MEV Builder: 0x9D8...08b
MEV Builder 31,default,0xa7fdca7aa0b69927a34ec48ddcfe3d4c66ff0d94,MEV Builder: 0xA7F...d94
MEV Builder 31,default,0xae08c571e771f360c35f5715e36407ecc89d91ed,MEV Builder: 0xae...1ed
MEV Builder 31,default,0xb646d87963da1fb9d192ddba775f24f33e857128,MEV Builder: 0xb64…128
MEV Builder 31,default,0xbaf6dc2e647aeb6f510f9e318856a1bcd66c5e19,MEV Builder: 0xBaF...e19
MEV Builder 31,default,0xbd3afb0bb76683ecb4225f9dbc91f998713c3b01,MEV Builder: 0xbd...b01
MEV Builder 31,default,0xc1612dc56c3e7e00d86c668df03904b7e59616c5,MEV Builder: 0xc16...6C5
MEV Builder 31,default,0xeeee8db5fc7d505e99970945a9220ab7992050e3,MEV Builder: 0xEe...0E3
