labelName,tabType,address,nameTag
MEV Bot 313,default,0xeb4c5ab9b36437f969888be99af42fc9087005a5,AMB Flashbot Helper
MEV Bot 313,default,0x9799b475dec92bd99bbdd943013325c36157f383,Fund: 0x979...383
MEV Bot 313,default,0x00000007f7a9056880d057f611e80c419f9b20c8,MEV Bot: 0x00...0c8
MEV Bot 313,default,0x0000009076d16e15bb69d35f4717e9d4268efc7b,MEV Bot: 0x00...c7B
MEV Bot 313,default,0x0000000000036414940324055c43e75f56b7d016,MEV Bot: 0x000...016
MEV Bot 313,default,0x0000000009cb38fb8a1bbb8ada23c8261118f019,MEV Bot: 0x000...019
MEV Bot 313,default,0x000000000085359dbc0eb45911e5f3f7a532a07e,MEV Bot: 0x000...07E
MEV Bot 313,default,0x000000000000084e91743124a982076c59f10084,MEV Bot: 0x000...084
MEV Bot 313,default,0x000000000a08a7ca00e4239dd97d8542c51b9086,MEV Bot: 0x000...086
MEV Bot 313,default,0x0000007c68390193776e8b44df3b698d311070b9,MEV Bot: 0x000...0B9
MEV Bot 313,default,0x00000000000123685885532dcb685c442dc83126,MEV Bot: 0x000...126
MEV Bot 313,default,0x0000000023191c8382251c0a1ae2f4db983d414c,MEV Bot: 0x000...14C
MEV Bot 313,default,0x00000000003eea204b86b877632d9ee88b179150,MEV Bot: 0x000...150
MEV Bot 313,default,0x000000004b614af95d1bb7c236a3aa800b722173,MEV Bot: 0x000...173
MEV Bot 313,default,0x0000000000d41c96294ccdac8612bdfe29c641af,MEV Bot: 0x000...1af
MEV Bot 313,default,0x0000000084f794716fa5485d1424b8bd562291f9,MEV Bot: 0x000...1f9
MEV Bot 313,default,0x00000000000c66b8cb2836c3620f88a9c812d208,MEV Bot: 0x000...208
MEV Bot 313,default,0x0000000000b92ac90d898eba87fa5f2483f32234,MEV Bot: 0x000...234
MEV Bot 313,default,0x00000000000a47b1298f18cf67de547bbe0d723f,MEV Bot: 0x000...23F
MEV Bot 313,default,0x0000000000a84d1a9b0063a910315c7ffa9cd248,MEV Bot: 0x000...248
MEV Bot 313,default,0x0000004f2f05a8223b89edb700848d70970742bf,MEV Bot: 0x000...2bF
MEV Bot 313,default,0x000000000dfde7deaf24138722987c9a6991e2d4,MEV Bot: 0x000...2D4
MEV Bot 313,default,0x00000000f6e788341c1acb3c2d49fa9263b8a2f7,MEV Bot: 0x000...2F7
MEV Bot 313,default,0x0000000050fd1220ecf21d84687ebad194fd537f,MEV Bot: 0x000...37F
MEV Bot 313,default,0x000000000b8a22fdae0233faa785df7974ff0391,MEV Bot: 0x000...391
MEV Bot 313,default,0x0000000000e43e0c383403dd18066ff60d5003b3,MEV Bot: 0x000...3b3
MEV Bot 313,default,0x0000000000710a9c1f6db5f504be77ffb3b583ec,MEV Bot: 0x000...3ec
MEV Bot 313,default,0x000000004b5ad44f70781462233d177d32d993f1,MEV Bot: 0x000...3f1
MEV Bot 313,default,0x0000000000208d4805eb97db796e74b48547445d,MEV Bot: 0x000...45d
MEV Bot 313,default,0x000000000000660def84e69995117c0176ba446e,MEV Bot: 0x000...46E
MEV Bot 313,default,0x00000000000062f06c7007906b2a4034fa5c4818,MEV Bot: 0x000...4818
MEV Bot 313,default,0x000000000003c42172c0bdd69d6afb6b0bf4b488,MEV Bot: 0x000...488
MEV Bot 313,default,0x000000000025d4386f7fb58984cbe110aee3a4c4,MEV Bot: 0x000...4c4
MEV Bot 313,default,0x0000000096b674bb0ea9c74c28be782bb48724de,MEV Bot: 0x000...4de
MEV Bot 313,default,0x000000000000f0bc41c73af48f022f8c27b5350e,MEV Bot: 0x000...50e
MEV Bot 313,default,0x0000000000cbba74c365869ae50225f5596ad59c,MEV Bot: 0x000...59c
MEV Bot 313,default,0x00000000b7ca7e12dcc72290d1fe47b2ef14c607,MEV Bot: 0x000...607
MEV Bot 313,default,0x00000000726422a6fecb4759b44d47e48cf746aa,MEV Bot: 0x000...6aa
MEV Bot 313,default,0x000000dce08f643423c0bec02b0799e37f076781,MEV Bot: 0x000...781
MEV Bot 313,default,0x00000000000080c886232e9b7ebbfb942b5987aa,MEV Bot: 0x000...7AA
MEV Bot 313,default,0x000000005736775feb0c8568e7dee77222a26880,MEV Bot: 0x000...880
MEV Bot 313,default,0x00000000174b0ba12b89da994258020837ad8818,MEV Bot: 0x000...8818
MEV Bot 313,default,0x00000000c2cf7648c169b25ef1c217864bfa38cc,MEV Bot: 0x000...8cC
MEV Bot 313,default,0x0000000000d9455cc7eb92d06e00582a982f68fe,MEV Bot: 0x000...8fe
MEV Bot 313,default,0x00000000002d383933aa1609f11d0afa4d5ea90a,MEV Bot: 0x000...90A
MEV Bot 313,default,0x000000000035b5e5ad9019092c665357240f594e,MEV Bot: 0x000...94e
MEV Bot 313,default,0x00000000116579a5ba59e2f22e77ede26809b970,MEV Bot: 0x000...970
MEV Bot 313,default,0x0000000099cb7fc48a935bceb9f05bbae54e8987,MEV Bot: 0x000...987
MEV Bot 313,default,0x00000000005b84b558de194b242f92b11f1469ca,MEV Bot: 0x000...9CA
MEV Bot 313,default,0x0000000089341e263b85d84a0eea39f47c37a9d2,MEV Bot: 0x000...9d2
MEV Bot 313,default,0x00000000000f45b418291a68f2646d0b1a303a1c,MEV Bot: 0x000...A1C
MEV Bot 313,default,0x00000000003b3cc22af3ae1eac0440bcee416b40,MEV Bot: 0x000...B40
MEV Bot 313,default,0x00000000500e2fece27a7600435d0c48d64e0c00,MEV Bot: 0x000...C00
MEV Bot 313,default,0x00000000cce816c69bfb52ffa225cb1f3ee04c71,MEV Bot: 0x000...c71
MEV Bot 313,default,0x0000000000e4cc48a5427ca0b9ed03b5bc501c97,MEV Bot: 0x000...C97
MEV Bot 313,default,0x0000000dc0cc877153e7e93870ad2a3382e99ca0,MEV Bot: 0x000...ca0
MEV Bot 313,default,0x000000000042c71e9b847fb1533270360a7b2cbf,MEV Bot: 0x000...Cbf
MEV Bot 313,default,0x00000000000747d525e898424e8774f7eb317d00,MEV Bot: 0x000...d00
MEV Bot 313,default,0x0000000765306855601b70d930ac579b23a18d44,MEV Bot: 0x000...D44
MEV Bot 313,default,0x0000000000005117dd3a72e64a705198753fdd54,MEV Bot: 0x000...d54
MEV Bot 313,default,0x000000a60073b3ab5258ec72f46c002ad912ed76,MEV Bot: 0x000...d76
MEV Bot 313,default,0x000000090629d24e9ebbd5bb2a714f21ecd6ed9a,MEV Bot: 0x000...d9a
MEV Bot 313,default,0x00000000009c7f96284472465e1b5c44e8cfcda1,MEV Bot: 0x000...DA1
MEV Bot 313,default,0x00000000000e1d0dabf7b7c7b68866fc940d0db8,MEV Bot: 0x000...Db8
MEV Bot 313,default,0x0000000000590b74eb97457bf7b3ff6d63c6fde2,MEV Bot: 0x000...de2
MEV Bot 313,default,0x00000000032962b51589768828ad878876299e14,MEV Bot: 0x000...e14
MEV Bot 313,default,0x00000000008c4fb1c916e0c88fd4cc402d935e7d,MEV Bot: 0x000...e7D
MEV Bot 313,default,0x000000000000006f6502b7f2bbac8c30a3f67e9a,MEV Bot: 0x000...E9a
MEV Bot 313,default,0x0000000000000eb4ec62758aae93400b3e5f7f18,MEV Bot: 0x000...f18
MEV Bot 313,default,0x0000000000007f150bd6f54c40a34d7c3d5e9f56,MEV Bot: 0x000...f56
MEV Bot 313,default,0x000000000755567f4924bf483bdf5a53ebc8ef64,MEV Bot: 0x000...f64
MEV Bot 313,default,0x0000000000a18ba8ff557c143927bd3b2593bf7a,MEV Bot: 0x000...F7A
MEV Bot 313,default,0x0000000000126f0ba49fbb414edc7041d1166ff4,MEV Bot: 0x000...FF4
MEV Bot 313,default,0x00000081c57cbc967248bea482c417207e84cffb,MEV Bot: 0x000...ffb
MEV Bot 313,default,0x0000e0ca771e21bd00057f54a68c30d400000000,MEV Bot: 0x0000E0C...000
MEV Bot 313,default,0x0055ae46f700bcc53b1b00483d64000d47007200,MEV Bot: 0x005...200
MEV Bot 313,default,0x00f3f73f07d9e9e797b82b00536e010018000000,MEV Bot: 0x00f3f...000
MEV Bot 313,default,0x018d5c4783f5317815f6e8168942a12adde3cd3c,MEV Bot: 0x018...D3C
MEV Bot 313,default,0x01a1527a5127f721a4c9ff955c93f6faef2f6deb,MEV Bot: 0x01a...deb
MEV Bot 313,default,0x01ba6660c1bf555cc1455a961dc8b4e5a95b0159,MEV Bot: 0x01b...159
MEV Bot 313,default,0x030d1cad9f917cab7356b6a266f8ea0b31093ae1,MEV Bot: 0x030...AE1
MEV Bot 313,default,0x0352086e5ce73fc2ec4c41fef56361f7def6ea91,MEV Bot: 0x035...a91
MEV Bot 313,default,0x04eb85ad427e7e6b3ffb67e049872210fd3fbae9,MEV Bot: 0x04e...aE9
MEV Bot 313,default,0x05e31b564e800d7da3389b1fb37835fc4bdb6fbf,MEV Bot: 0x05e...FBf
MEV Bot 313,default,0x063256feb7d31177d4a65f5b7e1d70fde85bc99d,MEV Bot: 0x06...99D
MEV Bot 313,default,0x07197a25bf7297c2c41dd09a79160d05b6232bcf,MEV Bot: 0x071...BcF
MEV Bot 313,default,0x07bae765074790b76c791834ab873be27493c163,MEV Bot: 0x07b...163
MEV Bot 313,default,0x09d5dad5a97e0431b974b211fc0082efb172cab7,MEV Bot: 0x09...AB7
MEV Bot 313,default,0x098fdb32ace942edc1355c0a78af2332b1ec6fef,MEV Bot: 0x098...Fef
MEV Bot 313,default,0x0a482d6499a3ea0d01bc60e42e6f1774ca7faf60,MEV Bot: 0x0A4...f60
MEV Bot 313,default,0x0bd30c34e4524df28d368d00c2feb534696d0bb7,MEV Bot: 0x0bd...bb7
MEV Bot 313,default,0x0c3de458b51a11da7d4616f42f66c861e3859d3e,MEV Bot: 0x0c3...D3E
MEV Bot 313,default,0x0eae044f00b0af300500f090ea00027097d03000,MEV Bot: 0x0ea...000
MEV Bot 313,default,0x0ef8b4525c69bfa7bdece3ab09f95bbf0944b783,MEV Bot: 0x0ef...783
MEV Bot 313,default,0x1316abcc2ab4ce7e937cd27707c54f6f6688a91b,MEV Bot: 0x131...91b
MEV Bot 313,default,0x160f5f00288e9e1cc8655b327e081566e580a71d,MEV Bot: 0x16...71D
MEV Bot 313,default,0x195acb4ef662cbae48db6a26c88b603c65090803,MEV Bot: 0x195...803
MEV Bot 313,default,0x1bea639199d4d37f4307b0e4441f4479bd9970e9,MEV Bot: 0x1Be...0E9
MEV Bot 313,default,0x1d6e8bac6ea3730825bde4b005ed7b2b39a2932d,MEV Bot: 0x1d6...32d
MEV Bot 313,default,0x1ebadd3e0bb6d4e9edb574c5f0b0edc23c815d95,MEV Bot: 0x1Eb...D95
MEV Bot 313,default,0x21dec254be248af0293a3c4f5bdb06d77c7e9e07,MEV Bot: 0x21...e07
MEV Bot 313,default,0x2242a7461c7bbd9202a97e967a0fbb8336ac863d,MEV Bot: 0x224...63d
MEV Bot 313,default,0x294e453c3f5758e562aa13c76ec376c70c0bdbad,MEV Bot: 0x294...bAD
MEV Bot 313,default,0x2ad9142941514c9550fd5d1b20baf9cb93a86847,MEV Bot: 0x2AD...847
MEV Bot 313,default,0x2d0f3b2abe9d61a21812023bb28cd2da7c3f30b9,MEV Bot: 0x2d0...0b9
MEV Bot 313,default,0x2ed5003ebb8c00002c20000d00004b3500f4398b,MEV Bot: 0x2e...98b
MEV Bot 313,default,0x2f1d79860cf6ea3f4b3b734153b52815773c0638,MEV Bot: 0x2f1...638
MEV Bot 313,default,0x33f4c006e6541cbaa3179b0978143e3ac3d70220,MEV Bot: 0x33F...220
MEV Bot 313,default,0x3445c9ee4d17ba579061beec736f81b6d96754cd,MEV Bot: 0x344...4cD
MEV Bot 313,default,0x35137b4c325c115a704cd23d5f2faf8777370d06,MEV Bot: 0x351...d06
MEV Bot 313,default,0x3700006fbcde59a8b3af2c134d00e9530000e379,MEV Bot: 0x370...379
MEV Bot 313,default,0x3773e380e06c6ec156116f77021862c45c6022bb,MEV Bot: 0x377...2bb
MEV Bot 313,default,0x39dbb8f23001445e43c269f1246809091be7da60,MEV Bot: 0x39d...A60
MEV Bot 313,default,0x39ee28ec61a63147fc822b9e40757be530eefa65,MEV Bot: 0x39e...a65
MEV Bot 313,default,0x3af4ea5614f21e23b2398a62e1e20fe3d8b2fb7f,MEV Bot: 0x3AF...B7F
MEV Bot 313,default,0x3b654e30633d44b05847aaf65cf1ad0c92bed248,MEV Bot: 0x3B6...248
MEV Bot 313,default,0x3e2766167aa2acb097c311d5a2e9eb17cad38b06,MEV Bot: 0x3E...B06
MEV Bot 313,default,0x4024fe8187f0f31e72914a7d5014b29a88f07747,MEV Bot: 0x402...747
MEV Bot 313,default,0x4083d4ef32631ed3394cc1b11efb03ceebcd2f6c,MEV Bot: 0x408...F6C
MEV Bot 313,default,0x40e645bc65035286de2009d717365d9640cc2b09,MEV Bot: 0x40E...b09
MEV Bot 313,default,0x42b2c65db7f9e3b6c26bc6151ccf30cce0fb99ea,MEV Bot: 0x42B...9EA
MEV Bot 313,default,0x43f53cc7eaa8526601a28eb7130b153d5c5fcc4f,MEV Bot: 0x43...c4f
MEV Bot 313,default,0x43cc953fb952d10c8f810267092fb12145d56d40,MEV Bot: 0x43...D40
MEV Bot 313,default,0x43f2dfc9f99eba7a52fdffe7f3ea2182324e8896,MEV Bot: 0x43F...896
MEV Bot 313,default,0x44ccdcd59984848a749e9f999b08f2b68153e123,MEV Bot: 0x44c...123
MEV Bot 313,default,0x456804481f237bbb1b0baf5bd606d481ad672048,MEV Bot: 0x456...048
MEV Bot 313,default,0x45716d9eddbc332df1d42b9f540fbebed671b20f,MEV Bot: 0x457...20F
MEV Bot 313,default,0x467c197bf259fe46232c142acda389fc0795c7f4,MEV Bot: 0x467...7f4
MEV Bot 313,default,0x46aa587c29aef0c5ca51e8e5716dc1be822d6f46,MEV Bot: 0x46a...F46
MEV Bot 313,default,0x46c4128981525aa446e02ffb2ff762f1d6a49170,MEV Bot: 0x46C...170
MEV Bot 313,default,0x48802e0ce5045beb5f00e19dab7174384c7e5b35,MEV Bot: 0x48...b35
MEV Bot 313,default,0x49307d775728daf1d4736ab762de0cefd035e323,MEV Bot: 0x493...323
MEV Bot 313,default,0x498e84899558545a0f6d4036bdb3a3842cf9b6d0,MEV Bot: 0x498...6D0
MEV Bot 313,default,0x499ac6f42c3d92a381437b63735ef7b547c31022,MEV Bot: 0x499...022
MEV Bot 313,default,0x499dd900f800fd0a2ed300006000a57f00fa009b,MEV Bot: 0x499...09b
MEV Bot 313,default,0x4a137fd5e7a256ef08a7de531a17d0be0cc7b6b6,MEV Bot: 0x4a1...6b6
MEV Bot 313,default,0x4a47615f0b239063992dddbee6844033c172f2b6,MEV Bot: 0x4A4...2B6
MEV Bot 313,default,0x4cadecc51feb5c1f6d9a902ecc817a1b8c2246f9,MEV Bot: 0x4ca…6F9
MEV Bot 313,default,0x4cb18386e5d1f34dc6eea834bf3534a970a3f8e7,MEV Bot: 0x4Cb...8e7
MEV Bot 313,default,0x4d246be90c2f36730bb853ad41d0a189061192d3,MEV Bot: 0x4d2...2d3
MEV Bot 313,default,0x4d638adb8c07a78655e9ae88641c4202774e6584,MEV Bot: 0x4d6...584
MEV Bot 313,default,0x4fce027bc57d7530b84527f4848983cece4df15e,MEV Bot: 0x4Fc...15e
MEV Bot 313,default,0x5050e08626c499411b5d0e0b5af0e83d3fd82edf,MEV Bot: 0x50...EDF
MEV Bot 313,default,0x507888e987257a8dde6f8afa46375cefe2cbf504,MEV Bot: 0x507...504
MEV Bot 313,default,0x51399b32cd0186bb32230e24167489f3b2f47870,MEV Bot: 0x513...870
MEV Bot 313,default,0x52ca1cb9fc6fbd1cfe5630e74de8738b517a367a,MEV Bot: 0x52...67a
MEV Bot 313,default,0x5463f5758093e6f5b33b13eaee4ca8ec2753733c,MEV Bot: 0x546...33C
MEV Bot 313,default,0x5492a302991751fd6b5c051d85be48acc9fec4d3,MEV Bot: 0x549...4D3
MEV Bot 313,default,0x553eea17185e5ae6bb72f9528a4c3fc1a844b859,MEV Bot: 0x553...859
MEV Bot 313,default,0x55eb58655f8202ff839487886fedba2a1eb7b2d7,MEV Bot: 0x55e...2d7
MEV Bot 313,default,0x563bdabaa8846ec445b25bfbed88d160890a02ed,MEV Bot: 0x563...2ed
MEV Bot 313,default,0x57c1e0c2adf6eecdb135bcf9ec5f23b319be2c94,MEV Bot: 0x57C...c94
MEV Bot 313,default,0x5aa3393e361c2eb342408559309b3e873cd876d6,MEV Bot: 0x5AA...6d6
MEV Bot 313,default,0x5cacdfb236e4bfdd5f9ed992a998cc99aed5b4d9,MEV Bot: 0x5ca...4d9
MEV Bot 313,default,0x5e767aa6204ece873c7d9405c4bca49cd3e0bf39,MEV Bot: 0x5E7...F39
MEV Bot 313,default,0x5f05a1e43e738efcd5227e65660a874050dda64c,MEV Bot: 0x5F0...64C
MEV Bot 313,default,0x60a1d9d5f6346aae41a18b08dcd0be48a74a3021,MEV Bot: 0x60a...021
MEV Bot 313,default,0x634ccb596def40fad8dde810a8f98d286a2a5b27,MEV Bot: 0x634...b27
MEV Bot 313,default,0x63deabf35a837314849d8be3e4557307a9f16a09,MEV Bot: 0x63d...a09
MEV Bot 313,default,0x64eb3f16bcc7cf02d4d9ace45535bf90ccb1d324,MEV Bot: 0x64...324
MEV Bot 313,default,0x66f049111958809841bbe4b81c034da2d953aa0c,MEV Bot: 0x66f...A0c
MEV Bot 313,default,0x689209519e78947d52b862748e059fad1238d689,MEV Bot: 0x689...689
MEV Bot 313,default,0x696713eaba8d603bab45e2c5820ef4c175c7a5e8,MEV Bot: 0x696...5e8
MEV Bot 313,default,0x6af1a16fde7346e7729fa921ad2ddf6a462061e2,MEV Bot: 0x6aF...1e2
MEV Bot 313,default,0x6b58007b960016b2f559dbfd809ac4dcb1febdfe,MEV Bot: 0x6B5...Dfe
MEV Bot 313,default,0x6c6b87d44d239b3750bf9badce26a9a0a3d2364e,MEV Bot: 0x6C6...64e
MEV Bot 313,default,0x6d660980b00c3405c2dec173cf2259b15572b9b5,MEV Bot: 0x6d6...9B5
MEV Bot 313,default,0x6ed51e4acca56d74076cdeb58337225b8aaf4abc,MEV Bot: 0x6ED...ABC
MEV Bot 313,default,0x6ee33c4a192118ea664612aec6f7b6e4aef78b87,MEV Bot: 0x6eE...b87
MEV Bot 313,default,0x6f87f1fbf96c1bb0b0cc9bf6a456566919900d3e,MEV Bot: 0x6f...d3E
MEV Bot 313,default,0x70d772361eb567eb45da56e147e5224e2abedeba,MEV Bot: 0x70d...EbA
MEV Bot 313,default,0x72bd67d7406d0c490b0ad0b8968f4beccdd494db,MEV Bot: 0x72b...4dB
MEV Bot 313,default,0x731ea79a1b2b90683507da2aab498bd8ff8f7ff1,MEV Bot: 0x731...ff1
MEV Bot 313,default,0x73f78d23370386cbcecd24ab3fa5da63be80f0e8,MEV Bot: 0x73F...0e8
MEV Bot 313,default,0x7404c78fc91908ee47b349224ed7715dfa40c4ba,MEV Bot: 0x74...4BA
MEV Bot 313,default,0x7436a14a8dbf6eba14f114cb71a3b6d4527b222a,MEV Bot: 0x743...22a
MEV Bot 313,default,0x74d8353a2ce55b41828075f406b0e42001bcd00b,MEV Bot: 0x74D...00b
MEV Bot 313,default,0x761d80987a36fc271875ea4de17539e8c82ae51d,MEV Bot: 0x761...51D
MEV Bot 313,default,0x775c559d9a48ce5a8444c1035c3a8921ab477b8e,MEV Bot: 0x77...b8e
MEV Bot 313,default,0x7719494eb8f3ca261f5c806d754853dc5ce2edf7,MEV Bot: 0x771...Df7
MEV Bot 313,default,0x7777777580290cede6e2121b846023fa1a1e4978,MEV Bot: 0x777...978
MEV Bot 313,default,0x77b285fbdb277e53ed29c9dda7c0aa6f2591b09d,MEV Bot: 0x77b...09d
MEV Bot 313,default,0x793ff66b5435a6de9d6d7e70c4c68522e8cd24e1,MEV Bot: 0x793...4E1
MEV Bot 313,default,0x79dd6397b1ce40d6ac14f361ff9f9836d0cff6e1,MEV Bot: 0x79D...6e1
MEV Bot 313,default,0x7c2347f23e11310e976532ff606688a57a77a535,MEV Bot: 0x7c2...535
MEV Bot 313,default,0x7cf09d7a9a74f746edcb06949b9d64bcd9d1604f,MEV Bot: 0x7Cf...04f
MEV Bot 313,default,0x7efd91c8ca31e7452c5c4de00a8ca1c18910a35f,MEV Bot: 0x7E...35F
MEV Bot 313,default,0x7e00009e6d00258407c50094680080f5830a00d9,MEV Bot: 0x7e0...0d9
MEV Bot 313,default,0x7f9a1c279e8bdbb326e453aebb3abba140458362,MEV Bot: 0x7F9...362
MEV Bot 313,default,0x8032eaede5c55f744387ca53aaf0499abcd783e5,MEV Bot: 0x803...3e5
MEV Bot 313,default,0x80d4230c0a68fc59cb264329d3a717fcaa472a13,MEV Bot: 0x80d...a13
MEV Bot 313,default,0x811213d2d0e26ecf65714074cef59119dd7f36d9,MEV Bot: 0x811...6D9
MEV Bot 313,default,0x81153f0889ab398c4acb42cb58b565a5392bba95,MEV Bot: 0x811...a95
MEV Bot 313,default,0x815b2ad3c669df996fc55a9472ad251312476898,MEV Bot: 0x815...898
MEV Bot 313,default,0x828a2d99bb1a31ca0eba80f3e01db8dae652a1e3,MEV Bot: 0x828...1E3
MEV Bot 313,default,0x83d159b6e661f7f7e56ee3cd35d8b45f73187967,MEV Bot: 0x83D...967
MEV Bot 313,default,0x842b9aa0e8e6eb77f16782bd27cb02a97002c4fc,MEV Bot: 0x842...4Fc
MEV Bot 313,default,0x8472ee188899569cf6ef42bb2038facae66972d2,MEV Bot: 0x847...2d2
MEV Bot 313,default,0x84783f7e102ac1e28abe254c7c27d4c01891ca2e,MEV Bot: 0x847...a2E
MEV Bot 313,default,0x85db6b36e3d7704d7f747430124af1af33c35ee1,MEV Bot: 0x85d...eE1
MEV Bot 313,default,0x85e5c6cffd260a7f153b1f34b36f6dbeba3e279e,MEV Bot: 0x85e...79e
MEV Bot 313,default,0x860bd2dba9cd475a61e6d1b45e16c365f6d78f66,MEV Bot: 0x860...F66
MEV Bot 313,default,0x8698d9d5ea99809c00426484a80be2add4e54581,MEV Bot: 0x869...581
MEV Bot 313,default,0x8788a7cfd63cf06d0d7716c6a66f54b58248c896,MEV Bot: 0x878...896
MEV Bot 313,default,0x87d9da48db6e1f925cb67d3b7d2a292846c24cf7,MEV Bot: 0x87d...cf7
MEV Bot 313,default,0x8a9bc155740b096575bfe1ee80f5783eefbbf1d2,MEV Bot: 0x8a9...1d2
MEV Bot 313,default,0x8aff5ca996f77487a4f04f1ce905bf3d27455580,MEV Bot: 0x8aF...580
MEV Bot 313,default,0x8b3400cf2dd7aa70f26b8a28b70c1d707e7945ff,MEV Bot: 0x8b3...5FF
MEV Bot 313,default,0x8b46e02e2ce66c041ddebeed9734a8deebf1a3ab,MEV Bot: 0x8b4...3Ab
MEV Bot 313,default,0x8c3635482f23bd108cfd941736fd15fbd59d53bc,MEV Bot: 0x8C3...3BC
MEV Bot 313,default,0x8e60b2b96ea901beb2cafd79b8d0ed249a5efd95,MEV Bot: 0x8e6...d95
MEV Bot 313,default,0x8f44e22ac221cc25a46289d1c307d4f34a4dd6c2,MEV Bot: 0x8f4...6c2
MEV Bot 313,default,0x91d63ec594be1d1cf809682688c69a6ae3cb83f7,MEV Bot: 0x91...3f7
MEV Bot 313,default,0x91000060399502550000007bbfba0052f47b008a,MEV Bot: 0x910...08a
MEV Bot 313,default,0x911605012f87a3017322c81fcb4c90ada7c09116,MEV Bot: 0x911...116
MEV Bot 313,default,0x93680291442381845d043e222790203ed34d20f4,MEV Bot: 0x93...0F4
MEV Bot 313,default,0x98c3d3183c4b8a650614ad179a1a98be0a8d6b8e,MEV Bot: 0x98c...b8e
MEV Bot 313,default,0x99999999d116ffa7d76590de2f427d8e15aeb0b8,MEV Bot: 0x999...0b8
MEV Bot 313,default,0x9a0ef593dcc6a77f80699c9fa00d1e138b67d832,MEV Bot: 0x9A0...832
MEV Bot 313,default,0x9aa954706326d900fd55e0928a92e3b93ad34dc9,MEV Bot: 0x9aa...Dc9
MEV Bot 313,default,0x9b64fcfb07a270c652b2faa06ce7e88606ff7a07,MEV Bot: 0x9b...A07
MEV Bot 313,default,0x9be4dd4724d9f13cc05ce25416d9f9bfccd443e0,MEV Bot: 0x9Be...3e0
MEV Bot 313,default,0x9e244643b91ecc1498718cb4f5d22d14a9b121a1,MEV Bot: 0x9e2...1a1
MEV Bot 313,default,0x9e9346e082d445f08fab1758984a31648c89241a,MEV Bot: 0x9E9...41A
MEV Bot 313,default,0x9f6551f1bfc4ee578801af5f7d778949ab0b507a,MEV Bot: 0x9F...07a
MEV Bot 313,default,0xa1dd4a2dce5cbaff022685a30ac7970ade5322eb,MEV Bot: 0xa1...2eb
MEV Bot 313,default,0xa1ba2e31d3b58c44293e54a90aaa817b14304e07,MEV Bot: 0xA1B...E07
MEV Bot 313,default,0xa3093b3469877d3ad3f8e51ddb30a80dbf1c5150,MEV Bot: 0xA3...150
MEV Bot 313,default,0xa57bd00134b2850b2a1c55860c9e9ea100fdd6cf,MEV Bot: 0xa57...6CF
MEV Bot 313,default,0xa69babef1ca67a37ffaf7a485dfff3382056e78c,MEV Bot: 0xA69...78C
MEV Bot 313,default,0xa75af537fb853bb432f6a51d47d70e349fffc6ba,MEV Bot: 0xA75...6Ba
MEV Bot 313,default,0xac9df97f9cd7a5f66913d107cddd00f40ac9ab4c,MEV Bot: 0xac9...b4c
MEV Bot 313,default,0xacd4ec996aad815efe72a11944188c6db6c30176,MEV Bot: 0xAcD...176
MEV Bot 313,default,0xaf9642bc3b0daf66a8930d17b99865944df4d60b,MEV Bot: 0xAf9...60b
MEV Bot 313,default,0xb0bababe78a9be0810fadf99dd2ed31ed12568be,MEV Bot: 0xb0...8bE
MEV Bot 313,default,0xb3fcd22ffd34d75c979d49e2e5fb3a3405644831,MEV Bot: 0xB3f...831
MEV Bot 313,default,0xb4247d5978060387c0fe91d13a90d5711f65b7ce,MEV Bot: 0xb42...7CE
MEV Bot 313,default,0xb4990d3044641456a2509ed0bd709f1176a6a7af,MEV Bot: 0xb49...7af
MEV Bot 313,default,0xb5c7ad3cb6506c65da01f2fac2e667dcb9e66e9c,MEV Bot: 0xB5c...e9c
MEV Bot 313,default,0xb6569481dccddd527c2b0e8ba32f494e52224ca1,MEV Bot: 0xb6...CA1
MEV Bot 313,default,0xb807aca3615bb8c93d32d7fb418e69370e1a7c86,MEV Bot: 0xb80...c86
MEV Bot 313,default,0xb91d9b045f8a64bca4c69625b00001109932be34,MEV Bot: 0xb91...e34
MEV Bot 313,default,0xba71b56fd0b590ed2a6992ed57a34c1391940513,MEV Bot: 0xBA7...513
MEV Bot 313,default,0xbadc0defafcf6d4239bdf0b66da4d7bd36fcf05a,MEV Bot: 0xbaD…05A
MEV Bot 313,default,0xbb552d1c03268594b673112009cdd46de0d3a02c,MEV Bot: 0xbB...02c
MEV Bot 313,default,0xbb5acd74d889da9102d97d5a14de49e6ce710851,MEV Bot: 0xbB5...851
MEV Bot 313,default,0xbee161c7ee275cc3c665bfc5370301b84cb4c356,MEV Bot: 0xbe...356
MEV Bot 313,default,0xbe69dde0a051e72e18871be52cf506e419058f11,MEV Bot: 0xBE6...f11
MEV Bot 313,default,0xbeefbabeea323f07c59926295205d3b7a17e8638,MEV Bot: 0xBEE...638
MEV Bot 313,default,0xbf61595c0f53f01e92cc210663dccd7ab237b1d9,MEV Bot: 0xBf6...1d9
MEV Bot 313,default,0xbf971824421fa3778cb638bdeb79b8d5223e0fe6,MEV Bot: 0xbF9...fE6
MEV Bot 313,default,0xbfef411d9ae30c5b471d529c838f1abb7b65d67f,MEV Bot: 0xbfe...67f
MEV Bot 313,default,0xc1374db508b7a3e0cdf061c8d8c1f7a260f231cd,MEV Bot: 0xc13...1cD
MEV Bot 313,default,0xc21b472e150669a9e20a1233cad67eced2851ec5,MEV Bot: 0xc21...ec5
MEV Bot 313,default,0xc2a54f74ebbbba5ed92d6a0b5dcb0b0ffb96f36e,MEV Bot: 0xc2A...36e
MEV Bot 313,default,0xc358848e138ab73bd5b9ffcced25517f71101fb0,MEV Bot: 0xc35...fb0
MEV Bot 313,default,0xc4595e3966e0ce6e3c46854647611940a09448d3,MEV Bot: 0xc459...8d3
MEV Bot 313,default,0xc5b97cc7718bc82cee93143d26fcfce2b6db96fd,MEV Bot: 0xc5...6FD
MEV Bot 313,default,0xc5ecee6d94f72b6c456e3032f383284cca36b70a,MEV Bot: 0xC5E...70a
MEV Bot 313,default,0xc6ccae10c4ce08ec0f604645ffd0daa3a6c9307a,MEV Bot: 0xC6c...07A
MEV Bot 313,default,0xc8046263d5b5544f6413a98b4693488499195a46,MEV Bot: 0xC80...A46
MEV Bot 313,default,0xc83d02d366b882202828f47a1c6fecb8fee1192e,MEV Bot: 0xc83...92e
MEV Bot 313,default,0xc90bffb8955e2d69780de7a43a11cf113d5e476d,MEV Bot: 0xc90...76d
MEV Bot 313,default,0xcadf4ffa3c2fc4784ba064928f403aee7b02d80e,MEV Bot: 0xCaD...80e
MEV Bot 313,default,0xcb3a0940df2781ed8c0d07c536f7cc39ed4d933b,MEV Bot: 0xcb3...33b
MEV Bot 313,default,0xcbd75d63f98c5ff5d7157edf06abef8a8325c24d,MEV Bot: 0xCbD...24d
MEV Bot 313,default,0xcda3d75a1a247bf3fa9efd0727db54d7cf0c90c2,MEV Bot: 0xCD...0C2
MEV Bot 313,default,0xcd9e13b2f3bfc26cd99989fb849a2751932595c4,MEV Bot: 0xCD9...5C4
MEV Bot 313,default,0xcf99a481076186a44070c3158cf75c8cf00f84fc,MEV Bot: 0xCF9...4FC
MEV Bot 313,default,0xd050e0a4838d74769228b49dff97241b4ef3805d,MEV Bot: 0xD0...05d
MEV Bot 313,default,0xd234ca832efbd43819dcc96e25d0586d4e5d976f,MEV Bot: 0xd23...76F
MEV Bot 313,default,0xd241ed81b52a1b67098072b73f22fda9d253e827,MEV Bot: 0xD24...827
MEV Bot 313,default,0xd434cea7207d2e330dd1129d777191dee6b7c37d,MEV Bot: 0xD43...37D
MEV Bot 313,default,0xd59e5b41482ee6283c22e1a6a20756da512ffa97,MEV Bot: 0xd59...a97
MEV Bot 313,default,0xd89a0a4f088d9e47710e14257d4c5a7f9fd63c6d,MEV Bot: 0xd89...c6d
MEV Bot 313,default,0xd8c07491caa1edf960db3ceff387426d53942ea0,MEV Bot: 0xd8c...ea0
MEV Bot 313,default,0xd911560979b78821d7b045c79e36e9cbfc2f6c6f,MEV Bot: 0xD91...C6F
MEV Bot 313,default,0xdd28d64e40e00af54a0b5147539a515c4a0bc1c5,MEV Bot: 0xDD2...1c5
MEV Bot 313,default,0xdd4d3ed43e53185f4dbc467151ab2cb3142def52,MEV Bot: 0xDd4...f52
MEV Bot 313,default,0xdfee68a9adb981cd08699891a11cabe10f25ec44,MEV Bot: 0xDFe...c44
MEV Bot 313,default,0xdff523be6002e59a4a2242d99afccb502d4ed020,MEV Bot: 0xDfF...020
MEV Bot 313,default,0xe06ffa8146bbdeccbaaf72b6043b29091071aeb8,MEV Bot: 0xE06...EB8
MEV Bot 313,default,0xe07025d4ce7881b7f50d4d6b954e43590dcb1092,MEV Bot: 0xe07...092
MEV Bot 313,default,0xe0a9efe32985cc306255b395a1bd06d21ccead42,MEV Bot: 0xe0a...d42
MEV Bot 313,default,0xe1f08d771fb7b248b3266b7f79a9eafba3147c2d,MEV Bot: 0xe1f...c2D
MEV Bot 313,default,0xe35f24470730f5a488da9721548c1ab0b65b53d5,MEV Bot: 0xe35...3d5
MEV Bot 313,default,0xe37b5e4de6c4c6e3a1b5d914722a7daaf37590d0,MEV Bot: 0xE37...0d0
MEV Bot 313,default,0xe8c060f8052e07423f71d445277c61ac5138a2e5,MEV Bot: 0xE8c...2e5
MEV Bot 313,default,0xe911519dc7f35996c6ad5c8a53e82b101af790d6,MEV Bot: 0xE9...0d6
MEV Bot 313,default,0xe9cbfec52ef797624ed941b0ed157607560f5167,MEV Bot: 0xE9...167
MEV Bot 313,default,0xe9137b423713667f6c3ac6565b81aa005640212c,MEV Bot: 0xe91...12C
MEV Bot 313,default,0xeb00c80f00ca1585000000b84f00940000ed40e5,MEV Bot: 0xEB0..0e5
MEV Bot 313,default,0xede2fafba9e23418485f49f052d0e1d332853e0f,MEV Bot: 0xEdE...E0F
MEV Bot 313,default,0xeeaa83b2d581a3a790774d4dae7bf354fffe3376,MEV Bot: 0xeEA...376
MEV Bot 313,default,0xeef86c2e49e11345f1a693675df9a38f7d880c8f,MEV Bot: 0xeef...c8f
MEV Bot 313,default,0xef1de056b83032d6d19796ef85e7e60d72281968,MEV Bot: 0xef1...968
MEV Bot 313,default,0xef6e90098e54aa0cbb26c5cc68e040a59fad8758,MEV Bot: 0xef6...758
MEV Bot 313,default,0xefe8abfb9684f621acc2524b841ead4a712e1fbb,MEV Bot: 0xeFe...FBB
MEV Bot 313,default,0xf1243ea5b8b1ec27ee03c1c158a86470726e2905,MEV Bot: 0xf12...905
MEV Bot 313,default,0xf17131e60edb07d73f812058d50992639987665b,MEV Bot: 0xF17...65B
MEV Bot 313,default,0xf249cec5882bf45c028550de230aeb1a8f905597,MEV Bot: 0xF24...597
MEV Bot 313,default,0xf2a0aaecaeef1a00d1eb6178fb30de5695519abf,MEV Bot: 0xF2a...aBF
MEV Bot 313,default,0xf2bdcb1ec8810c35bf9b947371820c199bd775db,MEV Bot: 0xf2b...5dB
MEV Bot 313,default,0xf3b2d1395cb4536a931b2fa53dc7687e4c6f5411,MEV Bot: 0xf3B...411
MEV Bot 313,default,0xf63c1cb797b78b54780df7efdf35378442d8392a,MEV Bot: 0xf6...92a
MEV Bot 313,default,0xf6d78d9c50ffbc2917e374fd185b8ff89c55effc,MEV Bot: 0xf6d...FFC
MEV Bot 313,default,0xf71530c1f043703085b42608ff9dcccc43210a8e,MEV Bot: 0xF71...a8E
MEV Bot 313,default,0xf7c517e7e545d8f3286d336372b65995b81b91c2,MEV Bot: 0xf7c...1c2
MEV Bot 313,default,0xf89bfb98e9a677ecd5b7606474c9cbe28b6735c4,MEV Bot: 0xF89...5c4
MEV Bot 313,default,0xfbf6b914a5c1355db7a6aa63df81f24aca987358,MEV Bot: 0xFbf...358
MEV Bot 313,default,0xff2fbc735d33ae830f056107f1b551783ec4ed5b,MEV Bot: 0xFf2...d5B
MEV Bot 313,default,0xff62dfadca3b5643d0b283571fe154d886580c0c,MEV Bot: 0xFf6...c0c
MEV Bot 313,default,0x93f9a668dccc090f63b0ec27d809527dc2f0ebba,Multichain (Anyswap): Whitehat Rescue 3
