labelName,tabType,address,nameTag
MiningPoolHub 8,default,0x3ecef08d0e2dad803847e052249bb4f8bff2d5bb,MiningPoolHub
MiningPoolHub 8,default,0xb2930b35844a230f00e51431acae96fe543a0347,MiningPoolHub: Old Address
MiningPoolHub 8,default,0x1a060b0604883a99809eb3f798df71bef6c358f1,MiningPoolHub: Old Address 2
MiningPoolHub 8,default,0x7a1458f33122080819a2483f2a16034cd8cb0b95,MiningPoolHub: Old Address 3
MiningPoolHub 8,default,0x6cafe7473925998db07a497ac3fd10405637a46d,MiningPoolHub: Old Address 4
MiningPoolHub 8,default,0x61bb630d3b2e8eda0fc1d50f9f958ec02e3969f6,MiningPoolHub: Old Address 5
MiningPoolHub 8,default,0x5c8bf7d294b002c52bd0ba0fb480c7b30d6a0fb2,MiningPoolHub: Old Address 6
MiningPoolHub 8,default,0xda466bf1ce3c69dbef918817305cf989a6353423,MiningPoolHub: Old Address 7
