labelName,tabType,address,nameTag
Mirror 25,default,0xc4e0f3ec24972c75df7c716922096f4270b7bb4e,Mirror: CROWDFUND_EDITIONS Token
Mirror 25,default,0x3527a204a5260a0e36ca695312379370328e4e6c,Mirror: Deployer
Mirror 25,default,0x15312b97389a1dc3bcaba7ae58ebbd552e606ed2,Mirror: Factory Contract
Mirror 25,default,0x9651b2a7aa9ed9635ce896a1af1a7d6294d5e902,Mirror: Mirror Team
Mirror 25,default,0x835f86ff1670917a786b72d1fd8dcc385e27dd77,Mirror: Reserve Auction V3
Mirror 25,default,0x138c3d30a724de380739aad9ec94e59e613a9008,Mirror: Treasury
Mirror 25,default,0x6da5f047b1ec9e822f132efdf02e76eddf29dbf5,Mirror: Write Distributor V1
Mirror 25,default,0x622236bb180256b6ae1a935dae08dc0356141632,Mirror: WRITE Token
