labelName,tabType,address,nameTag
Multisig 39,Main,0xcafe1a77e84698c83ca8931f54a755176ef75f2c,Aragon: Multisig
Multisig 39,Main,0x5894110995b8c8401bd38262ba0c8ee41d4e4658,Bancor: Multisig 1
Multisig 39,Main,0xcc1aac4513f751effc94e259daf8a37b76f9db75,Bancor: Multisig 3
Multisig 39,Main,0x4f8af8e8734d02a21d73e2a4fb29941f35cbbeac,Bancor: Multisig 4
Multisig 39,Main,0xc39e562defc6ddd1f44ee698cf9303092b86051d,Bancor: Multisig 5
Multisig 39,Main,0x2323763d78bf7104b54a462a79c2ce858d118f2f,Civic: Multisig
Multisig 39,Main,0x9a60ad6de185c4ea95058601beaf16f63742782a,Ethos: Multisig
Multisig 39,Main,0x851b7f3ab81bd8df354f0d7640efcd7288553419,Gnosis: Multisig 2
Multisig 39,Main,0x7e6614722614e434c4df9901bab31e466ba12fa4,Mysterium: Multisig
Multisig 39,Main,0xa33516e6f64c6c2869dff6744953a472cd60c8f6,Storj: Multisig 2
Multisig 39,Main,0x185f19b43d818e10a31be68f445ef8edcb8afb83,TenX: Multisig
Multisig 39,Others,0xcafe1a77e84698c83ca8931f54a755176ef75f2c,Aragon: Multisig
Multisig 39,Others,0x5894110995b8c8401bd38262ba0c8ee41d4e4658,Bancor: Multisig 1
Multisig 39,Others,0xcc1aac4513f751effc94e259daf8a37b76f9db75,Bancor: Multisig 3
Multisig 39,Others,0x4f8af8e8734d02a21d73e2a4fb29941f35cbbeac,Bancor: Multisig 4
Multisig 39,Others,0xc39e562defc6ddd1f44ee698cf9303092b86051d,Bancor: Multisig 5
Multisig 39,Others,0x2323763d78bf7104b54a462a79c2ce858d118f2f,Civic: Multisig
Multisig 39,Others,0x9a60ad6de185c4ea95058601beaf16f63742782a,Ethos: Multisig
Multisig 39,Others,0x851b7f3ab81bd8df354f0d7640efcd7288553419,Gnosis: Multisig 2
Multisig 39,Others,0x7e6614722614e434c4df9901bab31e466ba12fa4,Mysterium: Multisig
Multisig 39,Others,0xa33516e6f64c6c2869dff6744953a472cd60c8f6,Storj: Multisig 2
Multisig 39,Others,0x185f19b43d818e10a31be68f445ef8edcb8afb83,TenX: Multisig
