labelName,tabType,address,nameTag
Multichain 48,default,0x5c08b51ddbe8ba76e07be79975906c39aef2893a,
Multichain 48,default,0x3d7f0933ac403773d219cf0519de8082946dc10f,
Multichain 48,default,0xf99d58e463a2e07e5692127302c20a191861b4d6,AnySwap: ANY Token
Multichain 48,default,0x51600b0cff6bbf79e7767158c41fd15e968ec404,Multichain: anyBTC Token
Multichain 48,default,0xc10ef9f491c9b59f936957026020c321651ac078,Multichain: anyCall V6
Multichain 48,default,0x739ca6d71365a08f584c8fc4e1029045fa8abc4b,Multichain: anyDAI Token
Multichain 48,default,0x0615dbba33fe61a31c7ed131bda6655ed76748b1,Multichain: anyETH Token
Multichain 48,default,0x979aca85ba37c675e78322ed5d97fa980b9bdf00,Multichain: anyFSN Token
Multichain 48,default,0x0abcfbfa8e3fda8b7fba18721caf7d5cf55cf5f5,Multichain: anyLTC Token
Multichain 48,default,0x54f5a04417e29ff5d7141a6d33cb286f50d5d50e,Multichain: Anyswap Create2
Multichain 48,default,0x7ea2be2df7ba6e54b1a9c70676f668455e329d29,Multichain: anyUSDC Token
Multichain 48,default,0x22648c12acd87912ea1710357b1302c6a4154ebc,Multichain: anyUSDT Token
Multichain 48,default,0xfc7cc7c7e7985316d23104b9689c511134f59bc8,Multichain: Astar Bridge
Multichain 48,default,0x13b432914a996b0a48695df9b2d701eda45ff264,Multichain: BNB Bridge
Multichain 48,default,0x4464fc279180045b1f57beacfa0d82e9cd4235cd,Multichain: Deployer 1
Multichain 48,default,0x49addc76569402cf893c015ac69a177aaf4e822b,Multichain: Deployer 2
Multichain 48,default,0x8132d337977f8d145a7b9cfac393df123c0f0e43,Multichain: Deployer 3
Multichain 48,default,0xc564ee9f21ed8a2d8e7e76c085740d5e4c5fafbe,Multichain: Fantom Bridge
Multichain 48,default,0x87bcb3038988ca2a89605ffa8f237fb78df1c3ae,Multichain: Fuse Bridge
Multichain 48,default,0x46290b0c3a234e3d538050d8f34421797532a827,Multichain: Fusion Bridge
Multichain 48,default,0xd779967f8b511c5edf39115341b310022900efed,Multichain: Huobi Bridge
Multichain 48,default,0x923e0a17f49fb03d936f2af2d59d379c615f5447,Multichain: KCC Bridge
Multichain 48,default,0xec4486a90371c9b66f499ff3936f29f0d5af8b7e,Multichain: Moonbeam Bridge
Multichain 48,default,0x10c6b61dbf44a083aec3780acf769c77be747e23,Multichain: Moonriver Bridge
Multichain 48,default,0xe4cf417081a0ab3f964b44d904bc2b534351a9a7,Multichain: Oasis Network Bridge
Multichain 48,default,0x533e3c0e6b48010873b947bddc4721b1bdff9648,Multichain: Old BSC Bridge
Multichain 48,default,0xe95fd76cf16008c12ff3b3a937cb16cd9cc20284,Multichain: Router V3
Multichain 48,default,0x6b7a87899490ece95443e979ca9485cbe7e71522,Multichain: Router V4
Multichain 48,default,0x765277eebeca2e31912c9946eae1021199b39c61,Multichain: Router V4 2
Multichain 48,default,0xba8da9dcf11b50b03fd5284f164ef5cdef910705,Multichain: Router V6
Multichain 48,default,0x4e67df0f232c3bc985f8a63326d80ce3d9a40400,Multichain: Shiden Network Bridge
Multichain 48,default,0x8cc49fe67a4bd7a15674c4ffd4e969d94304bbbf,Multichain: Syscoin Bridge
Multichain 48,default,0x57ed6bd35a6ce815079855cd0b21331d1d5d0a0e,Multichain: Telos Bridge
Multichain 48,default,0xcdd83050f045ab31b884f0dc49581bc7b3e0b84c,Multichain: Velas Bridge
Multichain 48,default,0xb153fb3d196a8eb25522705560ac152eeec57901,Multichain: Wrapped Ether
Multichain 48,default,0x1722800c0f1bfdf916ef948ef7790a861e90d558,multiDAO
