labelName,tabType,address,nameTag
Multisig Owner 25,Main,0xc156c57231a9302d9f5c7b5ef22871cc25f40736,
Multisig Owner 25,Main,0xbffd447482bae149e9127106a117652a2b0e3116,
Multisig Owner 25,Main,0xc96004a52dc20be8cd322c22f0e06210628d0ac2,
Multisig Owner 25,Main,0xe442325f5827ec9567565a608614131cc09cb598,
Multisig Owner 25,Main,0x77217d89cd406ebe6744738da955065423551707,
Multisig Owner 25,Main,0x86fe8d6d4c8a007353617587988552b6921514cb,
Multisig Owner 25,Main,0xc2381378fd9f5b45717d2ca9c44c4f78861c3104,
Multisig Owner 25,Main,0x0cec743b8ce4ef8802cac0e5df18a180ed8402a7,Yearn: MultiSig Signer Milkyklim
Multisig Owner 25,Main,0x6e83d6f57012d74e0f131753f8b5ab557824507d,Yearn: MultiSig Signer Vasiliy Shapovalov
Multisig Owner 25,Others,0xc156c57231a9302d9f5c7b5ef22871cc25f40736,
Multisig Owner 25,Others,0xbffd447482bae149e9127106a117652a2b0e3116,
Multisig Owner 25,Others,0xe442325f5827ec9567565a608614131cc09cb598,
Multisig Owner 25,Others,0xc96004a52dc20be8cd322c22f0e06210628d0ac2,
Multisig Owner 25,Others,0x77217d89cd406ebe6744738da955065423551707,
Multisig Owner 25,Others,0x86fe8d6d4c8a007353617587988552b6921514cb,
Multisig Owner 25,Others,0xc2381378fd9f5b45717d2ca9c44c4f78861c3104,
Multisig Owner 25,Others,0x0cec743b8ce4ef8802cac0e5df18a180ed8402a7,Yearn: MultiSig Signer Milkyklim
Multisig Owner 25,Others,0x6e83d6f57012d74e0f131753f8b5ab557824507d,Yearn: MultiSig Signer Vasiliy Shapovalov
