labelName,tabType,address,nameTag
My Crypto Heroes 31,default,0xee6bd04c6164d7f0fa1cb03277c855639d99a7f6,MCH: Daily Action
My Crypto Heroes 31,default,0xfd0174784ebce943bdb8832ecdea9fea30e7c7a9,MCH: Daily Action 2
My Crypto Heroes 31,default,0x5e07b6f1b98a11f7e04e7ffa8707b63f1c177753,MCH: Daily Action 3
My Crypto Heroes 31,default,0x97d99db7a938ad4f6dd8d607deb2083f1b36db0b,MCH: EMONT Gateway
My Crypto Heroes 31,default,0xdceaf1652a131f32a821468dc03a92df0edd86ea,MCH: Extension
My Crypto Heroes 31,default,0x46fc7b42f4522bfbd8b4565130aaed1e407d9957,MCH: Extension Gateway 1
My Crypto Heroes 31,default,0xbe60333fe9d9d10d2801e11c2a0e5060c83c8b30,MCH: Extension Gateway 2
My Crypto Heroes 31,default,0x4ae0ede482f825fb9cccce8f0fe089f0379eaa2a,MCH: Gum Gateway 1
My Crypto Heroes 31,default,0x02ed6a253e406b8aff61dfbc808f57c98493c19d,MCH: Gum Gateway 10
My Crypto Heroes 31,default,0xa30cbce69f520bf2a34c5c15193b7f5afe427a26,MCH: Gum Gateway 2
My Crypto Heroes 31,default,0xc045c0bd4a26160a85039dbaf9c1ab4cd93249d3,MCH: Gum Gateway 3
My Crypto Heroes 31,default,0xadcd61c78f052cf38ab9e67c353dec1da14e04b3,MCH: Gum Gateway 4
My Crypto Heroes 31,default,0x20e94588391db2dce6570e700474fb6702942720,MCH: Gum Gateway 5
My Crypto Heroes 31,default,0x7a2ab08612bd07c8bf661883e21240f49b58e944,MCH: Gum Gateway 6
My Crypto Heroes 31,default,0x211b3c1f7893685e395553da61cf32c10764c23d,MCH: Gum Gateway 7
My Crypto Heroes 31,default,0xeb0860422043a0b8541356a7b6f671cba9e8f85a,MCH: Gum Gateway 8
My Crypto Heroes 31,default,0x88a386a12de4840160c4f16804be2a7dd1a30307,MCH: Gum Gateway 9
My Crypto Heroes 31,default,0x273f7f8e6489682df756151f5525576e322d51a3,MCH: Hero
My Crypto Heroes 31,default,0x138a35ee20e40f019e7e7c00386ab2ef42d66d1e,MCH: Hero Gateway 1
My Crypto Heroes 31,default,0x185b257aa51fdc45176cf1ffac6a0bfb5cf28afd,MCH: Hero Gateway 2
My Crypto Heroes 31,default,0x617913dd43dbdf4236b85ec7bdf9adfd7e35b340,MCH: Land
My Crypto Heroes 31,default,0x4a627b324189014fa757ed7cc730b180879232d7,MCH: Land Pool
My Crypto Heroes 31,default,0xd69f306549e9d96f183b1aeca30b8f4353c2ecc3,MCH: MCHC Token
My Crypto Heroes 31,default,0xe7af11370c3bab51230d8307454350bdf6d68f4a,MCH: Owner
My Crypto Heroes 31,default,0x946048a75af11c300a274344887ec39452218b3d,MCH: Presale
My Crypto Heroes 31,default,0xdee34cd48d77183b3e70f4f9ea2718c89bfefeb4,MCH: Prime
My Crypto Heroes 31,default,0xa1d2c7e6de2fa512f1fdf486ca17ab79b4dc5d01,MCH: Token Sale
