labelName,tabType,address,nameTag
Neo Tokyo 16,default,0x835a60cc60b808e47825daa79a9da6c9ff3a892e,Neo Tokyo: NEOTBI Token
Neo Tokyo 16,default,0x86357a19e5537a8fba9a004e555713bc943a66c0,Neo Tokyo: NEOTI Token
Neo Tokyo 16,default,0x698fbaaca64944376e2cdc4cad86eaa91362cf54,Neo Tokyo: NEOTOI Token
Neo Tokyo 16,default,0xab0b0dd7e4eab0f9e31a539074a03f1c1be80879,Neo Tokyo: NEOTV Token
Neo Tokyo 16,default,0xb668beb1fa440f6cf2da0399f8c28cab993bdd65,Neo Tokyo: NTCTZN Token
Neo Tokyo 16,default,0x0938e3f7ac6d7f674fed551c93f363109bda3af9,Neo Tokyo: NTITEM Token
Neo Tokyo 16,default,0x3c54b798b3aad4f6089533af3bdbd6ce233019bb,Neo Tokyo: NTLD Token
Neo Tokyo 16,default,0x7ac66d40d80d2d8d1e45d6b5b10a1c9d1fd69354,Neo Tokyo: NTOITEM Token
