labelName,tabType,address,nameTag
OKX 26,default,0x6cc5f688a315f3dc28a7781717a9a798a59fda7b,OKX
OKX 26,default,0xc5451b523d5fffe1351337a221688a62806ad91a,OKX 10
OKX 26,default,0x42436286a9c8d63aafc2eebbca193064d68068f2,OKX 11
OKX 26,default,0x69a722f0b5da3af02b4a205d6f0c285f4ed8f396,OKX 12
OKX 26,default,0xc708a1c712ba26dc618f972ad7a187f76c8596fd,OKX 13
OKX 26,default,0x6fb624b48d9299674022a23d92515e76ba880113,OKX 14
OKX 26,default,0xf59869753f41db720127ceb8dbb8afaf89030de4,OKX 15
OKX 26,default,0x65a0947ba5175359bb457d3b34491edf4cbf7997,OKX 16
OKX 26,default,0x4d19c0a5357bc48be0017095d3c871d9afc3f21d,OKX 17
OKX 26,default,0x5c52cc7c96bde8594e5b77d5b76d042cb5fae5f2,OKX 18
OKX 26,default,0xe9172daf64b05b26eb18f07ac8d6d723acb48f99,OKX 19
OKX 26,default,0x236f9f97e0e62388479bf9e5ba4889e46b0273c3,OKX 2
OKX 26,default,0x7eb6c83ab7d8d9b8618c0ed973cbef71d1921ef2,OKX 20
OKX 26,default,0xa7efae728d2936e78bda97dc267687568dd593f3,OKX 3
OKX 26,default,0x2c8fbb630289363ac80705a1a61273f76fd5a161,OKX 4
OKX 26,default,0x59fae149a8f8ec74d5bc038f8b76d25b136b9573,OKX 5
OKX 26,default,0x98ec059dc3adfbdd63429454aeb0c990fba4a128,OKX 6
OKX 26,default,0x5041ed759dd4afc3a72b8192c143f72f4724081a,OKX 7
OKX 26,default,0xcba38020cd7b6f51df6afaf507685add148f6ab6,OKX 8
OKX 26,default,0x461249076b88189f8ac9418de28b365859e46bfd,OKX 9
OKX 26,default,0xc5a93444cc4da6efb9e6fc6e5d3cb55a53b52396,OKX: Deposit Funder
OKX 26,default,0x89fd00b8d2dcee0f40d8699970115bb861241a54,OKX: Deposit Funder 3
OKX 26,default,0xaad8ad7dfa05bc354e011890dd61636842c2cb96,OKX: Deposit Funder 4
OKX 26,default,0x24c654f6b143dc5cae3c02fbb527ca63aa555dbc,OKX: Deposit Supplier
OKX 26,default,0x75231f58b43240c9718dd58b4967c5114342a86c,OKX: OKB Token
