labelName,tabType,address,nameTag
OMG Network 16,Main,0x22405c1782913fb676bc74ef54a60727b0e1026f,OMG Network V1: Authority
OMG Network 16,Main,0x070cb1270a4b2ba53c81cef89d0fd584ed4f430b,OMG Network V1: ERC-20 Vault
OMG Network 16,Main,0x3eed23ea148d356a72ca695dbce2fceb40a32ce0,OMG Network V1: ETH Vault
OMG Network 16,Main,0x48d7a6bbc428bca019a560cf3e8ea5364395aad3,OMG Network V1: Exit Game
OMG Network 16,Main,0x0d4c1222f5e839a911e2053860e45f18921d72ac,OMG Network V1: Plasma Framework
OMG Network 16,Main,0xd26114cd6ee289accf82350c8d8487fedb8a0c07,OMG Network: OMG Token
OMG Network 16,Main,0x79dac4c6aaff683328b9d000ffd5030c8b1e9df2,OMG Network: ROCK Token
OMG Network 16,Others,0xdc1664458d2f0b6090bea60a8793a4e66c2f1c00,OMG Network: Boba Gateway
OMG Network 16,Others,0x140427a7d27144a4cda83bd6b9052a63b0c5b589,OMG Network: Deployer
OMG Network 16,Others,0x13f6d257d0f43686b8163aadfe68618a035fff14,OMG Network: Deployer 2
OMG Network 16,Others,0x27b4c9e627f66eb3c7bf0e98751bd721615d3b21,OMG Network: Deployer 3
OMG Network 16,Others,0x18c1b1a32c0bf7f7b953d83bcf6577a38197066b,OMG Network: Deployer 4
OMG Network 16,Others,0xd876aeb3a443fbc03b7349aac115e9054563cd82,OMG Network: ERC 20 Deposit Verifier
OMG Network 16,Others,0x649f37203c365de759c8fc8ca35bebf5448f70be,OMG Network: ETH Deposit Verifier
