labelName,tabType,address,nameTag
Open Grants 22,default,0x05067ca799773955624b6848bfe052e083c0c179,
Open Grants 22,default,0xb4fa08c48b180fc944efbb3dba6d501338a74ea1,
Open Grants 22,default,0x53e7daa8e3aa23cd30c75b2f599c303bada17064,Open Grants: ETH2 Development (Dec 2020)
Open Grants 22,default,0x0dc5be1ec768b7a1bbc20b2b6129536184d85766,Open Grants: Eth2 Development (June 2021)
Open Grants 22,default,0x834092b565000c23acb6707bf62c69ce27ff4eda,Open Grants: ETHLocal Round 1
Open Grants 22,default,0xb775d97b05eedd266f69e4ea7ee2219e947fcbce,Open Grants: Open Grants Maintenance
Open Grants 22,default,0x9eda313cf60f1d004e493fcc123d64c21ef7e6a7,Open Grants: zktube
