labelName,tabType,address,nameTag
OpenSea 18,default,0x1e0049783f008a0085193e00003d00cd54003c71,OpenSea: Conduit
OpenSea 18,default,0x939c8d89ebc11fa45e576215e2353673ad0ba18a,OpenSea: Deployer
OpenSea 18,default,0x9c4e9cce4780062942a7fe34fa2fa7316c872956,OpenSea: ENS Resolver
OpenSea 18,default,0x8de9c5a032463c561423387a9648c5c7bcc5bc90,OpenSea: Fees
OpenSea 18,default,0x34ba0f2379bf9b81d09f7259892e26a8b0885095,OpenSea: Fees 2
OpenSea 18,default,0x0000a26b00c1f0df003000390027140000faa719,OpenSea: Fees 3
OpenSea 18,default,0x495f947276749ce646f68ac8c248420045cb7b5e,OpenSea: OPENSTORE Token
OpenSea 18,default,0x004c00500000ad104d7dbd00e3ae0a5c00560c00,OpenSea: Pausable Zone
OpenSea 18,default,0x18c2e87d183c5338a9142f97db176f3832b1d6de,OpenSea: Payments
OpenSea 18,default,0xa5409ec958c83c3f309868babaca7c86dcb077c1,OpenSea: Registry
OpenSea 18,default,0x9b814233894cd227f561b78cc65891aa55c62ad2,OpenSea: Royalties Distributor
OpenSea 18,default,0x0000000000c2d145a2526bd8c716263bfebe1a72,OpenSea: Transfer Helper
OpenSea 18,default,0x5b3256965e7c3cf26e11fcaf296dfc8807c01073,OpenSea: Wallet
OpenSea 18,default,0x7be8076f4ea4a4ad08075c2508e481d6c946d12b,OpenSea: Wyvern Exchange v1
OpenSea 18,default,0x7f268357a8c2552623316e2562d90e642bb538e5,OpenSea: Wyvern Exchange v2
OpenSea 18,default,0x00005ea00ac477b1030ce78506496e8c2de24bf5,SeaDrop
