labelName,tabType,address,nameTag
Opportunist 9,default,0x57e04786e231af3343562c062e0d058f25dace9e,
Opportunist 9,default,0xcba9b1fd69626932c704dac4cb58c29244a47fd3,
Opportunist 9,default,0x1d371cf00038421d6e57cfc31eeff7a09d4b8760,
Opportunist 9,default,0xadbab4f38ff9dcd71886f43b148bcad4a3081fb9,
Opportunist 9,default,0x358abccb4f5bb715482271890929fdabb3015878,BT.Finance Exploiter
Opportunist 9,default,0x1c84a6d53f8950cd06a4016e5f547a089dd7b6fb,Insider Trading Investigation: 0x1c8...6fb
Opportunist 9,default,0xb1a22cc48f6784f629a994917cd6474923630c48,OpenSea Opportunistic Buyer
Opportunist 9,default,0x51841d9afe10fe55571bdb8f4af1060415003528,Resident Arbitrageur
