labelName,tabType,address,nameTag
Oracle DAO 26,default,0x2c6c5809a257ea74a2df6d20aee6119196d4bea0,Bankless DAO: Oracle DAO Node
Oracle DAO 26,default,0xed7820defdffd1ec5ac922a0db721308fdaf509c,Bankless DAO: Oracle DAO Rewards
Oracle DAO 26,default,0xd7f94c53691afb5a616c6af96e7075c1ffa1d8ee,beaconcha.in: Oracle DAO Node
Oracle DAO 26,default,0xb13fa6eff52e6db8e9f0f1b60b744a9a9a01425a,Blockchain Capital: Oracle DAO Node
Oracle DAO 26,default,0x9e3421274fb4053a83917d62bd368332e9e71fe0,Blockchain Capital: Oracle DAO Rewards
Oracle DAO 26,default,0xdf590a63b91e8278a9102bee9aafd444f8a4b780,Consensys: Oracle DAO Node
Oracle DAO 26,default,0x5bc5ec5130f66f13d5c21ac6811a7e624ed3c7c6,Consensys: Oracle DAO Rewards
Oracle DAO 26,default,0x1df9a4f9421ae6306bc7b171dff8470640f96e72,CryptoManufaktur: Oracle DAO Node
Oracle DAO 26,default,0xaf820bb236fde6f084641c74a4c62fa61d10b293,Etherscan: Oracle DAO Node
Oracle DAO 26,default,0x0807e8c52b7a5c339d3ec7385a11b29f0559a56e,Etherscan: Oracle DAO Rewards
Oracle DAO 26,default,0x751683968fd078341c48b90bc657d6babc2339f7,EthStaker: Oracle DAO Node
Oracle DAO 26,default,0x9c69e7fce961fd837f99c808ad75ed39a2c549cb,Fire Eyes DAO: Oracle DAO Node
Oracle DAO 26,default,0xd3da82834a619bc2e5d2c7f9ace101a43a44cd8d,Fire Eyes DAO: Oracle DAO Rewards
Oracle DAO 26,default,0xc5d291607600044348e5014404cc18394bd1d57d,Lighthouse: Oracle DAO Node
Oracle DAO 26,default,0x273e82c4b0661b3d656e9353f7c8643723f93ca2,Lighthouse: Oracle DAO Rewards
Oracle DAO 26,default,0xb3a533098485bede3cb7fa8711af84fe0bb1e0ad,Nimbus: Oracle DAO Node
Oracle DAO 26,default,0x95ffccd818e469844ccd94b96ed0d325aaeb87a2,Nimbus: Oracle DAO Rewards
Oracle DAO 26,default,0xfe1f75e8e3c4516c8526911f9cec0f0570588aea,Rocket Pool: Oracle DAO Node 1
Oracle DAO 26,default,0xccbff44e0f0329527feb0167bc8744d7d5aed3e9,Rocket Pool: Oracle DAO Node 2
Oracle DAO 26,default,0x8b371a3bbe75ee4746a191aee69400f8ebb99eeb,Rocket Pool: Oracle DAO Node 3
Oracle DAO 26,default,0x8d074ad69b55dd57da2708306f1c200ae1803359,Rocket Pool: Oracle DAO Node 4
Oracle DAO 26,default,0xd2a4848a6644749e652c1d9398b5aa317f57395b,Rocket Pool: Oracle DAO Rewards 1
Oracle DAO 26,default,0x2a1af071ef61a7003fa57df47d93ad82b66344b7,Rocket Pool: Oracle DAO Rewards 4
Oracle DAO 26,default,0xb8e783882b11ff4f6cef3c501ea0f4b960152cc9,Rocket Pool: Trusted Node
Oracle DAO 26,default,0x5b9b2494060138470a2b834f6003c0343a585349,Rocket Pool: Trusted Node Actions
