labelName,tabType,address,nameTag
Oracle 36,default,0x10d2f250a30dc78f3b418730e6aae4c1cf695889,Atomic Loans: Medianizer
Oracle 36,default,0x472c31697633dacd24c4674b4571d4a393d54870,NEST Protocol: Guardian Node Allocation
Oracle 36,default,0x99bd363a144fb61feae863b182f1f200667a1879,NEST Protocol: nToken Oracle
Oracle 36,default,0x2a7a0d0065966f80d0277b4aa0c1f699f09b681a,NEST Protocol: nToken Oracle 2
Oracle 36,default,0xc40d7b9ca90eaca4a6e067b6ec689fd29f4a8b3c,NEST Protocol: nToken Oracle 3
Oracle 36,default,0x43d99d54f14c64994fd9666beab6023b0069de20,NEST Protocol: Oracle
Oracle 36,default,0x7722891ee45ad38ae05bda8349ba4cf23cfd270f,NEST Protocol: Oracle Call
Oracle 36,default,0xc83e009c7794e8f6d1954dc13c23a35fc4d039f6,NEST Protocol: Oracle ETH/USDT
Oracle 36,default,0x7054e08461e3ecb7718b63540addb3c3a1746415,Opyn: Oracle
Oracle 36,default,0x8316b082621cfedab95bf4a44a1d4b64a6ffc336,Proof Suite: OrFeed v0.2
Oracle 36,default,0xac1ed4fabbd5204e02950d68b6fc8c446ac95362,Synthetix: Oracle
