labelName,tabType,address,nameTag
Orchid 7,default,0x2b1ce95573ec1b927a90cb488db113b40eeb064a,Orchid: Deployer
Orchid 7,default,0x918101fb64f467414e9a785af9566ae69c3e22c5,Orchid: Directory
Orchid 7,default,0xef7bc12e0f6b02fe2cb86aa659fdc3ebb727e0ed,Orchid: Location
Orchid 7,default,0xb02396f06cc894834b7934ecf8c8e5ab5c1d12f1,Orchid: Nanopayment
Orchid 7,default,0x6aa30a9619bfc5e539aeaf1027b5cc259a120178,Orchid: Old Contract
Orchid 7,default,0x4575f41308ec1483f3d399aa9a2826d74da13deb,Orchid: OXT Token
