labelName,tabType,address,nameTag
OTC 16,default,0x1151314c646ce4e0efd76d1af4760ae66a9fe30f,Bitfinex 1
OTC 16,default,0x5d509a25f25190e77a1e46e72333788b1f069ce1,Counter Network
OTC 16,default,0xe17ee7b3c676701c66b395a35f0df4c2276a344e,DigiFinex
OTC 16,default,0xd628f7c481c7dd87f674870bec5d7a311fb1d9a2,Genesis Trading: OTC Desk
OTC 16,default,0x0548f59fee79f8832c299e01dca5c76f034f558e,Genesis Trading: OTC Desk 2
OTC 16,default,0x204b937feaec333e9e6d72d35f1d131f187ecea1,HEXOTC
OTC 16,default,0xab5c66752a9e8167967685f1450532fb96d5d24f,Huobi 1
OTC 16,default,0x867ffb5a3871b500f65bdfafe0136f9667deae06,LocalEthereum 1
OTC 16,default,0xd924bdd6fa7fd3d0eb1337853a814a4263dcbfe8,Rhino.fi: OTC
