labelName,tabType,address,nameTag
ParaSwap 10,Main,0x1bd435f3c054b6e901b7b108a0ab7617c808677b,ParaSwap P4
ParaSwap 10,Main,0x86969d29f5fd327e1009ba66072be22db6017cc6,ParaSwap V1
ParaSwap 10,Main,0x9509665d015bfe3c77aa5ad6ca20c8afa1d98989,ParaSwap V2
ParaSwap 10,Main,0xf90e98f3d8dce44632e5020abf2e122e0f99dfab,ParaSwap V3
ParaSwap 10,Others,0x1bd435f3c054b6e901b7b108a0ab7617c808677b,ParaSwap P4
ParaSwap 10,Others,0x86969d29f5fd327e1009ba66072be22db6017cc6,ParaSwap V1
ParaSwap 10,Others,0x9509665d015bfe3c77aa5ad6ca20c8afa1d98989,ParaSwap V2
ParaSwap 10,Others,0xf90e98f3d8dce44632e5020abf2e122e0f99dfab,ParaSwap V3
ParaSwap 10,Legacy,0x6b158039b9678b7452f311deb12dd08c579dad26,ParaSwap: Old Contract
ParaSwap 10,Legacy,0x72338b82800400f5488eca2b5a37270ba3b7a111,ParaSwap: Old Contract 2
ParaSwap 10,Legacy,0xf92c1ad75005e6436b4ee84e88cb23ed8a290988,ParaSwap: Old Contract 3
