labelName,tabType,address,nameTag
PoolTogether 62,default,0xbc82221e131c082336cf698f0ca3ebd18afd4ce7,PoolTogether: COMP Prize Pool
PoolTogether 62,default,0x3ec4694b65e41f12d6b5d5ba7c2341f4d6859773,PoolTogether: COMP Prize Strategy
PoolTogether 62,default,0x55189c8836a7b3998935683f5afacee733b5fd20,PoolTogether: Compound Prize Pool Builder
PoolTogether 62,default,0xaf1610d242c7cdd30c546844af75c147c12e94f9,PoolTogether: Contract
PoolTogether 62,default,0xf5ff8c8d23b70dcaa8eea48c9d1a6e0d64ad59cc,PoolTogether: Controlled Token Builder
PoolTogether 62,default,0x29fe7d60ddf151e5b52e5fab4f1325da6b2bd958,PoolTogether: DAI
PoolTogether 62,default,0xebfb47a7ad0fd6e57323c8a42b2e5a6a4f68fc1a,PoolTogether: DAI Prize Pool
PoolTogether 62,default,0x178969a87a78597d303c47198c66f68e8be67dc2,PoolTogether: DAI Prize Strategy
PoolTogether 62,default,0x567fb0238d73fcf4db40c3bd83433b9a39284cae,PoolTogether: Deployer
PoolTogether 62,default,0xe0f4217390221af47855e094f6e112d43c8698fe,PoolTogether: Deployer 3
PoolTogether 62,default,0x4e869b3a0978fa61dabd7da8f9b272aadc745fb3,PoolTogether: ERC721 Controlled Factory
PoolTogether 62,default,0x3545192b340f50d77403dc0a64cf2b32f03d00a9,PoolTogether: Lawyer Token
PoolTogether 62,default,0x4fc604536134dc64718800361ecbca0df6cbfe08,PoolTogether: Legacy
PoolTogether 62,default,0x2c2a966b7f5448a36ec9f896088dfb99b21d8a24,PoolTogether: Loot Box Controller
PoolTogether 62,default,0x4d695c615a7aacf2d7b9c481b66045bb2457dfde,PoolTogether: Loot Box ERC721
PoolTogether 62,default,0xfe7205df55ba42c8801e44b55bf05f06cce8565e,PoolTogether: Loot Box Prize Strategy Listener
PoolTogether 62,default,0x25e6a78d93d2935a638fdbd684e7b39565d0b7ea,PoolTogether: Loot Prize Listener Factory
PoolTogether 62,default,0x3a1bc60023cf439335a984d153e02c62f515446e,PoolTogether: Multiple Winners Builder
PoolTogether 62,default,0xbeb9d5538f6454d6ca82e9e901453986abda1e7a,PoolTogether: Multiple Winners Pool Builder
PoolTogether 62,default,0x98ea2d8438f70ce876c2db26fc494cfed10b4cd7,PoolTogether: MultiSig
PoolTogether 62,default,0x77383badb05049806d53e9def0c8128de0d56d90,PoolTogether: Multisig 1
PoolTogether 62,default,0x029aa20dcc15c022b1b61d420aacf7f179a9c73f,PoolTogether: Multisig 2
PoolTogether 62,default,0x71fc2e52d426c852e06172c3a00180d5e9f8a70c,PoolTogether: Permit Deposit Dai
PoolTogether 62,default,0x49d716dfe60b37379010a75329ae09428f17118d,PoolTogether: plDai Token
PoolTogether 62,default,0xfe6892654cbb05eb73d28dcc1ff938f59666fe9f,PoolTogether: plSai Token
PoolTogether 62,default,0xbd87447f48ad729c5c4b8bcb503e1395f62e8b98,PoolTogether: plUsdc Token
PoolTogether 62,default,0xb09e09b309273b07516fe6ab3437dbb500fe2b12,PoolTogether: Pool Manager
PoolTogether 62,default,0x0cec1a9154ff802e7934fc916ed7ca50bde6844e,PoolTogether: POOL Token
PoolTogether 62,default,0xb1d89477d1b505c261bab6e73f08fa834544cd21,PoolTogether: RNG Blockhash
PoolTogether 62,default,0xb2dc5571f477b1c5b36509a71013bfedd9cc492f,PoolTogether: RNG Chainlink
PoolTogether 62,default,0xb7896fce748396ecfc240f5a0d3cc92ca42d7d84,PoolTogether: SAI
PoolTogether 62,default,0xf4660841400ffe067c7172934f31b43e0cbe359f,PoolTogether: Stake Prize Pool Builder
PoolTogether 62,default,0x0650d780292142835f6ac58dd8e2a336e87b4393,PoolTogether: UNI Prize Pool
PoolTogether 62,default,0xe8726b85236a489a8e84c56c95790d07a368f913,PoolTogether: UNI Prize Strategy
PoolTogether 62,default,0xbb6365bf44c63971a948d95d80f77ba3e76489df,PoolTogether: Upgradeable Proxy
PoolTogether 62,default,0x0034ea9808e620a0ef79261c51af20614b742b24,PoolTogether: USDC
PoolTogether 62,default,0xde9ec95d7708b8319ccca4b8bc92c0a3b70bf416,PoolTogether: USDC Prize Pool
PoolTogether 62,default,0x3d9946190907ada8b70381b25c71eb9adf5f9b7b,PoolTogether: USDC Prize Strategy
PoolTogether 62,default,0x801b4872a635dccc7e679eeaf04bef08e562972a,PoolTogether: v2-v3 Migration
PoolTogether 62,default,0xe2177d475609b4a52c2bebcd642a798049d04c45,PoolTogether: v3 COMP Sponsorship
PoolTogether 62,default,0x27b85f596feb14e4b5faa9671720a556a7608c69,PoolTogether: v3 COMP Ticket
PoolTogether 62,default,0x0a2e7f69fe9588fa7fba5f5864236883cd4aac6d,PoolTogether: v3 DAI Sponsorship
PoolTogether 62,default,0x334cbb5858417aee161b53ee0d5349ccf54514cf,PoolTogether: v3 DAI Ticket
PoolTogether 62,default,0x5cfb96a0475afa385d28320de2aa1a21aa947c05,PoolTogether: v3 UNI Sponsorship
PoolTogether 62,default,0xa92a861fc11b99b24296af880011b47f9cafb5ab,PoolTogether: v3 UNI Ticket
PoolTogether 62,default,0x391a437196c81eea7bbbbd5ed4df6b49de4f5c96,PoolTogether: v3 USDC Sponsorship
PoolTogether 62,default,0xd81b1a8b1ad00baa2d6609e0bae28a38713872f7,PoolTogether: v3 USDC Ticket
PoolTogether 62,default,0x1469c3c2f8cbacafced0a271711e3491700b4f5d,PoolTogether: Vault Prize Pool Builder
