labelName,tabType,address,nameTag
Protocol 134,default,0xa59075221b50c598aed0eae0bb9869639513af0d,Arbitrum Nova: Challenge Manager
Protocol 134,default,0xc4448b71118c9071bcb9734a0eac55d18a153949,Arbitrum Nova: Delayed Inbox
Protocol 134,default,0x7adca86896c4220f19b2f7f9746e7a99e57b0fc5,Arbitrum Nova: One Step Proof Entry
Protocol 134,default,0x8323b58c522690e6afae94044825f0c79a93d236,Arbitrum Nova: One Step Prover 0
Protocol 134,default,0x9cbc3f14a57ce6ead0e770f528e2f1e8b8c37613,Arbitrum Nova: One Step Prover Host Io
Protocol 134,default,0x1efb116ebc38ce895eb2e5e009234e0e0836f2f5,Arbitrum Nova: One Step Prover Math
Protocol 134,default,0x7a6c0503107858f82a790e481024134092e19979,Arbitrum Nova: One Step Prover Memory
Protocol 134,default,0xfb209827c58283535b744575e11953dcc4bead88,Arbitrum Nova: Rollup
Protocol 134,default,0x211e1c4c7f1bf5351ac850ed10fd68cffcf6c21b,Arbitrum Nova: Sequencer Inbox
Protocol 134,default,0x6ad1dc4ab5475d9f8cd10118c9d28b06f0c8a2d9,Arbitrum One: Challenge
Protocol 134,default,0x4812be53be02b9f38063cf55fef0a19d2ba8bb3a,Arbitrum One: One Step Proof
Protocol 134,default,0x2df287a3b2fd0916c0b3d4882201ff360acd6ec3,Arbitrum One: One Step Proof 2
Protocol 134,default,0xce81e7d009e53c02242b724819df1869da5e9fd8,Arbitrum One: One Step Proof Hash
Protocol 134,default,0x1e13bb8cf5f44c4c7fc585797336eaae3935113c,Arbitrum: Challenge Factory
Protocol 134,default,0x27a6cf5e8350b44273fb10f98d78525c5dad6d8a,Arbitrum: Node Factory
Protocol 134,default,0x3e1f62aa8076000c3218493fe3e0ae40bcb9a1df,Arbitrum: OneStepProof Entry
Protocol 134,default,0x499a4f574f2e4f8837e242adec86223ef7deefcc,Arbitrum: OneStepProver 0
Protocol 134,default,0xb965b08a826d4c7634e0df4c5ef5e1d1f9b5d13a,Arbitrum: OneStepProver Host Io
Protocol 134,default,0xd315ac3a82e8edaa84b347f478e0f59801747970,Arbitrum: OneStepProver Math
Protocol 134,default,0xb556f3bb0fdcfeaf81a1c393e024a69a3327b676,Arbitrum: OneStepProver Memory
Protocol 134,default,0x5ef0d09d1e6204141b4d37530808ed19f60fba35,Arbitrum: Rollup
Protocol 134,default,0xc8c3194ed3be7b2393fefe811a2cc39297442c0b,Arbitrum: Rollup Event Bridge
Protocol 134,default,0x78b2d65dd1d3d9fb2972d7ef467261ca101ec2b9,Flashstake: Protocol
