labelName,tabType,address,nameTag
Rarible 19,default,0xb66a603f4cfe17e3d27b87a8bfcad319856518b8,Rarible: Asset Contract ERC1155
Rarible 19,default,0xf6793da657495ffeff9ee6350824910abc21356c,Rarible: Asset Contract ERC721
Rarible 19,default,0x3482549fca7511267c9ef7089507c0f16ea1dcc1,Rarible: Deployer
Rarible 19,default,0x81243681078bee8e251d02ee6872b1eaa6dd982a,Rarible: ERC1155 Factory
Rarible 19,default,0x6d9dd3547baf4c190ab89e0103c363feaf325eca,Rarible: ERC721 Factory
Rarible 19,default,0xcd4ec7b66fbc029c116ba9ffb3e59351c20b5b06,Rarible: Exchange 1
Rarible 19,default,0x9757f2d2b135150bbeb65308d4a91804107cd8d6,Rarible: Exchange Proxy
Rarible 19,default,0xea90cfad1b8e030b8fd3e63d22074e0aeb8e0dcd,Rarible: External Royalties
Rarible 19,default,0xfca59cd816ab1ead66534d82bc21e7515ce441cf,Rarible: RARI Token 1
Rarible 19,default,0x60f80121c31a0d46b5279700f9df786054aa5ee5,Rarible: RARI Token 2
Rarible 19,default,0xd07dc4262bcdbf85190c01c996b4c06a461d2430,Rarible: RARI Token 3
Rarible 19,default,0x1cf0df2a5a20cd61d68d4489eebbf85b8d39e18a,Rarible: Treasury
Rarible 19,default,0xfdff6b56cce39482032b27140252ff4f16432785,Rarible: Treasury 2
