labelName,tabType,address,nameTag
Rari Capital 54,Main,0x67db14e73c2dce786b5bbbfa4d010deab4bbfcf9,Rari Capital: cERC20 Implementation
Rari Capital 54,Main,0xd77e28a1b9a9cfe1fc2eee70e391c05d25853cbf,Rari Capital: cEther Implementation
Rari Capital 54,Main,0xe102421a85d9c0e71c0ef1870dac658eb43e1493,Rari Capital: Chainlink Price Oracle
Rari Capital 54,Main,0xe16db319d9da7ce40b666dd2e365a4b8b3c18217,Rari Capital: Comptroller Implementation
Rari Capital 54,Main,0x96ce4c781edf07f4e3d210c919ca4f9a7ad82a7f,Rari Capital: DAI Dari Pool Price Consumer
Rari Capital 54,Main,0xafd2aade64e6ea690173f6de59fc09f5c9190d74,Rari Capital: DAI Rari Pool Controller
Rari Capital 54,Main,0xb465baf04c087ce3ed1c266f96ca43f4847d9635,Rari Capital: DAI Rari Pool Manager
Rari Capital 54,Main,0x3f579f097f2ce8696ae8c417582cfafde9ec9966,Rari Capital: DAI Rari Pool Proxy
Rari Capital 54,Main,0x0833cfcb11a5ba89fbaf73a407831c98ad2d7648,Rari Capital: DAI Rari Pool Token
Rari Capital 54,Main,0x3f4931a8e9d4cdf8f56e7e8a8cfe3bede0e43657,Rari Capital: Ether Rari Pool Controller
Rari Capital 54,Main,0xa731585ab05fc9f83555cf9bff8f58ee94e18f85,Rari Capital: Fuse Fee Distributor
Rari Capital 54,Main,0x835482fe0532f169024d5e9410199369aad5c77e,Rari Capital: Fuse Pool Directory
Rari Capital 54,Main,0x6dc585ad66a10214ef0502492b0cc02f0e836eec,Rari Capital: Fuse Pool Lens
Rari Capital 54,Main,0xc76190e04012f26a364228cfc41690429c44165d,Rari Capital: Fuse Pool Lens Secondary
Rari Capital 54,Main,0xf0f3a1494ae00b5350535b7777abb2f499fc13d4,Rari Capital: Fuse Safe Liquidator
Rari Capital 54,Main,0x9c0caeb986c003417d21a7daaf30221d61fc1043,Rari Capital: Governance Token Distributor
Rari Capital 54,Main,0x91d9c2b5cf81d55a5f2ecc0fc84e62f9cd2cefd6,Rari Capital: Governor Bravo Delegator
Rari Capital 54,Main,0x14ee0270c80bed60bdc117d4f218dee0a4909f28,Rari Capital: Interest Rate Model ETH
Rari Capital 54,Main,0x7ecaf96c79c2b263afe4f486ec9a74f8e563e0a6,Rari Capital: Interest Rate Model WBTC
Rari Capital 54,Main,0x58c3e7119ec200c09b2b3a9f8ce3bd77b6b47012,Rari Capital: Jump Rate Model ALCX
Rari Capital 54,Main,0x640dce7c7c6349e254b20eccfa2bb902b354c317,Rari Capital: Jump Rate Model DAI
Rari Capital 54,Main,0xcdc0a449e011249482824effcfa05c883d36cfc7,Rari Capital: Jump Rate Model Gov Seeds
Rari Capital 54,Main,0xb579d2761470bba14018959d6dffcc681c09c04b,Rari Capital: Jump Rate Model Stables Majors
Rari Capital 54,Main,0xc35db333ef7ce4f246de9de11cc1929d6aa11672,Rari Capital: Jump Rate Model UNI
Rari Capital 54,Main,0xbf2f341ea21aad9f1935636258e67f06c72353dd,Rari Capital: Marketing
Rari Capital 54,Main,0x1887118e49e0f4a78bd71b792a49de03504a764d,Rari Capital: Master Price Oracle
Rari Capital 54,Main,0x9e07fda32497e982dd43837a6f61a68177c16356,Rari Capital: Nova Approval Escrow
Rari Capital 54,Main,0xd9f223a36c2e398b0886f945a7e556b41ef91a3c,Rari Capital: Old REPT Fund Controller
Rari Capital 54,Main,0x6afe6c37bf75f80d512b9d89c19ec0b346b09a8d,Rari Capital: Old RYPT Fund Controller
Rari Capital 54,Main,0xd6e194af3d9674b62d1b30ec676030c23961275e,Rari Capital: REPT Fund Manager
Rari Capital 54,Main,0xa3cc9e4b9784c80a05b3af215c32ff223c3ebe5c,Rari Capital: REPT Fund Proxy
Rari Capital 54,Main,0xcda4770d65b4211364cb870ad6be19e7ef1d65f4,Rari Capital: REPT Token
Rari Capital 54,Main,0xd291e7a03283640fdc51b121ac401383a46cc623,Rari Capital: RGT Token
Rari Capital 54,Main,0x9ed0e3fe49af99a8907361d9b7caea8f214fe288,Rari Capital: Roles Authority
Rari Capital 54,Main,0xee7162bb5191e8ec803f7635de9a920159f1f40c,Rari Capital: RSPT Fund Controller
Rari Capital 54,Main,0xc6bf8c8a55f77686720e0a88e2fd1feef58ddf4a,Rari Capital: RSPT Fund Manager
Rari Capital 54,Main,0x77a817077cd7cf0c6e0d4d2c4464648ff6c3fdb8,Rari Capital: RSPT Fund Price Consumer
Rari Capital 54,Main,0x016bf078abcacb987f0589a6d3beadd4316922b0,Rari Capital: RSPT Token
Rari Capital 54,Main,0x59fa438cd0731ebf5f4cdcaf72d4960efd13fce6,Rari Capital: RYPT Fund Manager
Rari Capital 54,Main,0x00815e0e9d118769542ce24be95f8e21c60e5561,Rari Capital: RYPT Fund Price Consumer
Rari Capital 54,Main,0x3baa6b7af0d72006d3ea770ca29100eb848559ae,Rari Capital: RYPT Token
Rari Capital 54,Main,0x66f4856f1bbd1eb09e1c8d9d646f5a3a193da569,Rari Capital: USDC Rari Pool Controller
Rari Capital 54,Main,0xfe98a52bcacc86432e7aa76376751dcfab202244,Rari Capital: USDC Rari Pool Price Consumer
Rari Capital 54,Others,0xdbda819b4166eddd54e4f98b48550bc43a3de2ad,Rari Capital: Deployer
Rari Capital 54,Others,0xb8f02248d53f7edfa38e79263e743e9390f81942,Rari Capital: Deployer 2
Rari Capital 54,Others,0xb5b64c2216a134f3731d66acace03c7e221afa2d,Rari Capital: Nova Execution Manager
Rari Capital 54,Others,0xa422890cbbe5eaa8f1c88590fbab7f319d7e24b6,Rari Capital: REPT Fund Controller
Rari Capital 54,Others,0x5ea4a9a7592683bf0bc187d6da706c6c4770976f,Rari Capital: RGT Reserves
Rari Capital 54,Others,0xe4dee94233dd4d7c2504744ee6d34f3875b3b439,Rari Capital: RSPT Fund Proxy
Rari Capital 54,Others,0x35ddefa2a30474e64314aaa7370abe14c042c6e8,Rari Capital: RYPT Fund Proxy
