labelName,tabType,address,nameTag
Redacted Cartel 15,Main,0xca1d53e40eab232deff03dc824410100bcccf2bc,Redacted Cartel: Bonding Calculator
Redacted Cartel 15,Main,0xc0d4ceb216b3ba9c3701b291766fdcba977cec3a,Redacted Cartel: BTRFLY Token
Redacted Cartel 15,Main,0x933fa13abc4e1532dc5de017b6673711c2f16d9a,Redacted Cartel: CRV-DA Dutch Auction
Redacted Cartel 15,Main,0x1fdf1233f85a3bae9594b0558e4ec8febe8c6720,Redacted Cartel: LP Bond
Redacted Cartel 15,Main,0xa52fd396891e7a74b641a2cb1a6999fcf56b077e,Redacted Cartel: Multisig
Redacted Cartel 15,Main,0xe134204b53a4db2b3d9861b04214f8637ecbc8a8,Redacted Cartel: OHM-DA Dutch Auction
Redacted Cartel 15,Main,0x57503824e256e878db8136fde66f155c49e362df,Redacted Cartel: PBTRFLY
Redacted Cartel 15,Main,0xbde4dfb0dbb0dd8833efb6c5bd0ce048c852c487,Redacted Cartel: Staking
Redacted Cartel 15,Main,0xb2120ae79d838d6703cf6d2ac5cc68b5db10683f,Redacted Cartel: Staking Distributor
Redacted Cartel 15,Main,0xc0840ec5527d3e70d66ae6575642916f3fd18adf,Redacted Cartel: Staking Helper
Redacted Cartel 15,Main,0x086c98855df3c78c6b481b6e1d47bef42e9ac36b,Redacted Cartel: Treasury
Redacted Cartel 15,Main,0x7521c8c7ba7e1f650c1109c40876c5dd52f5614c,Redacted Cartel: Warmup
Redacted Cartel 15,Main,0xcc94faf235cc5d3bf4bed3a30db5984306c86abc,Redacted Cartel: xBTRFLY
Redacted Cartel 15,Others,0xca1d53e40eab232deff03dc824410100bcccf2bc,Redacted Cartel: Bonding Calculator
Redacted Cartel 15,Others,0xc0d4ceb216b3ba9c3701b291766fdcba977cec3a,Redacted Cartel: BTRFLY Token
Redacted Cartel 15,Others,0x933fa13abc4e1532dc5de017b6673711c2f16d9a,Redacted Cartel: CRV-DA Dutch Auction
Redacted Cartel 15,Others,0x1fdf1233f85a3bae9594b0558e4ec8febe8c6720,Redacted Cartel: LP Bond
Redacted Cartel 15,Others,0xa52fd396891e7a74b641a2cb1a6999fcf56b077e,Redacted Cartel: Multisig
Redacted Cartel 15,Others,0xe134204b53a4db2b3d9861b04214f8637ecbc8a8,Redacted Cartel: OHM-DA Dutch Auction
Redacted Cartel 15,Others,0x57503824e256e878db8136fde66f155c49e362df,Redacted Cartel: PBTRFLY
Redacted Cartel 15,Others,0xbde4dfb0dbb0dd8833efb6c5bd0ce048c852c487,Redacted Cartel: Staking
Redacted Cartel 15,Others,0xb2120ae79d838d6703cf6d2ac5cc68b5db10683f,Redacted Cartel: Staking Distributor
Redacted Cartel 15,Others,0xc0840ec5527d3e70d66ae6575642916f3fd18adf,Redacted Cartel: Staking Helper
Redacted Cartel 15,Others,0x086c98855df3c78c6b481b6e1d47bef42e9ac36b,Redacted Cartel: Treasury
Redacted Cartel 15,Others,0x7521c8c7ba7e1f650c1109c40876c5dd52f5614c,Redacted Cartel: Warmup
Redacted Cartel 15,Others,0xcc94faf235cc5d3bf4bed3a30db5984306c86abc,Redacted Cartel: xBTRFLY
