labelName,tabType,address,nameTag
Remme 7,default,0x1d1c9f70a68c129096d8181529041843e8bc1a30,Remme: Deployer 1
Remme 7,default,0x04a12aa1d6f177fd4f92e7a65086f81f3daf9972,Remme: Deployer 2
Remme 7,default,0xc0e2ca26eee0a16b5d5c4cee3c021d94e078d354,Remme: Deployer 3
Remme 7,default,0x83984d6142934bb535793a82adb0a46ef0f66b6d,Remme: REM Token
Remme 7,default,0xa7921720a7973248810d6a595e2622bf428af9b7,Remme: Swap Custodian
Remme 7,default,0xf487e54a41660ef17374f6ebf8340c6ef3163f30,Remme: Token Sale
