labelName,tabType,address,nameTag
Reserve Protocol 9,default,0x8762db106b2c2a0bccb3a80d1ed41273552616e8,Reserve Rights: Old RSR Token
Reserve Protocol 9,default,0xa4e581a0954952bec17201cf082380c95d8d644f,Reserve: Deployer
Reserve Protocol 9,default,0xb8bf093045d5f2e4aac9062bd11a8f599f6565b5,Reserve: Eternal Storage
Reserve Protocol 9,default,0x5ba9d812f5533f7cf2854963f7a9d212f8f28673,Reserve: Manager
Reserve Protocol 9,default,0x1c5857e110cd8411054660f60b5de6a6958cfae2,Reserve: RSV Token
Reserve Protocol 9,default,0xaedcfcdd80573c2a312d15d6bb9d921a01e4fb0f,Reserve: Vault
