labelName,tabType,address,nameTag
ReserveLending 21,default,0x0000f0160150d0008a300bf076d02030186b06a2,UnFederalReserve: Deployer 2
ReserveLending 21,default,0x5218e472cfcfe0b64a064f055b43b4cdc9efd3a6,UnFederalReserve: eRSDL Token
ReserveLending 21,default,0xd837eca6c91c67d98461a411ba2f00bda9960a9d,unFederalReserve: unAAVE Token
ReserveLending 21,default,0x2dba05b51ef5a7de3e7c3327201ca2f8a25c2414,unFederalReserve: unDAI Token
ReserveLending 21,default,0xe4cc5a22b39ffb0a56d67f94f9300db20d786a5f,UnFederalReserve: uneRSDL Token
ReserveLending 21,default,0xfacece87e14b50eafc85c44c01702f5f485ca460,unFederalReserve: unETH Token
ReserveLending 21,default,0x031002d15b0d0cd7c9129d6f644446368deae391,unFederalReserve: unLINK Token
ReserveLending 21,default,0x6b576972de33bebde3a703bff52a091e79f8c87a,unFederalReserve: unUSDC Token
ReserveLending 21,default,0x6e2aa5bb90ac37d9006685afc651ef067e1c7b44,unFederalReserve: unUSDT Token
ReserveLending 21,default,0x5d446fc8dbd10ebacfe9a427ab5402586af98cd4,unFederalReserve: unWBTC Token
ReserveLending 21,default,0x9e29ce9cd25f4141df6bb85b27ef6933a16a5824,unFederalReserve: unYFI Token
