labelName,tabType,address,nameTag
Rhino.fi 12,Main,0xcc80c051057b774cd75067dc48f8987c4eb97a5e,Ethfinex: Nectar Token
Rhino.fi 12,Main,0xaf8ae6955d07776ab690e565ba6fbc79b8de3a5d,Rhino.fi
Rhino.fi 12,Main,0x5d22045daceab03b158031ecb7d9d06fad24609b,Rhino.fi: Bridge
Rhino.fi 12,Main,0xd924bdd6fa7fd3d0eb1337853a814a4263dcbfe8,Rhino.fi: OTC
Rhino.fi 12,Others,0x325870cb1c06c3a619e461425712248fe269afca,DeversiFi: Deployer
Rhino.fi 12,Others,0x28780349a33eee56bb92241baab8095449e24306,Rhino.fi: Committee
Rhino.fi 12,Others,0xc3ca38091061e3e5358a52d74730f16c60ca9c26,Rhino.fi: Transfer Proxy
Rhino.fi 12,Legacy,0x61b9898c9b60a159fc91ae8026563cd226b7a0c1,DeversiFi: Old Address
Rhino.fi 12,Legacy,0xdcdb42c9a256690bd153a7b409751adfc8dd5851,Ethfinex: Old Contract
Rhino.fi 12,Legacy,0xbaea5bc6568dcb1f1c5aa24223a47333a6b3a8f5,Ethfinex: Old Contract 2
Rhino.fi 12,Legacy,0x93dc6a333a99c0ede1cd346ccf079ea8451013db,Ethfinex: Old Contract 3
