labelName,tabType,address,nameTag
Robo-Advisor Yield 8,Main,0x3d6fa1331e142504ba0b7965cd801c7f3b21b6c0,Robo-Advisor Yield: Aave Opportunity
Robo-Advisor Yield 8,Main,0x759a728653c4d0483d897dccf3a343fe2bbbb54a,Robo-Advisor Yield: Bzx Opportunity
Robo-Advisor Yield 8,Main,0xea5ee32f3a63c3fabb311c6e8c985d308a53dcc1,Robo-Advisor Yield: Compound Opportunity
Robo-Advisor Yield 8,Main,0xc830217bd3000e92ce846c549de6a2a36aea8954,Robo-Advisor Yield: DSR Opportunity
Robo-Advisor Yield 8,Main,0xeb6394f817b498c423c44bd72c3d7f8ed5deec6e,Robo-Advisor Yield: Dydx Opportunity
Robo-Advisor Yield 8,Main,0x06a5bf70bff314177488864fe03576ff608e6aec,Robo-Advisor Yield: Portfolio Manager
Robo-Advisor Yield 8,Others,0x3d6fa1331e142504ba0b7965cd801c7f3b21b6c0,Robo-Advisor Yield: Aave Opportunity
Robo-Advisor Yield 8,Others,0x759a728653c4d0483d897dccf3a343fe2bbbb54a,Robo-Advisor Yield: Bzx Opportunity
Robo-Advisor Yield 8,Others,0xea5ee32f3a63c3fabb311c6e8c985d308a53dcc1,Robo-Advisor Yield: Compound Opportunity
Robo-Advisor Yield 8,Others,0xc830217bd3000e92ce846c549de6a2a36aea8954,Robo-Advisor Yield: DSR Opportunity
Robo-Advisor Yield 8,Others,0xeb6394f817b498c423c44bd72c3d7f8ed5deec6e,Robo-Advisor Yield: Dydx Opportunity
Robo-Advisor Yield 8,Others,0x06a5bf70bff314177488864fe03576ff608e6aec,Robo-Advisor Yield: Portfolio Manager
