labelName,tabType,address,nameTag
Saffron.Finance ,Main,0xdc41bbb87200d4e28a244e008cfe39a459a87fde,Saffron: DAI Pool
Saffron.Finance ,Main,0x82c7b218eba69bfceee54ea5daa3bdb8a2848109,Saffron: DAI/Compound Adapter
Saffron.Finance ,Main,0xb753428af26e81097e7fd17f40c88aaa3e04902c,Saffron: SFI Token
Saffron.Finance ,Main,0xf601912923d5fc15ad10bfdf5bbde949363fa703,Saffron: Strategy
Saffron.Finance ,Others,0xdc41bbb87200d4e28a244e008cfe39a459a87fde,Saffron: DAI Pool
Saffron.Finance ,Others,0x82c7b218eba69bfceee54ea5daa3bdb8a2848109,Saffron: DAI/Compound Adapter
Saffron.Finance ,Others,0xb753428af26e81097e7fd17f40c88aaa3e04902c,Saffron: SFI Token
Saffron.Finance ,Others,0xf601912923d5fc15ad10bfdf5bbde949363fa703,Saffron: Strategy
