labelName,tabType,address,nameTag
Set Protocol ,Main,0x07509c281b55a1675d3f71f1c4ab67829eb731d3,Set: 100 Waves ETH/BTC Set
Set Protocol ,Main,0xc7d79021cd127a2f35b1e26fe3c4aad67f5c28b8,Set: 100 Waves ETH/USD Yield Set
Set Protocol ,Main,0x6b8fcf12c960fa11048644bcc3c058b1d40d4cc3,Set: Aave Governance Adapter
Set Protocol ,Main,0x0bf54992649c19bd8db4080078a32383827352f3,Set: Asian ETH Sentiment Set
Set Protocol ,Main,0x2af1df3ab0ab157e1e2ad8f88a7d04fbea0c7dc6,Set: Bankless Bed Index
Set Protocol ,Main,0xd8ef3cace8b4907117a45b0b125c68560532f94d,Set: Basic Issuance Module
Set Protocol ,Main,0x48ac44f4e29e602f851b84c271c22b85b9447251,Set: Bitcoin High Yield Set
Set Protocol ,Main,0xa35fc5019c4dc509394bd4d74591a0bf8852c195,Set: BTC ETH 75/25 Weight Set
Set Protocol ,Main,0xc06aec5191be16b94ffc97b6fc01393527367365,Set: BTC ETH Equal Weight Set
Set Protocol ,Main,0xac8ea871e2d5f4be618905f36f73c760f8cfdc8e,Set: BTC Network Demand Set II
Set Protocol ,Main,0xc39835d32428728cbde6903f84c76750976c0323,Set: BTC OnChain Beta Portfolio Set
Set Protocol ,Main,0x6123a0cbc95cb157995a0795187a60995b85e0a9,Set: BTC Range Bound High Vol Set
Set Protocol ,Main,0x20649d97b1393105cf92a5083fd2aff7c99ebe56,Set: BTC Range Bound Low Vol Set
Set Protocol ,Main,0x81c55017f7ce6e72451ced49ff7bab1e3df64d0c,Set: BTC Range Bound Min Vol Set
Set Protocol ,Main,0xd218d75ba0fc45858a4e9ef57a257ed9977db5f4,Set: BTC TA Set II
Set Protocol ,Main,0x09ae0c4c34a09875660e681fe1890f3b35175151,Set: BTCMOON Social Set
Set Protocol ,Main,0x90f49083ff588ec5a5459f4d2a64b8d409c03122,Set: BTCMOONX Social Set
Set Protocol ,Main,0x58723c7afcd33a2db6ae06c37521725d65f0cc15,Set: BullBearBitcoin Set II
Set Protocol ,Main,0xf43b2f981efc5a611a97951ce4fd7d3bd87f4902,Set: BullBearEthereum Set II
Set Protocol ,Main,0x19f4a2f8e21915376f1429c26a3a9b9b1db5ff5a,Set: Chad Link Set
Set Protocol ,Main,0xbddd682e63dd9f9fa3b97aea88772e77cf3e5013,Set: CoindicatorBTC Set
Set Protocol ,Main,0x6be50a653647f3edce6e852e4e76ca0c8b7871dd,Set: Compound Governance Adapter
Set Protocol ,Main,0x8d5174ed1dd217e240fdeaa52eb7f4540b04f419,Set: Compound Leverage Module
Set Protocol ,Main,0xa4c8d221d8bb851f83aadd0223a8900a6921a349,Set: Controller
Set Protocol ,Main,0xf55186cc537e7067ea616f2aae007b4427a120c8,Set: Core
Set Protocol ,Main,0xab63c9a4a89fbd87f61463e90e635b111d6ccb04,Set: Custom NAV Issuance Module
Set Protocol ,Main,0x39f024d621367c044bace2bf0fb15fb3612ecb92,Set: Debt Issuance Module
Set Protocol ,Main,0x673d140eed36385cb784e279f8759f495c97cf03,Set: Defi Pulse OTC
Set Protocol ,Main,0x1494ca1f11d487c2bbe4543e90080aeba4ba3c2b,Set: DeFiPulse Index
Set Protocol ,Main,0x69bdb276a17dd90f9d3a545944ccb20e593ae8e3,Set: Deployer
Set Protocol ,Main,0x6c4b7a83d2a301f7dd3563812a15f31a1e973b4c,Set: Deployer 2
Set Protocol ,Main,0x2c5a9980b41861d91d30d0e0271d1c093452dca5,Set: ETH 12 Day EMA Crossover Set
Set Protocol ,Main,0x9ea463ec4ce9e9e5bc9cfd0187c4ac3a70dd951d,Set: ETH 20 Day Moving Avg Set
Set Protocol ,Main,0x614857c755739354d68ae0abd53849cf45d6a41d,Set: ETH 26 Day EMA Crossover Set
Set Protocol ,Main,0x54e8371c1ec43e58fb53d4ef4ed463c17ba8a6be,Set: ETH 26 EMA Crossover Yield II Set
Set Protocol ,Main,0xf16e4d813f4dcfde4c5b44f305c908742de84ef0,Set: ETH 2x Max ADL-guided
Set Protocol ,Main,0xa360f2af3f957906468c0fd7526391aed08ae3db,Set: ETH 50 Day Moving Avg Set
Set Protocol ,Main,0xa6c040045d962e4b8efa00954c7d23ccd0a2b8ad,Set: ETH BTC 75/25 Weight Set
Set Protocol ,Main,0xb647a1d7633c6c4d434e22ee9756b36f2b219525,Set: ETH ETH 20 MA Crossover Yield II Set
Set Protocol ,Main,0x2bf417fda6e73b8ea605df0f33ad029f8d4b795a,Set: ETH Moonshot X Discretionary Yield Set
Set Protocol ,Main,0xb1ca7e6714263a64659a3a89e1c313af30fd660a,Set: ETH Moonshot X Yield Set
Set Protocol ,Main,0x09e4bdfb273245063ef5e800d891eff7d04f9b83,Set: ETH Price Action Candlestick Set
Set Protocol ,Main,0x8ddc86dba7ad728012efc460b8a168aba60b403b,Set: ETH Range Bound High Vol Set
Set Protocol ,Main,0x585c2cf94c41b528ec7329cbc3cde3c4f8d268db,Set: ETH Range Bound Low Vol Set
Set Protocol ,Main,0xf1e5f03086e1c0ce55e54cd8146bc9c28435346f,Set: ETH Range Bound Min Vol Set
Set Protocol ,Main,0x93e01899c10532d76c0e864537a1d26433dbbddb,Set: ETH RSI 60/40 Crossover Set
Set Protocol ,Main,0x9f49ed43c90a540d1cf12f6170ace8d0b88a14e6,Set: ETH RSI 60/40 Yield II Set
Set Protocol ,Main,0xa12a696b9b11788076a6cb384cac6986b82545e1,Set: ETH Super Set
Set Protocol ,Main,0x1ce9200c98b6d9999b60bff53860475a993a8b68,Set: ETH TA Set II
Set Protocol ,Main,0x1003ec54f51565ff86ac611184ea23d6310cae71,Set: ETH Trending Alpha LT Set II
Set Protocol ,Main,0x856c4388c56c2a613c60507a4701af627157fed6,Set: ETH Trending Alpha ST Set II
Set Protocol ,Main,0x23687d9d40f9ecc86e7666dddb820e700f954526,Set: ETH USD Yield Farm
Set Protocol ,Main,0xf059afa5239ed6463a00fc06a447c14fe26406e1,Set: ETH WBTC Yield Farm
Set Protocol ,Main,0xb9ffe0b8ee2d1af94202ffed366520300748a4d8,Set: ETH/BTC EMA Ratio Trading
Set Protocol ,Main,0xbf70a33a13fbe8d0106df321da0cf654d2e9ab50,Set: ETH/BTC RSI Ratio Trading Set
Set Protocol ,Main,0x542156d51d10db5accb99f9db7e7c91b74e80a2c,Set: ETH/LINK Price Action Candlestick Set
Set Protocol ,Main,0xabc754ac2161b557d28062f41dcc0fc18440ac7e,Set: ETH10k Social Set
Set Protocol ,Main,0x78481fb80caabb252909218164266ac83f815000,Set: Ethereum High Yield Set
Set Protocol ,Main,0xb8243b4eeca27a4191e879760b88fe2270561796,Set: ETHUSDADL4 Social Set
Set Protocol ,Main,0xac6560df686f3ac7039b0dd6867c874c99d9da06,Set: EVOL Social Set
Set Protocol ,Main,0x8f2d580c3cccd96c3541386daac0af71c5d1c0f9,Set: Exchange Issuance Module V2
Set Protocol ,Main,0xffee21b4bb7084a9416205544101ae9f472c7159,Set: Fart Set
Set Protocol ,Main,0x15822a64c8cb27d7828c45e0aafc3e6c5decd172,Set: Fear & Greed Sentiment Set II
Set Protocol ,Main,0xcae169afde69f297c7817ed5f4a6816c0e38137d,Set: FlexBTC Set II
Set Protocol ,Main,0x654424f4b3ed6de828c9ca30484dc1a626bb5fba,Set: FlexETH Set II
Set Protocol ,Main,0xdbf5c7d8ac5007667617a15db2c1b1d616c9d302,Set: FLEXETHBTC Social Set
Set Protocol ,Main,0x5c87b042494cdceba44c541fbb3bc8bff179d500,Set: Governance Module
Set Protocol ,Main,0xe86811516f9e46f6f2a8a19754c893ded414d682,Set: ICHIEMA Social Set
Set Protocol ,Main,0xd235e29b1dd177cd74f2955d081204a6cd04515e,Set: INTBTC Social Set
Set Protocol ,Main,0x6655194c95d24b8b10b156dffce22a2c126e2e5a,Set: Integration Registry
Set Protocol ,Main,0xb32c960c46f28059c2b5f1c3ecc2b9dd77ab0aa0,Set: Intelligent BTC Set II
Set Protocol ,Main,0x89c0b027bd7cc2d17854b06f8322e29451192ce3,Set: Intelligent ETH Set II
Set Protocol ,Main,0xba8ea15b647f54d9ff849670fcaacf35df21a457,Set: Intelligent Ratio Set
Set Protocol ,Main,0x5cd487ce4db7091292f2e914f7b31445bd4a5e1b,Set: Inverse ETH 20 Day MA Crossover
Set Protocol ,Main,0xac1565e473f69fada09661a6b4103fbbf801ceee,Set: Inverse ETH 50 Day MA Crossover
Set Protocol ,Main,0x78e29d35573bea6265aedfcb9f45481b717ebfde,Set: LINK Profit Taker Set
Set Protocol ,Main,0x0329d23fc7b1b1e6cca57afa3f0090f1189069e8,Set: LINK RSI Set
Set Protocol ,Main,0xc166f976ce9926a3205b145af104eb0e4b38b5c0,Set: LINK/ETH Growth Alpha Set
Set Protocol ,Main,0x8933ea1ce67b946bdf2436ce860ffbb53ce814d2,Set: LINK/ETH RSI Ratio Trading Set
Set Protocol ,Main,0x28c6a58c2a5d8c5f6681e07bfa0ada4bea14c9ee,Set: LONG Social Set
Set Protocol ,Main,0xa60f9e1641747762ade7fd5f881b90b691e92b0a,Set: Master Price Oracle
Set Protocol ,Main,0x9709bb5ce25fcd6f9786d3e4ccf422717367473c,Set: MoFlux Boomtown Set II
Set Protocol ,Main,0x3e6941521c85c7233632bf76e3adb05db8e2f1db,Set: MoFlux Clash of Kings
Set Protocol ,Main,0x8abf3a95862619a55fa00cb3e4eedbe113ff468c,Set: Money Printer Go Brrr Set Buy Sell
Set Protocol ,Main,0xab9a964c6b95fa529ca7f27dac1e7175821f2334,Set: NAV Issuance Module
Set Protocol ,Main,0xcbadafc252160a0d0ec7fb64a134b2f115b06b24,Set: One Inch V1 Exchange Adapter
Set Protocol ,Main,0x6b65c4760f56ea89a21193af5b909395766ef2e5,Set: Protocol Viewer
Set Protocol ,Main,0xe23fb31dd2edacebf7d92720358bb92445f47fdb,Set: Rebalance Auction Module
Set Protocol ,Main,0xd3d555bb655acba9452bfc6d7cea8cc7b3628c55,Set: Rebalancer
Set Protocol ,Main,0x70aeb332a5ef3c4d582b55bb3f242ac19f095e0e,Set: Rebalancing Set Eth Bidder
Set Protocol ,Main,0x4a4dff5e12c2422261ebf0042ed57b02b5bdc621,Set: Rebalancing Set Exchange Issuance
Set Protocol ,Main,0x4f57e1f2020c35cd2fb45cf53cfeb6ff2e796180,Set: Rebalancing Set Exchange Issuance Module V2
Set Protocol ,Main,0xde697ac56b1bd9c0987c08911020f2341e274813,Set: Rebalancing Set Exchange Issuance Module V3
Set Protocol ,Main,0xd4240987d6f92b06c8b5068b1e4006a97c47392b,Set: Rebalancing Set Exchange Issuance v2
Set Protocol ,Main,0xceda8318522d348f1d1aca48b24629b8fbf09020,Set: Rebalancing Set Issuance Module
Set Protocol ,Main,0xda6786379ff88729264d31d472fa917f5e561443,Set: Rebalancing Set Issuance Module V2
Set Protocol ,Main,0x15518cdd49d83471e9f85cdcfbd72c8e2a78dde2,Set: Rebalancing Set Token Factory
Set Protocol ,Main,0xa367a2513cbd5be1c75a745914521a93e011549c,Set: Rebalancing Set Token Factory V3
Set Protocol ,Main,0x7b636d4102b85a13c3e1d9ad30a4e705423fb65e,Set: Rebalancing Set Token V2 Factory
Set Protocol ,Main,0xb272422b7d07b94859ad61e4435c6d5087f308de,Set: RIC Social Set
Set Protocol ,Main,0x8cb9e7bdd78926933fc9d19f5f69fefc2b737087,Set: Set Token Creator
Set Protocol ,Main,0xe1cd722575801fe92eeef2ca23396557f7e3b967,Set: Set Token Factory
Set Protocol ,Main,0xddf4f0775ff69c73619a4dbb42ba61b0ac1f555f,Set: Set Valuer
Set Protocol ,Main,0xd2fc0ca8220ecfe767e324fa3085f70cbbf96588,Set: Social Trading Manager
Set Protocol ,Main,0x7a417f16a5b101e85edb2743388e8afd3696be62,Set: Social Trading Manager V2
Set Protocol ,Main,0x33319fae07128119166476a4bcdd96e5c9401ca4,Set: Stacking Gwei Set II
Set Protocol ,Main,0x08f866c74205617b6f3903ef481798eced10cdec,Set: Streaming Fee Module
Set Protocol ,Main,0x90f765f63e7dc5ae97d6c576bf693fb6af41c129,Set: Trade Module
Set Protocol ,Main,0x882d80d3a191859d64477eb78cca46599307ec1c,Set: Transfer Proxy
Set Protocol ,Main,0x1f4ed52724f6f936fbb367b2388733a88d7b0f67,Set: Uniswap Governance Adapter
Set Protocol ,Main,0xa472a8a7b21061a8839837ba342e1520a1fa63ed,Set: Uniswap Pool Price Adapter
Set Protocol ,Main,0x5b67871c3a857de81a1ca0f9f7945e5670d986dc,Set: Vault
Set Protocol ,Main,0xe0a84699a583d467001fcfe1d52930cf6f3b0bfa,Set: WBTC cUSDC RSI Set II
Set Protocol ,Main,0xbe4aede1694aff7f1827229870f6cf3d9e7a999c,Set: Wrap Module
Set Protocol ,Others,0x07509c281b55a1675d3f71f1c4ab67829eb731d3,Set: 100 Waves ETH/BTC Set
Set Protocol ,Others,0xc7d79021cd127a2f35b1e26fe3c4aad67f5c28b8,Set: 100 Waves ETH/USD Yield Set
Set Protocol ,Others,0x6b8fcf12c960fa11048644bcc3c058b1d40d4cc3,Set: Aave Governance Adapter
Set Protocol ,Others,0x0bf54992649c19bd8db4080078a32383827352f3,Set: Asian ETH Sentiment Set
Set Protocol ,Others,0x2af1df3ab0ab157e1e2ad8f88a7d04fbea0c7dc6,Set: Bankless Bed Index
Set Protocol ,Others,0xd8ef3cace8b4907117a45b0b125c68560532f94d,Set: Basic Issuance Module
Set Protocol ,Others,0x48ac44f4e29e602f851b84c271c22b85b9447251,Set: Bitcoin High Yield Set
Set Protocol ,Others,0xa35fc5019c4dc509394bd4d74591a0bf8852c195,Set: BTC ETH 75/25 Weight Set
Set Protocol ,Others,0xc06aec5191be16b94ffc97b6fc01393527367365,Set: BTC ETH Equal Weight Set
Set Protocol ,Others,0xac8ea871e2d5f4be618905f36f73c760f8cfdc8e,Set: BTC Network Demand Set II
Set Protocol ,Others,0xc39835d32428728cbde6903f84c76750976c0323,Set: BTC OnChain Beta Portfolio Set
Set Protocol ,Others,0x6123a0cbc95cb157995a0795187a60995b85e0a9,Set: BTC Range Bound High Vol Set
Set Protocol ,Others,0x20649d97b1393105cf92a5083fd2aff7c99ebe56,Set: BTC Range Bound Low Vol Set
Set Protocol ,Others,0x81c55017f7ce6e72451ced49ff7bab1e3df64d0c,Set: BTC Range Bound Min Vol Set
Set Protocol ,Others,0xd218d75ba0fc45858a4e9ef57a257ed9977db5f4,Set: BTC TA Set II
Set Protocol ,Others,0x09ae0c4c34a09875660e681fe1890f3b35175151,Set: BTCMOON Social Set
Set Protocol ,Others,0x90f49083ff588ec5a5459f4d2a64b8d409c03122,Set: BTCMOONX Social Set
Set Protocol ,Others,0x58723c7afcd33a2db6ae06c37521725d65f0cc15,Set: BullBearBitcoin Set II
Set Protocol ,Others,0xf43b2f981efc5a611a97951ce4fd7d3bd87f4902,Set: BullBearEthereum Set II
Set Protocol ,Others,0x19f4a2f8e21915376f1429c26a3a9b9b1db5ff5a,Set: Chad Link Set
Set Protocol ,Others,0xbddd682e63dd9f9fa3b97aea88772e77cf3e5013,Set: CoindicatorBTC Set
Set Protocol ,Others,0x6be50a653647f3edce6e852e4e76ca0c8b7871dd,Set: Compound Governance Adapter
Set Protocol ,Others,0x8d5174ed1dd217e240fdeaa52eb7f4540b04f419,Set: Compound Leverage Module
Set Protocol ,Others,0xa4c8d221d8bb851f83aadd0223a8900a6921a349,Set: Controller
Set Protocol ,Others,0xf55186cc537e7067ea616f2aae007b4427a120c8,Set: Core
Set Protocol ,Others,0xab63c9a4a89fbd87f61463e90e635b111d6ccb04,Set: Custom NAV Issuance Module
Set Protocol ,Others,0x39f024d621367c044bace2bf0fb15fb3612ecb92,Set: Debt Issuance Module
Set Protocol ,Others,0x673d140eed36385cb784e279f8759f495c97cf03,Set: Defi Pulse OTC
Set Protocol ,Others,0x1494ca1f11d487c2bbe4543e90080aeba4ba3c2b,Set: DeFiPulse Index
Set Protocol ,Others,0x69bdb276a17dd90f9d3a545944ccb20e593ae8e3,Set: Deployer
Set Protocol ,Others,0x6c4b7a83d2a301f7dd3563812a15f31a1e973b4c,Set: Deployer 2
Set Protocol ,Others,0x2c5a9980b41861d91d30d0e0271d1c093452dca5,Set: ETH 12 Day EMA Crossover Set
Set Protocol ,Others,0x9ea463ec4ce9e9e5bc9cfd0187c4ac3a70dd951d,Set: ETH 20 Day Moving Avg Set
Set Protocol ,Others,0x614857c755739354d68ae0abd53849cf45d6a41d,Set: ETH 26 Day EMA Crossover Set
Set Protocol ,Others,0x54e8371c1ec43e58fb53d4ef4ed463c17ba8a6be,Set: ETH 26 EMA Crossover Yield II Set
Set Protocol ,Others,0xf16e4d813f4dcfde4c5b44f305c908742de84ef0,Set: ETH 2x Max ADL-guided
Set Protocol ,Others,0xa360f2af3f957906468c0fd7526391aed08ae3db,Set: ETH 50 Day Moving Avg Set
Set Protocol ,Others,0xa6c040045d962e4b8efa00954c7d23ccd0a2b8ad,Set: ETH BTC 75/25 Weight Set
Set Protocol ,Others,0xb647a1d7633c6c4d434e22ee9756b36f2b219525,Set: ETH ETH 20 MA Crossover Yield II Set
Set Protocol ,Others,0x2bf417fda6e73b8ea605df0f33ad029f8d4b795a,Set: ETH Moonshot X Discretionary Yield Set
Set Protocol ,Others,0xb1ca7e6714263a64659a3a89e1c313af30fd660a,Set: ETH Moonshot X Yield Set
Set Protocol ,Others,0x09e4bdfb273245063ef5e800d891eff7d04f9b83,Set: ETH Price Action Candlestick Set
Set Protocol ,Others,0x8ddc86dba7ad728012efc460b8a168aba60b403b,Set: ETH Range Bound High Vol Set
Set Protocol ,Others,0x585c2cf94c41b528ec7329cbc3cde3c4f8d268db,Set: ETH Range Bound Low Vol Set
Set Protocol ,Others,0xf1e5f03086e1c0ce55e54cd8146bc9c28435346f,Set: ETH Range Bound Min Vol Set
Set Protocol ,Others,0x93e01899c10532d76c0e864537a1d26433dbbddb,Set: ETH RSI 60/40 Crossover Set
Set Protocol ,Others,0x9f49ed43c90a540d1cf12f6170ace8d0b88a14e6,Set: ETH RSI 60/40 Yield II Set
Set Protocol ,Others,0xa12a696b9b11788076a6cb384cac6986b82545e1,Set: ETH Super Set
Set Protocol ,Others,0x1ce9200c98b6d9999b60bff53860475a993a8b68,Set: ETH TA Set II
Set Protocol ,Others,0x1003ec54f51565ff86ac611184ea23d6310cae71,Set: ETH Trending Alpha LT Set II
Set Protocol ,Others,0x856c4388c56c2a613c60507a4701af627157fed6,Set: ETH Trending Alpha ST Set II
Set Protocol ,Others,0x23687d9d40f9ecc86e7666dddb820e700f954526,Set: ETH USD Yield Farm
Set Protocol ,Others,0xf059afa5239ed6463a00fc06a447c14fe26406e1,Set: ETH WBTC Yield Farm
Set Protocol ,Others,0xb9ffe0b8ee2d1af94202ffed366520300748a4d8,Set: ETH/BTC EMA Ratio Trading
Set Protocol ,Others,0xbf70a33a13fbe8d0106df321da0cf654d2e9ab50,Set: ETH/BTC RSI Ratio Trading Set
Set Protocol ,Others,0x542156d51d10db5accb99f9db7e7c91b74e80a2c,Set: ETH/LINK Price Action Candlestick Set
Set Protocol ,Others,0xabc754ac2161b557d28062f41dcc0fc18440ac7e,Set: ETH10k Social Set
Set Protocol ,Others,0x78481fb80caabb252909218164266ac83f815000,Set: Ethereum High Yield Set
Set Protocol ,Others,0xb8243b4eeca27a4191e879760b88fe2270561796,Set: ETHUSDADL4 Social Set
Set Protocol ,Others,0xac6560df686f3ac7039b0dd6867c874c99d9da06,Set: EVOL Social Set
Set Protocol ,Others,0x8f2d580c3cccd96c3541386daac0af71c5d1c0f9,Set: Exchange Issuance Module V2
Set Protocol ,Others,0xffee21b4bb7084a9416205544101ae9f472c7159,Set: Fart Set
Set Protocol ,Others,0x15822a64c8cb27d7828c45e0aafc3e6c5decd172,Set: Fear & Greed Sentiment Set II
Set Protocol ,Others,0xcae169afde69f297c7817ed5f4a6816c0e38137d,Set: FlexBTC Set II
Set Protocol ,Others,0x654424f4b3ed6de828c9ca30484dc1a626bb5fba,Set: FlexETH Set II
Set Protocol ,Others,0xdbf5c7d8ac5007667617a15db2c1b1d616c9d302,Set: FLEXETHBTC Social Set
Set Protocol ,Others,0x5c87b042494cdceba44c541fbb3bc8bff179d500,Set: Governance Module
Set Protocol ,Others,0xe86811516f9e46f6f2a8a19754c893ded414d682,Set: ICHIEMA Social Set
Set Protocol ,Others,0xd235e29b1dd177cd74f2955d081204a6cd04515e,Set: INTBTC Social Set
Set Protocol ,Others,0x6655194c95d24b8b10b156dffce22a2c126e2e5a,Set: Integration Registry
Set Protocol ,Others,0xb32c960c46f28059c2b5f1c3ecc2b9dd77ab0aa0,Set: Intelligent BTC Set II
Set Protocol ,Others,0x89c0b027bd7cc2d17854b06f8322e29451192ce3,Set: Intelligent ETH Set II
Set Protocol ,Others,0xba8ea15b647f54d9ff849670fcaacf35df21a457,Set: Intelligent Ratio Set
Set Protocol ,Others,0x5cd487ce4db7091292f2e914f7b31445bd4a5e1b,Set: Inverse ETH 20 Day MA Crossover
Set Protocol ,Others,0xac1565e473f69fada09661a6b4103fbbf801ceee,Set: Inverse ETH 50 Day MA Crossover
Set Protocol ,Others,0x78e29d35573bea6265aedfcb9f45481b717ebfde,Set: LINK Profit Taker Set
Set Protocol ,Others,0x0329d23fc7b1b1e6cca57afa3f0090f1189069e8,Set: LINK RSI Set
Set Protocol ,Others,0xc166f976ce9926a3205b145af104eb0e4b38b5c0,Set: LINK/ETH Growth Alpha Set
Set Protocol ,Others,0x8933ea1ce67b946bdf2436ce860ffbb53ce814d2,Set: LINK/ETH RSI Ratio Trading Set
Set Protocol ,Others,0x28c6a58c2a5d8c5f6681e07bfa0ada4bea14c9ee,Set: LONG Social Set
Set Protocol ,Others,0xa60f9e1641747762ade7fd5f881b90b691e92b0a,Set: Master Price Oracle
Set Protocol ,Others,0x9709bb5ce25fcd6f9786d3e4ccf422717367473c,Set: MoFlux Boomtown Set II
Set Protocol ,Others,0x3e6941521c85c7233632bf76e3adb05db8e2f1db,Set: MoFlux Clash of Kings
Set Protocol ,Others,0x8abf3a95862619a55fa00cb3e4eedbe113ff468c,Set: Money Printer Go Brrr Set Buy Sell
Set Protocol ,Others,0xab9a964c6b95fa529ca7f27dac1e7175821f2334,Set: NAV Issuance Module
Set Protocol ,Others,0xcbadafc252160a0d0ec7fb64a134b2f115b06b24,Set: One Inch V1 Exchange Adapter
Set Protocol ,Others,0x6b65c4760f56ea89a21193af5b909395766ef2e5,Set: Protocol Viewer
Set Protocol ,Others,0xe23fb31dd2edacebf7d92720358bb92445f47fdb,Set: Rebalance Auction Module
Set Protocol ,Others,0xd3d555bb655acba9452bfc6d7cea8cc7b3628c55,Set: Rebalancer
Set Protocol ,Others,0x70aeb332a5ef3c4d582b55bb3f242ac19f095e0e,Set: Rebalancing Set Eth Bidder
Set Protocol ,Others,0x4a4dff5e12c2422261ebf0042ed57b02b5bdc621,Set: Rebalancing Set Exchange Issuance
Set Protocol ,Others,0x4f57e1f2020c35cd2fb45cf53cfeb6ff2e796180,Set: Rebalancing Set Exchange Issuance Module V2
Set Protocol ,Others,0xde697ac56b1bd9c0987c08911020f2341e274813,Set: Rebalancing Set Exchange Issuance Module V3
Set Protocol ,Others,0xd4240987d6f92b06c8b5068b1e4006a97c47392b,Set: Rebalancing Set Exchange Issuance v2
Set Protocol ,Others,0xceda8318522d348f1d1aca48b24629b8fbf09020,Set: Rebalancing Set Issuance Module
Set Protocol ,Others,0xda6786379ff88729264d31d472fa917f5e561443,Set: Rebalancing Set Issuance Module V2
Set Protocol ,Others,0x15518cdd49d83471e9f85cdcfbd72c8e2a78dde2,Set: Rebalancing Set Token Factory
Set Protocol ,Others,0xa367a2513cbd5be1c75a745914521a93e011549c,Set: Rebalancing Set Token Factory V3
Set Protocol ,Others,0x7b636d4102b85a13c3e1d9ad30a4e705423fb65e,Set: Rebalancing Set Token V2 Factory
Set Protocol ,Others,0xb272422b7d07b94859ad61e4435c6d5087f308de,Set: RIC Social Set
Set Protocol ,Others,0x8cb9e7bdd78926933fc9d19f5f69fefc2b737087,Set: Set Token Creator
Set Protocol ,Others,0xe1cd722575801fe92eeef2ca23396557f7e3b967,Set: Set Token Factory
Set Protocol ,Others,0xddf4f0775ff69c73619a4dbb42ba61b0ac1f555f,Set: Set Valuer
Set Protocol ,Others,0xd2fc0ca8220ecfe767e324fa3085f70cbbf96588,Set: Social Trading Manager
Set Protocol ,Others,0x7a417f16a5b101e85edb2743388e8afd3696be62,Set: Social Trading Manager V2
Set Protocol ,Others,0x33319fae07128119166476a4bcdd96e5c9401ca4,Set: Stacking Gwei Set II
Set Protocol ,Others,0x08f866c74205617b6f3903ef481798eced10cdec,Set: Streaming Fee Module
Set Protocol ,Others,0x90f765f63e7dc5ae97d6c576bf693fb6af41c129,Set: Trade Module
Set Protocol ,Others,0x882d80d3a191859d64477eb78cca46599307ec1c,Set: Transfer Proxy
Set Protocol ,Others,0x1f4ed52724f6f936fbb367b2388733a88d7b0f67,Set: Uniswap Governance Adapter
Set Protocol ,Others,0xa472a8a7b21061a8839837ba342e1520a1fa63ed,Set: Uniswap Pool Price Adapter
Set Protocol ,Others,0x5b67871c3a857de81a1ca0f9f7945e5670d986dc,Set: Vault
Set Protocol ,Others,0xe0a84699a583d467001fcfe1d52930cf6f3b0bfa,Set: WBTC cUSDC RSI Set II
Set Protocol ,Others,0xbe4aede1694aff7f1827229870f6cf3d9e7a999c,Set: Wrap Module
