labelName,tabType,address,nameTag
Solv Protocol ,default,0xe995aa82ed3e0a3e86097d3d2914aa6aa20777ab,Solv Protocol: Auction Vesting Voucher
Solv Protocol ,default,0xf827e010d19d4dde428d7da00a2a0dfbede57921,Solv Protocol: BEL Vesting Voucher
Solv Protocol ,default,0x74686e352c0f6aad7a44e89cfeb5986fbd0f2133,Solv Protocol: CLH Vesting Voucher
Solv Protocol ,default,0xf97c35c542e0ad32e9b03967b41999a43acbdbe3,Solv Protocol: CLS Vesting Voucher
Solv Protocol ,default,0x83208b368c34dac1a0f8b616f278ed42f1ffb8cd,Solv Protocol: Convertible Voucher IVO Market
Solv Protocol ,default,0x962e18f89d27cfc84c8ffa2ec7c90b3d933ad685,Solv Protocol: Convertible Voucher Marketplace
Solv Protocol ,default,0x21bc9179d5c529b52e3ee8f6ecf0e63fa231d16c,Solv Protocol: Deployer
Solv Protocol ,default,0xe98ec63665488f7910adacf357683df9ae1be6c2,Solv Protocol: DEVT Vesting Voucher
Solv Protocol ,default,0xadb9ab302ecd551264a718d43ae6b3c255a8afa5,Solv Protocol: DODO Vesting Voucher
Solv Protocol ,default,0xee3a5800392614f18ce3ca82a3ace815c01f2ab4,Solv Protocol: DOP Vesting Voucher
Solv Protocol ,default,0x0308796fa5bda7a991520a2fbd1ea8c0c81f66d1,Solv Protocol: HIGH Vesting Voucher
Solv Protocol ,default,0x5297e4fd4d103289bfd2ce1f835e63659d3c5ba9,Solv Protocol: iUSD Bond Voucher
Solv Protocol ,default,0x66e6a6d0220ebd2c1600ddfd82d0daad438bb71b,Solv Protocol: IVO Market
Solv Protocol ,default,0x35dff38a3371084da7c81c508a22d2865d8dbc56,Solv Protocol: iZi Bond Voucher
Solv Protocol ,default,0x06c8260935f4c267156e6df93dc98f998cc99261,Solv Protocol: KYOKO Vesting Voucher
Solv Protocol ,default,0x522f8fe415e08b600b8bd6c1db74a1b696845d0d,Solv Protocol: PDT Vesting Voucher
Solv Protocol ,default,0x5af543536e0e68352764d7b8bded3c2ff1cdfc51,Solv Protocol: PERP Bond Voucher
Solv Protocol ,default,0x2d53f42b2edf8907bcaa4d3f28e6f76bd95334e3,Solv Protocol: PERP Convertible Voucher
Solv Protocol ,default,0xb62d5ceb3668fd7919e3ad860779b6c4aeffbe70,Solv Protocol: PROM Vesting Voucher
Solv Protocol ,default,0x705d6b0c912a33a8643b5f7e42b5c7ca386a3b32,Solv Protocol: PRQ Vesting Voucher
Solv Protocol ,default,0x884f3b6d68dcc64bad97c84b5e32b80ce0ebbe7d,Solv Protocol: SFI Vesting Voucher
Solv Protocol ,default,0x5c446fb81924a9d6d4ca740145d7669b824af663,Solv Protocol: SLD Vesting Voucher
Solv Protocol ,default,0x2f2281492fe9df29b309ff43077507de716eb3c6,Solv Protocol: SOLV Bond Voucher
Solv Protocol ,default,0xbbd4625dd720f573f1162321147068a88a6df3a2,Solv Protocol: SOLV Flexible Voucher
Solv Protocol ,default,0x256f2d67e52fe834726d2ddcd8413654f5eb8b53,Solv Protocol: SOLV Token
Solv Protocol ,default,0xfdcde28359db316957534e825327d99d9f4a5d17,Solv Protocol: SOLV Vesting Voucher
Solv Protocol ,default,0xbf50337ed0ff20fa4d5702bf2da187e2c217d034,Solv Protocol: USF Convertible Voucher
Solv Protocol ,default,0xd91a208995bfbde9d133c39417fbd352e595650b,Solv Protocol: Vesting Voucher Marketplace
Solv Protocol ,default,0xceff847de8289a5d0d28d91c3ceb7fa2e17eb27a,Solv Protocol: vHIGH Vesting Voucher
Solv Protocol ,default,0x30fda944075c1b7e92498ce6358bcef1284febfa,Solv Protocol: WBTC Vesting Voucher
Solv Protocol ,default,0xf6ee76141e5964f5ff2831c3cb39a90f1541794a,Solv Protocol: WETH Vesting Voucher
Solv Protocol ,default,0x4c5033ba078c79dc1d2775fb481dea53e145f61a,Solv Protocol: XY Vesting Voucher
Solv Protocol ,default,0x0d5a6fefa731cb5842df77f24a186e7eed20b801,Solv Protocol: YIN Vesting Voucher
