labelName,tabType,address,nameTag
Status ,Main,0x744d70fdbe2ba4cf95131626614a1763df805b9e,Status Network: SNT Token
Status ,Main,0xbbf0cc1c63f509d48a4674e270d26d80ccaf6022,Status: Community MultiSig
Status ,Main,0xa646e29877d52b9e2de457eca09c724ff16d0a2b,Status: Research & Development MultiSig
Status ,Others,0x6b9ef02657339310e28a7a9d4b5f25f7c1f68d61,Status: Deployer 1
Status ,Others,0x55d34b686aa8c04921397c5807db9ecedba00a4c,Status: Token Sale
Status ,Legacy,0xd248b0d48e44aaf9c49aea0312be7e13a6dc1468,Status: Old Genesis Token
