labelName,tabType,address,nameTag
Sybil Delegate ,default,0x1994b59e02cd0d09d839b03660c205e88a929b81,
Sybil Delegate ,default,0x1ac515213189274ce0906905fcba4221bcddb04a,
Sybil Delegate ,default,0x218f23c2b1cbc74525ee557ee366b636f4731636,
Sybil Delegate ,default,0x30fe0d8d2d81ea568ff60b6e28ab74eb7e548cb0,
Sybil Delegate ,default,0x0cf999650e58a94717aad2141bd53f48ed2f8b5b,
Sybil Delegate ,default,0x0fe149394fb699a1426add0542c7c6021cc65e10,
Sybil Delegate ,default,0xe00996bf765f97de5f6d87c110e8b2a2c1812185,
Sybil Delegate ,default,0xf09bc8283e32ac113d5fb06b3fb1bf57ff39a494,
Sybil Delegate ,default,0xb20a327c9b4da091f454b1ce0e2e4dc5c128b5b4,
Sybil Delegate ,default,0xc717ea2debcb3b7a42d772dcae8de42e62db7a64,
Sybil Delegate ,default,0xd03614c920a0c334b842320999398e1387791bf8,
Sybil Delegate ,default,0x7f843d2df640b5f986b9c14c405a1728f8084d0b,
Sybil Delegate ,default,0x866da9c1e82e1541eda8faf0c31dae3a43bd2ae1,
Sybil Delegate ,default,0x8ccb8c85c06d3abcb758b84012830a5265d6c9f5,
Sybil Delegate ,default,0x8e4ed221fa034245f14205f781e0b13c5bd6a42e,
Sybil Delegate ,default,0x9836eeff319c2f1db7c072c2f2b65873c07a58d6,
Sybil Delegate ,default,0x9d0fd285b3b59a3d16dddc310d14335b479fa44f,
Sybil Delegate ,default,0x76f54eeb0d33a2a2c5ccb72fe12542a56f35d67c,
Sybil Delegate ,default,0x7b60b1d19479d1b02c986815a41540c3daf6c574,
Sybil Delegate ,default,0x7eb9345a5253a8e070e4a137ec8460592e778018,
Sybil Delegate ,default,0x356c181aee407c342ca2a510f1430d28bbce8588,
Sybil Delegate ,default,0x3b499ac151097dc9d32e056074e1e541a1ba9e2d,
Sybil Delegate ,default,0x3d5c00b5a678591a8142466ff93afebc4cb3bcbc,
Sybil Delegate ,default,0x4230e8921da47ec82bee4ab0f0552dd36a42d881,
Sybil Delegate ,default,0x45f65f9dc6342e2cae57a8017773bd9b6bc0c937,
Sybil Delegate ,default,0x4d3accc0154ce1a278fc8387948f1f57111ea0f1,
Sybil Delegate ,default,0x59796ffe66cd96ab5ecce919fbd530ff5686c2fb,
Sybil Delegate ,default,0x692816978f1f5cc523a3c75d1fedd47d00bd6eed,
Sybil Delegate ,default,0x6acccee5fe331b1fd9bc2363c7b5a6dfd34e4426,
Sybil Delegate ,default,0x19360799a15730fac556088793895aa7650ee442,
Sybil Delegate ,default,0x1aa7c2a1e6e0c4981d77b96ab985b161bb7729b9,
Sybil Delegate ,default,0x20e13e46090bb00e1d5c233241f45c26b47cd866,
Sybil Delegate ,default,0x2fcc020f72e5d2edd2a24d04f3dc90d7fdfbd1dd,
Sybil Delegate ,default,0x35012871d6d52918c82fd77a5aaa9c90e1420108,
Sybil Delegate ,default,0x00b00acc7dfe1f9bba49c7ba179763db6aaf5b9e,
Sybil Delegate ,default,0x05915bbca6fb21f6fe8e314341d27b340049d1f1,
Sybil Delegate ,default,0x08a7ad00dac20aaaeb0612ef3b96b737fe742d4f,
Sybil Delegate ,default,0x0f4e341362baa28dd2b74c3ca6377e4e6bda00e8,
Sybil Delegate ,default,0xfe1bcd4fae7d1f04a744aa51d2cf4efd5277762f,
Sybil Delegate ,default,0xdd27fbfd9e2ebc345140542bab7bd4235172c3b3,
Sybil Delegate ,default,0xecfd1c7cd74bed08d4fd5ae0ff45ad4f8b724fc2,
Sybil Delegate ,default,0xeffe60ec0bd219760eb40e8b810c54dd2eddc351,
Sybil Delegate ,default,0xf6bc47e36b7dd79d21a006470b20a156308e45eb,
Sybil Delegate ,default,0xb14d465bd5dae0fc5ff097fef94698e5fa756512,
Sybil Delegate ,default,0xb9c28103190bbadd78da021629d4ba2d46422129,
Sybil Delegate ,default,0xc343a10b34637960b6dd7b9f7d80826d44588f34,
Sybil Delegate ,default,0xca7c767854b1e7305de07247ab85e30543d1d9c9,
Sybil Delegate ,default,0xd8fcac3b647c3c1704ddcbb9055933fc232a9e49,
Sybil Delegate ,default,0x852f242c0aa6bd137a74face54e4943a43d6f2b7,
Sybil Delegate ,default,0x8c5961bd6f6a5ceff5af80039070db05798c75f5,
Sybil Delegate ,default,0x8e4823444c3613a56895857be1692ccbc570b1e9,
Sybil Delegate ,default,0x96db8b2626b7d1105e3e404ac78422768be108c0,
Sybil Delegate ,default,0x9c88bd71a2e5792ecdc5821a9aa427933c0fc029,
Sybil Delegate ,default,0xa067d04f781b86135ca8eba08e71dcf828d8227b,
Sybil Delegate ,default,0xa3fcec50569e59533d093c5d509f58e780a09718,
Sybil Delegate ,default,0x7425abb7ca8d5dd00126959e38be1f6d475cd929,
Sybil Delegate ,default,0x7b523a0c714988e5c4acaa71198ef0b52e0fb6b0,
Sybil Delegate ,default,0x3b2f5b9d557a5d6c63f7e63b52c4e1dbe483118c,
Sybil Delegate ,default,0x3d597789ea16054a084ac84ce87f50df9198f415,
Sybil Delegate ,default,0x4077bfb7f7e08a80cbcf278df6c56c74460ca610,
Sybil Delegate ,default,0x57def36b14d04c5ef684d17b5d4fb527c3080808,
Sybil Delegate ,default,0x68d23673b17255b743f252260dcea0d96f8796e0,
Sybil Delegate ,default,0x18bc254c9b510ab175c284dbd7947d4d50e6e056,
Sybil Delegate ,default,0x1a2f2405ba4d5f3c68c413d136ad81617dbacf58,
Sybil Delegate ,default,0x1efe03b911d97cf5d86da4a70500ea9f6e8bcfcb,
Sybil Delegate ,default,0x23614f922700c4fd49a5586d8fd1d433fedb8920,
Sybil Delegate ,default,0x274d9e726844ab52e351e8f1272e7fc3f58b7e5f,
Sybil Delegate ,default,0x2e7a3246b0ffc2133375309fc84ad45d9c7fd1c1,
Sybil Delegate ,default,0x0315e25d0f719ff229e02e2f3a2061863aab6437,
Sybil Delegate ,default,0x0716266cc5d3c443e30b0c4e9c72afa33778e1de,
Sybil Delegate ,default,0x0b72ee3a25f569e83139fe933c7d4d2eb236e28e,
Sybil Delegate ,default,0x0dd3c821968fbdb6859e4b20b4b2a995f7256e2e,
Sybil Delegate ,default,0xdb2f8004ef60ca5ba2b2ae9b8825b3d37205ff3d,
Sybil Delegate ,default,0xe575facc857be08d994bdcf672b3057f5fecad8d,
Sybil Delegate ,default,0xec7fe1bbbc4955836bd54d23088a91e5b4b32b77,
Sybil Delegate ,default,0xef8305e140ac520225daf050e2f71d5fbcc543e7,
Sybil Delegate ,default,0xf5f8ee3e4c7dbdc2639946cd92b21cffd4324652,
Sybil Delegate ,default,0xfdc6a17917115498a3ed417d4a89224685f26ea3,
Sybil Delegate ,default,0xb887d7cdc2f5cee347ec36abf693a09fde8536f9,
Sybil Delegate ,default,0xca23a26b289ec053a3aa198f7cfb2ce4efe9859c,
Sybil Delegate ,default,0xd5bfcbe3d18ad3da6e17b0fdd93a7ca383859387,
Sybil Delegate ,default,0x8bb9999e85e208e377df352ef97ad4f575c033ca,
Sybil Delegate ,default,0x8dd0b59c37f67e66fc5d964eade40197fc4e81f0,
Sybil Delegate ,default,0xa3db422feca34aea3227a6533d9910d1e4aa110f,
Sybil Delegate ,default,0xa8ad1b5c632970847d71113a8eae9781aedd077d,
Sybil Delegate ,default,0xae5c9dc28d008b95b1bb54941950da7ab859aa23,
Sybil Delegate ,default,0x7ad7100117ee2554605f500007bada9d936a6052,
Sybil Delegate ,default,0x3caba50e426de2003f937ac961bd6834b206fb1c,
Sybil Delegate ,default,0x4010a534b8ab01945dec322f4eecd6a4b4785277,
Sybil Delegate ,default,0x47701463ee3a42fb87d24746fb9d8b70f06e6e3a,
Sybil Delegate ,default,0x4a16e348d0f29bc66cc34ae617503ced960714c6,
Sybil Delegate ,default,0x5724c9480139ee8cd9cf7955d62192aefa145483,
Sybil Delegate ,default,0x5f91ee5efc34669fca4907aade764da342bf7999,
Sybil Delegate ,default,0x65d0159d1470e29c79408443fc5fdc4957573101,
Sybil Delegate ,default,0x68bdeff9aca67da30ad7e78feacb3685a5c0863f,
Sybil Delegate ,default,0x696bc0544a449d3f4f97085b5cbb41ddae08b6c6,
Sybil Delegate ,default,0x6bb8bc41e668b7c8ef3850486c9455b5c86830b3,
Sybil Delegate ,default,0x188c30e9a6527f5f0c3f7fe59b72ac7253c62f28,
Sybil Delegate ,default,0x1b3cc974dfb9f962f9448096df229e52184e4994,
Sybil Delegate ,default,0x21af5166e41dc3371d062131af9d6a25e0f5c7d1,
Sybil Delegate ,default,0x2ab4e42c2190c05b3dccd9b039daf8743217392a,
Sybil Delegate ,default,0x2e38f34055adfd2d2573a641ad48bdf0d5a420a7,
Sybil Delegate ,default,0x33dd6632ed8a08ae8c6b931edfcba8866478cc37,
Sybil Delegate ,default,0x01ffee1c40bce76ea6b26b6190a1b894aa1b349f,
Sybil Delegate ,default,0x068ed46488d8a7fad16a91a9a352c6b76baabcf4,
Sybil Delegate ,default,0x08c2a66f25826765177ce19cd3141abbe04551c7,
Sybil Delegate ,default,0x0aa3be46401579becfdab425afce84ae5da851dc,
Sybil Delegate ,default,0x0d66715f2bb956c845f265f62de377aef3ec3a07,
Sybil Delegate ,default,0xedee9c45acb534d9f63665706712ad7d7c76e05d,
Sybil Delegate ,default,0xfdb7eec5ebf4c4ac7734748474123ac25c6edcc8,
Sybil Delegate ,default,0xb72ed8401892466ea8af528c1af1d0524bc5e105,
Sybil Delegate ,default,0xbd852165a6ff4a4c04c1e378bdc90d6801929457,
Sybil Delegate ,default,0x8ad68e2c67b88ded4b1565d8b9288b665261338d,
Sybil Delegate ,default,0x9079a0a7e0ebee7650c8c9da2b6946e5a5b07c19,
Sybil Delegate ,default,0x96418995b6ff0560ff7b0a8eacbf59f38d465346,
Sybil Delegate ,default,0x98643ca61718d8777003105e09df5495436a43a6,
Sybil Delegate ,default,0x9e2e00aab67c3a7b827eb3e431c4a6c2077510a6,
Sybil Delegate ,default,0xa32e9a93407c629d1a952bdadc0d2f72887d0326,
Sybil Delegate ,default,0xa8a2188916d3744569327c4b1e067729f9443182,
Sybil Delegate ,default,0x6fb011f6941a515408779096b7e77e108236b1fe,
Sybil Delegate ,default,0x799315838a9d9c458c7f46a4f9d375880741dfd3,
Sybil Delegate ,default,0x7c3d434d79dddac3174ce0819f55ed82e0276147,
Sybil Delegate ,default,0x3bc98d5e8bd8fb5036d7c4c408fe2d16c9d9286f,
Sybil Delegate ,default,0x3e2e1142f4751ca1863b541fa122261182e2325c,
Sybil Delegate ,default,0x42869a8455671c419bdcd1905f4966e6d305f216,
Sybil Delegate ,default,0x695086905a1a081f3bff67aa24582b887f913ad3,
Sybil Delegate ,default,0x6af235d2bbe050e6291615b71ca5829658810142,
Sybil Delegate ,default,0x23a5efe19aa966388e132077d733672cf5798c03,Arca: 0x23a...c03
Sybil Delegate ,default,0x5d8908afee1df9f7f0830105f8be828f97ce9e68,Argent
Sybil Delegate ,default,0xbbf3f1421d886e9b2c5d716b5192ac998af2012c,Compound: Community MultiSig
Sybil Delegate ,default,0x7e4a8391c728fed9069b2962699ab416628b19fa,Dharma: Deployer
Sybil Delegate ,default,0x6626593c237f530d15ae9980a95ef938ac15c35c,Gauntlet Network
Sybil Delegate ,default,0x067b9bbbbc42d2ab9b9ab6bb62646daf7f344a76,PleasrDAO
Sybil Delegate ,default,0x26607ac599266b21d13c7acf7942c7701a8b699c,PowerIndex: PIPT Token
Sybil Delegate ,default,0x1494ca1f11d487c2bbe4543e90080aeba4ba3c2b,Set: DeFiPulse Index
Sybil Delegate ,default,0x94781785918136b8431ec375477ae7d997aea50d,Sybil Delegate: 10urcglyn 1
Sybil Delegate ,default,0x7df8a338e7e0786dc3e3a23680f5161d1b5d94b9,Sybil Delegate: 10urcglyn 2
Sybil Delegate ,default,0x2b1ad6184a6b0fac06bd225ed37c2abc04415ff4,Sybil Delegate: a16z
Sybil Delegate ,default,0xea95cfb5dd624f43775b372db0ed2d8d0073e91c,Sybil Delegate: abbey_titcomb
Sybil Delegate ,default,0x08c2828ec23eaa2434861cedf8469572c2fd2ea7,Sybil Delegate: abeseba1 1
Sybil Delegate ,default,0x9ac41e441131d8bad5f165c2a8dd71e5f7bfaea8,Sybil Delegate: acatlucky
Sybil Delegate ,default,0x6777529d538c57d6cc6d46da4610758245470dab,Sybil Delegate: AlvaroCabreraO1
Sybil Delegate ,default,0x14381dd7301b775e2a31e1a767dc9d8b755a8ebe,Sybil Delegate: AlyOAly
Sybil Delegate ,default,0xe7d4622bc758e9c042f7327b45ccd92266c41280,Sybil Delegate: Amisong7
Sybil Delegate ,default,0x2b384212edc04ae8bb41738d05ba20e33277bf33,Sybil Delegate: Arr00
Sybil Delegate ,default,0x63c9a867d704df159bbbb88eeee1609196b1995e,Sybil Delegate: atila_o_huno
Sybil Delegate ,default,0x1ed7fe6ac89c502af85ba400a2b5a6ea6eea975f,Sybil Delegate: bitethbch
Sybil Delegate ,default,0x52f669cfb37f8142f81d631b50af015d996ad3d1,Sybil Delegate: bitethbch-2
Sybil Delegate ,default,0x6e9a88971e957abb41bae4e2677cae258f0c1e76,Sybil Delegate: blakeburrito
Sybil Delegate ,default,0x47c125dee6898b6cb2379bcbafc823ff3f614770,Sybil Delegate: blockchainucla
Sybil Delegate ,default,0x458ceec48586a85fcfeb4a179706656ee321730e,Sybil Delegate: CalBlockchain
Sybil Delegate ,default,0xc8350eb3eeedb3fbdf0c2fabd75192e5c952fca6,Sybil Delegate: canhua3377
Sybil Delegate ,default,0x84bb5196f0085d61a7c9ac5b903a26d7f009ac13,Sybil Delegate: ChrisBlec
Sybil Delegate ,default,0x46b8ffc41f26cd896e033942caf999b78d10c277,Sybil Delegate: cryptonuker
Sybil Delegate ,default,0x879901650ebd44641bff962a051b15a9840b3567,Sybil Delegate: cryptothinks1
Sybil Delegate ,default,0x3a3d1fc99679343535d56374a42b3e96669913fe,Sybil Delegate: cyber_grinder
Sybil Delegate ,default,0x08e08ceba47dc739c47dd1df2d025e17685ac62a,Sybil Delegate: dumanalic1
Sybil Delegate ,default,0x0a96f04f41afdeb1f84516864fee36545562f09d,Sybil Delegate: ekipekip3
Sybil Delegate ,default,0xc6c86e890a7a1f0bb0d5ba2888207f2b6f72fae5,Sybil Delegate: eugent_biraci
Sybil Delegate ,default,0xaa73cc17b6cae8ea3be9cec5040c4101ad85f02c,Sybil Delegate: evabeylin
Sybil Delegate ,default,0xc64d769eb79d35246b45813365a99c8e92c694a3,Sybil Delegate: feizylong
Sybil Delegate ,default,0xc20c9688e2334796c420cfe9fb6297eb0b9ac80d,Sybil Delegate: feux07
Sybil Delegate ,default,0xaaea3f5868de8eb9bce8cbaa4b4f2d6dc1b92c95,Sybil Delegate: finnbomer
Sybil Delegate ,default,0x565b93a15d38acd79c120b15432d21e21ed274d6,Sybil Delegate: Flynnjamm
Sybil Delegate ,default,0x7feebd9f278f36bf2900b7580805339e9167e3b6,Sybil Delegate: goodgamegold
Sybil Delegate ,default,0x61c8d4e4be6477bb49791540ff297ef30eaa01c2,Sybil Delegate: HarvardLawBFI
Sybil Delegate ,default,0x09909f60366080884af0721c3e37dfc094dcf2a9,Sybil Delegate: heartlightalife
Sybil Delegate ,default,0x0be0ecc301a1c0175f07a66243cff628c24db852,Sybil Delegate: HiturunkE
Sybil Delegate ,default,0xa9cf3ed132fbe9844613d4934abc5a5fe52c3e9b,Sybil Delegate: hsuantingchu
Sybil Delegate ,default,0x523e95f068decd2bc38b3b7e595a4e9d41a2e70a,Sybil Delegate: IndoSPNetwork
Sybil Delegate ,default,0x53ac2783dc67c35c67e18e2e37deed74cfbd7b0a,Sybil Delegate: ISKHAKICH
Sybil Delegate ,default,0xc3aae58ab81663872dd36d73613eb295b167f546,Sybil Delegate: ItTennisBowling
Sybil Delegate ,default,0x2864738984b3caa176132e6983fe1291dcd355d0,Sybil Delegate: jen0790
Sybil Delegate ,default,0xf5f08ba7f46e2a86b5ef3bfd56c2097c9f4276d7,Sybil Delegate: Jomari_P
Sybil Delegate ,default,0xf7e093bab684c3f31a195df8f2522c7fa60e4d6a,Sybil Delegate: kerryoctave
Sybil Delegate ,default,0x1d06e1138f8225908d89013852bc1092af9f5abf,Sybil Delegate: Kevin_Yan00
Sybil Delegate ,default,0x14ce500a86f1e3ace039571e657783e069643617,Sybil Delegate: leifengcrypto
Sybil Delegate ,default,0xa452b2cafc9f42a90feb939e674375b6139b0405,Sybil Delegate: Libby01438931
Sybil Delegate ,default,0x93c52cdb6713b86ff4334324ee8c355060eb7269,Sybil Delegate: Linggarsetiawa5
Sybil Delegate ,default,0x1398d04556e076755f7c7146a9d9c2a2abb32c83,Sybil Delegate: marchiano03
Sybil Delegate ,default,0xd2f6f20cbba3139bb53c09d69c270d20eb93831c,Sybil Delegate: Michael14401260
Sybil Delegate ,default,0x95efb7ce9d9cade588d3a9856e5918206b50450d,Sybil Delegate: Michell68815563
Sybil Delegate ,default,0xf7476db5b717ac661c027e684456115ab1e728c3,Sybil Delegate: MirageLight
Sybil Delegate ,default,0x88e3e8078bec5759464175c83c98db9171f7e13d,Sybil Delegate: Mirat19702622
Sybil Delegate ,default,0x14288773c9df9a1b669de2324187f678d7c1ab4b,Sybil Delegate: mirrormirage0
Sybil Delegate ,default,0xf6fdee29e3a14610fdbe187e2d3442543cfa45b8,Sybil Delegate: mirshko
Sybil Delegate ,default,0xa018feb6840781436e5440de92f91659bce036b6,Sybil Delegate: mohsen_ghajar
Sybil Delegate ,default,0x8d07d225a769b7af3a923481e1fdf49180e6a265,Sybil Delegate: MonetSupply
Sybil Delegate ,default,0xe1dc8cea0bec8a0638e4dd26d9092edab9f60f9b,Sybil Delegate: mrpouni
Sybil Delegate ,default,0x017d05ea6e31a91dc4435fba7b8f95a069577d7a,Sybil Delegate: nathsman
Sybil Delegate ,default,0x965b813b302dfccdf6c2f676d59d7d3c960d3582,Sybil Delegate: nick_emmons
Sybil Delegate ,default,0xc6a6ae6b40950703c68df40777e6636f63b491fa,Sybil Delegate: nikz72085594
Sybil Delegate ,default,0xa2bf1b0a7e079767b4701b5a1d9d5700eb42d1d1,Sybil Delegate: nkennethk
Sybil Delegate ,default,0x4899d66105fd0f22a4a11dff6bc855b1baba3b99,Sybil Delegate: olagdev
Sybil Delegate ,default,0x4906e4f95ad546ce865916f65c825e00630bffa8,Sybil Delegate: PhenomenalMark
Sybil Delegate ,default,0xd950c92cb59c5a2bcebf0614a9b2e05d029b28fa,Sybil Delegate: PhongNg60911665
Sybil Delegate ,default,0x4306d8e8ac2a9c893ac1cd137a0cd6966fa6b6ff,Sybil Delegate: pmriviere
Sybil Delegate ,default,0x36220d1fc55d0afb0c3c58b6c1224875547c9f36,Sybil Delegate: Real_El_Chingon
Sybil Delegate ,default,0x4c52276b22f2f09060339eeeff1bd6df8fecb6a5,Sybil Delegate: REN83076123
Sybil Delegate ,default,0x88fb3d509fc49b515bfeb04e23f53ba339563981,Sybil Delegate: rleshner
Sybil Delegate ,default,0x159971f898c5c373f8f2183bcb2afe5eb43f74e1,Sybil Delegate: RudyFreed
Sybil Delegate ,default,0x186bad94057591918c3265c4ddb12874324be8ac,Sybil Delegate: ruyan768
Sybil Delegate ,default,0x523b5b2cc58a818667c22c862930b141f85d49dd,Sybil Delegate: SolidityDev
Sybil Delegate ,default,0x1e0325e7661f8ef11a8ca019118c96107e275043,Sybil Delegate: Souinfo2
Sybil Delegate ,default,0xf85ae009145f390d2acd5d9db8c3f5515dd6df28,Sybil Delegate: Thebagci1
Sybil Delegate ,default,0x6a6ec6bb05a416bc1bab26c8628a68dcb1c76d38,Sybil Delegate: TranMin66740802
Sybil Delegate ,default,0x7ed52863829ab99354f3a0503a622e82acd5f7d3,Sybil Delegate: transmissions11
Sybil Delegate ,default,0x34a903636158a5e5929a6cb87171c7e0dd2ba6b9,Sybil Delegate: undefinedza
Sybil Delegate ,default,0x63abd81b0dbdc35dca424499aac193b118d30ab1,Sybil Delegate: uniswappub
Sybil Delegate ,default,0xf987eb73d928b80ff1477935ae894d046ac600a7,Sybil Delegate: unstopablcrypto
Sybil Delegate ,default,0x6e4246b05d45440e1432a8fa4f5271cfb8c28246,Sybil Delegate: v2eth
Sybil Delegate ,default,0x8acc5677f98b86c407bfa7861f53857430ba3904,Sybil Delegate: vintash121
Sybil Delegate ,default,0xed2a92b65b1a489db637a0cd9f2a4bb80367aeaf,Sybil Delegate: voteWithTally
Sybil Delegate ,default,0x1dee736bdde5f44c6a1ad47e151bb29add69da09,Sybil Delegate: wankyspanky691
Sybil Delegate ,default,0x24a30a52164ae66c77fdeab00ead1aed2c7573e0,Sybil Delegate: wawanpezex
Sybil Delegate ,default,0x1a13c53d516f6e8321e9903f224861e74bbd7aa0,Sybil Delegate: will__price
Sybil Delegate ,default,0x159dda55ab7b74c13be4e1616c276d87b387d630,Sybil Delegate: WrappedFi
Sybil Delegate ,default,0x72da0b8a1b932c8a2cc9dcf8c28642290220aec4,Sybil Delegate: Yinz1020
Sybil Delegate ,default,0x276adf94808668338ff61df00d63c2f8ce056206,Sybil Delegate: zfogg
Sybil Delegate ,default,0x66346e9b773836c4d218bbe82e8918cc5b10e62f,Sybil Delegate: zimmah
Sybil Delegate ,default,0xe7925d190aea9279400cd9a005e33ceb9389cc2b,Variant Fund
Sybil Delegate ,default,0x2d407ddb06311396fe14d4b49da5f0471447d45c,yearn: Deployer
