labelName,tabType,address,nameTag
Synapse ,Main,0x2796317b0ff8538f253012862c06787adfb8ceb6,Synapse: Bridge
Synapse ,Main,0xa2569370a9d4841c9a62fc51269110f2eb7e0171,Synapse: Bridge Zap 1
Synapse ,Main,0x518b553fe47208389271745155a6abf4a961ef28,Synapse: Bridge Zap 2
Synapse ,Main,0xd10ef2a513cee0db54e959ef16cac711470b62cf,Synapse: MiniChef
Synapse ,Main,0x647489df0673e17db3163c47d5233ebb6f5cac70,Synapse: Timelock
Synapse ,Others,0x2796317b0ff8538f253012862c06787adfb8ceb6,Synapse: Bridge
Synapse ,Others,0xa2569370a9d4841c9a62fc51269110f2eb7e0171,Synapse: Bridge Zap 1
Synapse ,Others,0x518b553fe47208389271745155a6abf4a961ef28,Synapse: Bridge Zap 2
Synapse ,Others,0xd10ef2a513cee0db54e959ef16cac711470b62cf,Synapse: MiniChef
Synapse ,Others,0x647489df0673e17db3163c47d5233ebb6f5cac70,Synapse: Timelock
