labelName,tabType,address,nameTag
tBTC ,Main,0x3a35ddbb0e06241ee38bf78d90256eab5833483b,tBTC: Deployer
tBTC ,Main,0x41a1b40c1280883ea14c6a71e23bb66b83b3fb59,tBTC: System
tBTC ,Main,0x8daebade922df735c38c80c7ebd708af50815faa,tBTC: TBTC Token
tBTC ,Main,0xca563c455b7dda86d55310c71fbd6ed132c5c28c,tBTC: Vending Machine
tBTC ,Others,0x3a35ddbb0e06241ee38bf78d90256eab5833483b,tBTC: Deployer
tBTC ,Others,0x41a1b40c1280883ea14c6a71e23bb66b83b3fb59,tBTC: System
tBTC ,Others,0x8daebade922df735c38c80c7ebd708af50815faa,tBTC: TBTC Token
tBTC ,Others,0xca563c455b7dda86d55310c71fbd6ed132c5c28c,tBTC: Vending Machine
