labelName,tabType,address,nameTag
Token Sale ,default,0xd4fd252d7d2c9479a8d616f510eac6243b5dddf9,0x: Token Sale
Token Sale ,default,0xd45b6c680fe0f8b0410d7924d9b74663c0b2b00c,433Token: Token Sale
Token Sale ,default,0x25beb989d3ef4e6e0fef8220944bb74e2aa6ff45,Acorn Collective: Token Sale
Token Sale ,default,0x5678bcea6d6f33f645dca8c8c9b7d8d5caf0a2b1,AdToken: Token Sale
Token Sale ,default,0x09a8a0a5cd6974b28ccea7aad99801b1d0d12a49,Agadro: Token Sale
Token Sale ,default,0x0a9d6e81c39ee115275de4ab1129cd658790be7f,AI Network: Token Sale
Token Sale ,default,0xea0c348a297084bffbddad7f89216f24a2106e58,Aigang: Token Sale
Token Sale ,default,0xbb8b0f6a802e58506024498e438a6540f3a7bfb4,Airbloc: Presale
Token Sale ,default,0x0b4940b7b951ae6319d9f540cda0b85753ef7cd8,Airporn: Token Sale
Token Sale ,default,0x2444973040210cccaad6010c64763d1abe06d8d0,All.Me: Token Sale
Token Sale ,default,0x62ebdecc5545882203b3d9236fa782aea2295f39,Alphabitco: Presale
Token Sale ,default,0xd7e16112f5f9cfa0527ca355c9219f7056d8c2a9,AmaStar: Token Sale
Token Sale ,default,0xe1f243a9abfeef646be6bef7b8c2018276574294,AngelToken: Token Sale
Token Sale ,default,0xef0f5d9a8435e217038d6417670013cc06aa5e38,AppCoins: Presale
Token Sale ,default,0xbed45823677e242081f97e2a7c8422f0d9d6b006,AppCoins: Token Sale
Token Sale ,default,0xf42c06a58d4e538b6856afc206b13c530263c2c2,AppCoins: Token Sale 2
Token Sale ,default,0x0ceb0d54a7e87dfa16ddf7656858cf7e29851fd7,Aragon: Token Sale
Token Sale ,default,0x7ef8873220958ea400d505a9c92d6ae24f34d55e,Arcade City: Token Sale
Token Sale ,default,0x516130856e743090af9d7fd95d6fc94c8743a4e1,Arcona: Presale
Token Sale ,default,0x4ee1d7720a04072142b2efc9d2c7d5d77ad63939,ARX: Presale
Token Sale ,default,0x8e78eb6f10a5e0b2dd0845d75b018b5ca0e23e4b,Asian Dragon: Token Sale
Token Sale ,default,0xa1021b1875944c76977898397a03d3b0f176f27c,Askobar Network: Presale
Token Sale ,default,0xd413eb0ebe5f3c82f1b6cb642c31fabb5a38c1ec,ATFS: Token Sale
Token Sale ,default,0xf46ede17c0bab20d87cd079a2632f71433a407b9,Atlant: Token Sale
Token Sale ,default,0xe28e72fcf78647adce1f1252f240bbfaebd63bcc,Augur: Token Sale
Token Sale ,default,0x3aae4da9a22d518996031791d3bd61f45def6ac7,Authorship: Token Sale
Token Sale ,default,0x8440a3db2e68166810bb340ef20d0fac23cbe3f0,B2BC: Token Sale
Token Sale ,default,0x87be69e5c196e0309cdf6957fd7141fda1df2b97,BananaCoin: Presale
Token Sale ,default,0xbbc79794599b19274850492394004087cbf89710,Bancor: Token Sale
Token Sale ,default,0xc905b8a181a176d6917f9b88de4ab835e411465d,BattleOfTitans: Token Sale
Token Sale ,default,0xd05da50bb78044a05e5f2ca06f7c7127b0851d0f,Bazista: Token Sale
Token Sale ,default,0x62caf75a67252f7be236a7335fed1410c7434b7f,Bee Token: Token Sale
Token Sale ,default,0x71e774fd3e3948cfb6fcb1aaff4bb906858fba3a,Bezop: TokenSale
Token Sale ,default,0xfced3a34e14b17a327c3d50004117cbbe4b57232,BillionaireToken: Token Sale
Token Sale ,default,0x646da308ba60102bb2e746b7d86dacfd3a71209c,BirdCoin: Token Sale
Token Sale ,default,0x24cf6a655b763f114096d6afd2aa7de0f62e7f0e,BitcoinATM: Presale
Token Sale ,default,0xc0c810613bef6aed5f7788643f606cd3525e017a,Bitcoinsvgold: Token Sale
Token Sale ,default,0xa9b2d2be17f3472f9dfb626531f3821080c00159,BitDegree: Token Sale
Token Sale ,default,0x15885881f86c0f1467edf091dcd889997557a948,Bitenny: Token Sale
Token Sale ,default,0xeb9d2df5b516f0cd7a962861f2a6ee4dd6387a5e,BitIndia: Presale
Token Sale ,default,0x3d1fbe2ece2b9d90185f14792201bf1d3277a3c1,BitJob: Token Sale
Token Sale ,default,0x4d5e7c27b559f6f7be72dc28a2c16b0f342449aa,Bitrace: Token Sale
Token Sale ,default,0xd00faa50d4f1a97b407fdc8656c940712fdd4150,BitsDigit: Token Sale
Token Sale ,default,0xc6c95cda7373b0b4b62bed21016057a8145d7787,BIX: Token Sale
Token Sale ,default,0x029b0c90db9a97aab252da5b292b6061d397fa95,Blockbid: Token Sale
Token Sale ,default,0xd37f29d1cd9f379b3f9363453725ed971190aeca,Blockchain Cuties: Presale 1
Token Sale ,default,0xe4889fa16ba797a8a51196ec9389e4764576deae,Blockchain Cuties: Presale 2
Token Sale ,default,0xcb9a22a16e3879283c1da182491403ae7cb15501,Blockcloud: Token Sale
Token Sale ,default,0x4ffadba9d6ab927d445af9933045a5110f78cff9,Blockpit: Token Sale
Token Sale ,default,0x4863e8c8bd928bd1cf85eea784736e35c2f48a6a,Blok: Token Sale
Token Sale ,default,0xb547cc51ce58293e6945ba08d664ce051563d9ac,Bloom: Token Sale
Token Sale ,default,0xe22028fbce0bed9261a8ec4f54cca45a6c1fb395,Bmarkt: Token Sale
Token Sale ,default,0x5250776fad5a73707d222950de7999d3675a2722,Bread: Token Sale
Token Sale ,default,0xf26c7cd79aa1ed2466e7e81a0e0541709ddd050b,BTC20: Token Sale
Token Sale ,default,0x56194dd83dbe275b73db24a5b301bdf129eed76c,BTCLite: Presale
Token Sale ,default,0x2520e2b81a7424b89b9fbd739f94aa430cb1b267,BuronCoin: Token Sale
Token Sale ,default,0x2f665527b0a8b3710adcde917220de7d6b68d67d,BurstIQ: Token Sale
Token Sale ,default,0x906a6ceec7256b02bd16401d2993bf9b1ed89b9c,CacaoShares: Presale
Token Sale ,default,0xfa67c39935de407b98172ab9a07291603e98a51a,Carblox: Token Sale
Token Sale ,default,0x77ceff4173a56cd22b6184fa59c668b364ae55b8,CarTaxi: Token Sale
Token Sale ,default,0xa001afc55904eafc5a04cdece0064b964e2ed8a6,Cascoin: Token Sale
Token Sale ,default,0x51d3aac348d1a26652c6e8eab065a269830d1930,Cashaa: Token Sale
Token Sale ,default,0x202bd96042127975114d8b2b1f0ef429a235313f,CashPokerPro: Presale
Token Sale ,default,0xe46340f794e95775a41d40d5031bb716f99120b3,Cell: Token Sale
Token Sale ,default,0x2aea8071b771818e0004d0e5c93fadd9d7f5d31d,ChainID: Token Sale
Token Sale ,default,0xb3b558f664327156e87274155c2921bc8d9b1f18,Chainium: Token Sale
Token Sale ,default,0x78e0743b2cc9967bac4643d559a027fa53f6bc88,ChangeBank: Presale
Token Sale ,default,0x4e86721a4e00d7167c11d9cfd2480403bb630378,ChangeCoin: Token Sale
Token Sale ,default,0xc0dcd2170b8ddaab360a9968606cb0bc3646c9ef,Chatbit: Token Sale
Token Sale ,default,0x2f4bdafb22bd92aa7b7552d270376de8edccbc1e,CheeseWizard: Presale
Token Sale ,default,0xc22462d4bc50952b061c9e6c585fdd9a04d0d75a,Cindicator: Token Sale
Token Sale ,default,0x12444b6ec62e616ebc8a23e56e61f8f4c6da610c,Civic: Token Sale
Token Sale ,default,0x31703401aea648c30ab29fa2a01eae02527edd19,ClearPoll: Token Sale
Token Sale ,default,0x1eadec9027847685a39fdd73cb38745c8850c8d3,Clout: Token Sale
Token Sale ,default,0x6a164122d5cf7c840d26e829b46dcc4ed6c0ae48,CoinDash: Token Sale
Token Sale ,default,0x4f40cbd1fde9214b3bcbdc0359d132e6458f5e20,CoinLion: Token Sale
Token Sale ,default,0xb12846ea71cce9d334648d1dde8cadb56d475076,CoinMarketFeed: Token Sale
Token Sale ,default,0xa49f0374a395782bb859b4f342d9c9cff6dc1f7c,Coinplace: Presale
Token Sale ,default,0x17681500757628c7aa56d7e6546e119f94dd9479,Confidea: Token Sale
Token Sale ,default,0x439e14ccd83b825377e92f065b303bfb1a4af9fd,ConnectWealth: Token Sale
Token Sale ,default,0xf04436b2edaa1b777045e1eefc6dba8bd2aebab8,Copytrack: Token Sale
Token Sale ,default,0xb9770e899908c2a575ed14848020ab26e22a71ac,Core Network: Token Sale
Token Sale ,default,0x5e147dae49916b714a3639d2f5bdf1e989d4802b,Costaflores: Token Sale
Token Sale ,default,0x5a0d7bf44907b48a6af0e6f3e9519811aeaaa925,Costume: Token Sale
Token Sale ,default,0x1c6c8e0c6b93b81c0ab3ca4e16eac96f02175f73,Credits: Presale
Token Sale ,default,0xd6a81d7a8b4d1cc947138d9e4aca5d3cde33a170,Credo: Token Sale
Token Sale ,default,0x7f93bafc01ffa46d8735cc7f51914ac90cba061d,CrowdCoinage: Token Sale
Token Sale ,default,0x656c82769eb8df364a90dced4d37e07eace46541,Crowdli: STO
Token Sale ,default,0xbdcceb20869a9331d73b61a03ae3519501608b8c,Crypher: Token Sale
Token Sale ,default,0x4a30a93e2562257b3c49aba2a79ed633b5b3c393,CryptoCopy: Token Sale
Token Sale ,default,0x11fc3e9730c8413f66007d66fbabc5eee1955dcc,CryptoGrip: Token Sale
Token Sale ,default,0x5b42a479585eecffd714c423219ee9aa9a82e0a7,CryptoHive: Token Sale
Token Sale ,default,0x638db321775e03cf4c29207e0bb228bbafb76460,CryptoMuseum: Token Sale
Token Sale ,default,0xf77fca38ee9e08eb806b48e25ab1b1e5f3251cef,CryptoMutualVote: Token Sale
Token Sale ,default,0xef9d61a0f2bfd4695faeb17dd61d85202bdc8e6e,CryptoNote: Token Sale
Token Sale ,default,0x5f86726a631dd79cad282a2e8176cd2ff3cf6d1b,Cryptorg: Token Sale
Token Sale ,default,0xa759794d39bd92f4e9a264f1092f2859f10d8a1c,CryptoTickets: Token Sale
Token Sale ,default,0x5f8787f937c3e87d4867f526d4b133a5114e20f4,CyBet: Token Sale
Token Sale ,default,0xb2069ca2122e652c0f6ed4d408c915bc103e24b8,Dailycoin: Token Sale
Token Sale ,default,0x1818403c06ed28c55d533b526ae8566ec31d87d3,DAOPlayMarket: Token Sale
Token Sale ,default,0x6f0d792b540afa2c8772b9ba4805e7436ad8413e,DAPowerPlay: Token Sale
Token Sale ,default,0x8aec8f09a840faea966f4b0e29a497d8f5b5a6b4,DataBrokerDao: Token Sale
Token Sale ,default,0x3f0624d68a16f19428584333c1871cdfba0ba870,Datum: Presale
Token Sale ,default,0xfc3d9691b5f556d0654ee01b202a756985200ab8,DATx: Token Sale
Token Sale ,default,0x7be601aab2f40cc23653965749b84e5cb8cfda43,DecentBet: Presale
Token Sale ,default,0xa66d83716c7cfe425b44d0f7ef92de263468fb3d,Decentraland: Token Sale
Token Sale ,default,0xbd2ed3e85faa3433c068c7b3f9c8c7d839ce88d7,Decision: Token Sale
Token Sale ,default,0xb8eb17dfa4ec9a6457e4c8fb3d724c0ed9ba4cf0,Demeter: Token Sale
Token Sale ,default,0x44ad644576eeebffcd9ad89728d2a6c415cf8fb5,Dent: Token Sale
Token Sale ,default,0xb910df6da0d82366b9c453780e2f954528120c44,Detector: Token Sale
Token Sale ,default,0x74ceda99c44da280f2fd8ea8b5dd43f8b66912a8,Dether: Token Sale
Token Sale ,default,0x16ff57d02d9b1442f87c4b69eab5779fc8a71516,DFSToken: Token Sale
Token Sale ,default,0x605c90b034e075f5ff1e9b91939747eca6ef7b9d,dHealth: Token Sale
Token Sale ,default,0x92579f2fa430b20bf6ce9d19938fe061aad992e2,DiceyBit: Presale
Token Sale ,default,0xf0160428a8552ac9bb7e050d90eeade4ddd52843,Digix: Token Sale
Token Sale ,default,0xf8094e15c897518b5ac5287d7070ca5850efc6ff,District0x: Token Sale
Token Sale ,default,0xab8b8adda5a07976ac696034ea2cd83156ccbd84,Dock: Token Sale
Token Sale ,default,0xd7e4ad7c318ffbafbf602e32e089e7e2326a2581,DocTailor: Token Sale
Token Sale ,default,0xead7adf1bf0df9f03b15429d82ea1f70ebd619f1,Doftcoin: Token Sale
Token Sale ,default,0xcabee6c73250495fc7da131ee93b819be294f6e0,Dogezer: Presale
Token Sale ,default,0xa70bbfe72a97b2bbf08fead044ae020e5c5ae76f,Dolphin: Presale
Token Sale ,default,0xe9e1b229e94f280fa1ff9ada313d6c7d8e9baef8,Dotify: Token Sale
Token Sale ,default,0xbacd554538c8037545098a36361f54c4e1d0f94e,Dovu: Token Sale
Token Sale ,default,0x8ba7408497883d3a569066fa3a331aa892138868,Dragonchain: Token Sale
Token Sale ,default,0x84b780418ed0f5b00f9749f9844621147cfd8340,DropDeck: Token Sale
Token Sale ,default,0xabe3d12e5518bf8266bb91b56913962ce1f77cf4,Droplex: Presale
Token Sale ,default,0xe8db4cea1f7ad7ba22f3dbbab55a336545701d96,DutyOfCare: Token Sale
Token Sale ,default,0x53ce47cbe7f2be0aecd086a70182a98c907d024d,EasyMine: Token Sale
Token Sale ,default,0x25992f65334b5d23096b912af089ac454c3aabb6,Edge: Token Sale
Token Sale ,default,0x2097175d0abb8258f2468e3487f8db776e29d076,Education Ecosystem: Token Sale
Token Sale ,default,0x07ec30473ef6e1b9a434b1d48b97f79d46c13d5f,Eidoo: Token Sale
Token Sale ,default,0x98734f75997de18ccf9a495805b4e01b2f8b0cbb,Elcoin: Token Sale
Token Sale ,default,0x12795d1331b2f9a4c789203efc5987030854ad55,ElectrifyAsia: Token Sale
Token Sale ,default,0xbb7c05467c0b7ff78a1753163fd687de1721b663,ELTCoin: Token Sale
Token Sale ,default,0xcc3333acc9dc1f86387b02b4b2b14626a051da8c,ELTCoin: Token Sale 2
Token Sale ,default,0xc936a131b1f1576ccadb8196d91ecbf108d11d01,Empire: Token Sale
Token Sale ,default,0xdbf61d609a257f642dee4426a17ff2a476ef278d,Endtimes: Token Sale
Token Sale ,default,0xc4c09770dc5b44f11ecb3ab78dfe563d28f03392,Engraved: Token Sale
Token Sale ,default,0xc4740f71323129669424d1ae06c42aee99da30e2,Enjin Coin: Presale
Token Sale ,default,0x9b73d1779c41dca36314fb7c4d3309838e20c4e7,Enjin Coin: Token Sale
Token Sale ,default,0xd0a6e6c54dbc68db5db3a091b171a77407ff7ccf,EOS: Token Sale
Token Sale ,default,0x3744942c42451c2b42f43a51ee9bb6c6ad0fdc86,EsportsGold: Token Sale
Token Sale ,default,0xe868c7c29f7b275c593f2aa2d3fd37902969e208,eTelevision: Token Sale
Token Sale ,default,0x1a20c3581b6c9713498f3f9e9258fc452df13a8c,Etheal: Presale
Token Sale ,default,0x6b7470bfa67566df5275365933f5984530f54a7a,Etheera: Token Sale
Token Sale ,default,0x79c59c24465fc3cc92e6419d4b59fdd285d874cf,Ether Legends: Token Sale
Token Sale ,default,0xce53a179047ebed80261689367c093c90a94cc08,EtherDelta: Token Sale
Token Sale ,default,0xdfb3355981ca3c7ba6ba790b26f02c3737727de7,EthereumBlue: Token Sale
Token Sale ,default,0x3d265b2c9e39fa90cf7b174944743b5bc5cb8013,EthereumSoft: Token Sale
Token Sale ,default,0x00391d08b3e68e476a774ada379258264eb74485,Etherisc: Token Sale
Token Sale ,default,0x39df5af51c47256e5c63b3dae1a21f3da4a58e89,Etheriya: Token Sale
Token Sale ,default,0x5884412fc79c2b3dd037f21169a3341fc936ba72,Etherparty: Token Sale
Token Sale ,default,0xa7bad60aa9f853b4f3195c6964e4464eae078410,Ethino: Token Sale
Token Sale ,default,0x53e107546b900f1bfd35b339ba2a2b1d2dcb2de3,Ethorse: Token Sale
Token Sale ,default,0x57ccee9100daa272b962c48543460a8e3ac6f674,Ethos: Token Sale
Token Sale ,default,0x2cee632c70d14f488e97577c6c2e54b2ce047daa,EuropeanCryptoBank: Token Sale
Token Sale ,default,0x619543d933f7c39f1344325ea821db64d5e3069e,Eventa: Token Sale
Token Sale ,default,0x9df04392eef34f213ce55226f40979c906cc04eb,EXRNchain: Token Sale
Token Sale ,default,0xf64dc764c733a62b4461a7b66386862f92705aab,FairGame: Token Sale
Token Sale ,default,0x844e2883a0ce21718b999e459890bd16023dbca6,FidentiaX: Token Sale
Token Sale ,default,0x5a5efce5bdd8dd2aa2b47acf257f12e688e4dbcb,Finchain: Token Sale
Token Sale ,default,0x876359dcb1745073909cc810311ec3f119e8d5e8,Flixxo: Token Sale
Token Sale ,default,0xccadc21564e5c44032b7f44494de425c1066219c,FluenceAI: Presale
Token Sale ,default,0x06dafc2a5fe47fcc9f37b5f91c0c2bd1cf2a9a4c,Flyp: Token Sale
Token Sale ,default,0xd3e74ac8ecb37649488e6c918452e04e51eccf19,FolioNinja: Token Sale
Token Sale ,default,0x943e99d9efd4b44d808f6c83373a9a2c1e15e0f8,Foreground: Token Sale
Token Sale ,default,0x98f46c3eb0d9bec50a2eb1e3fb16c62d4536cae1,FortySeven.io: Token Sale
Token Sale ,default,0x6052e4fdcc26bb66f8e1b25d6410395ef79616a8,FoxTrading: Token Sale
Token Sale ,default,0xf3b47e85bb514d67b69e3177792101ff567362af,French-ICO.com: Token Sale
Token Sale ,default,0x7c33f3d417ef65a5299998bf7bbd35921963336c,FriendNetwork: Token Sale
Token Sale ,default,0xbcc546eb5a290977180f85cafaa712019893729c,FundRequest: Token Sale
Token Sale ,default,0xb1021477444c6566509e1b80d2c99e9603a31c47,FundYourselfNow: Token Sale
Token Sale ,default,0x1bdf56c9593590122fd8750555d8148da2b80be8,Fusion: Token Sale
Token Sale ,default,0x6044b34a29e96f542f96f103c996864d0a812238,GameFlip: Presale
Token Sale ,default,0x6e3bc8f50d04f7262f5c99f1cbabe502eb5e37f5,GameFlip: Token Sale
Token Sale ,default,0xf5dffdeaea54bb56156b47de1c7b4346c7dba69c,Geens: Token Sale
Token Sale ,default,0xdde7188eb7921888f90c7d334fbe5a65c8ac8c65,genEOS: Token Sale
Token Sale ,default,0x2b7aa75bbe26c28324e417c5efb027966e9cb810,Gilgamesh: Token Sale
Token Sale ,default,0xdf35a8572e8c107e17803f7af2fc48b6c226c6a4,Gimmer: Token Sale
Token Sale ,default,0xc4575b61286053c0ac362f70cdaa17becd90aacb,GizaDevice: Token Sale
Token Sale ,default,0x57bfffd48366f78e787e167419c8c05cdb849ede,Gladius: Token Sale
Token Sale ,default,0x518c55ad0cc887f78e2c7fe23b14c33a34586edc,Globex: Token Sale
Token Sale ,default,0x7f9fa692e1b65d2b6d670feebd3e6bcc29606f14,Globitex: Token Sale
Token Sale ,default,0x9337651f1dfac7f858d4e08a2da27b001e6af6b8,GMP: Token Sale
Token Sale ,default,0x1d0dcc8d8bcafa8e8502beaeef6cbd49d3affcdc,Gnosis: Dutch Auction
Token Sale ,default,0x83f602311629f84929804b7e00adc67e17eda7fb,Godzillion: Token Sale
Token Sale ,default,0x2dd09c71d951148bba0f25be7f76ba401fe8ef84,GoNetwork: Dutch Auction
Token Sale ,default,0xfd4532c24da5f4029016cfd2fa13fa3073588695,Goodwill: Token Sale
Token Sale ,default,0x252046965d73ba511efc83860a3f65e2ddeaad05,HAKI: Token Sale
Token Sale ,default,0x1b8782d4a7da5b63a934e78a6563fdd122e9915d,Hegic: Token Sale
Token Sale ,default,0x574fb6d9d090042a04d0d12a4e87217f8303a5ca,HelloGold: TokenSale
Token Sale ,default,0x31c8772dc63a3c63bbdd754a77b1b39331485df0,Hero: Token Sale
Token Sale ,default,0xf00fcd9119f93a1069054e4280970a75614ad7c9,HeroNode: Token Sale
Token Sale ,default,0xa48153c9c9a7ae5cc258feed365e560cbedcb0bd,Hicky: Token Sale
Token Sale ,default,0xaed1cabf37f628bde2da4f3b2a18e082703e40b1,HODLBucks: Presale
Token Sale ,default,0xf37c4a962e70d813a4d9825942141cd9bc5169fd,HOQU: Token Sale
Token Sale ,default,0xb9aac097f4dadcd6f06761eb470346415ef28d5a,HubiiNetwork: Token Sale
Token Sale ,default,0x74afacc09ad3426d75ec6ab610834cb2aed1d026,Hyde & Co: Token Sale
Token Sale ,default,0x18bead88a1ae0838a298f9404ea398b7346dfb07,HyperionX: Token Sale
Token Sale ,default,0x20f5559b14b98a0f6f61b7dc9a75dcdfe6f61f86,IDC: Token Sale
Token Sale ,default,0xec33fb8d7c781f6feaf2dd46d521d4f292320200,iEx.ec: Token Sale
Token Sale ,default,0x99d439455991f7f4885f20c634c9a31918d366e5,imbrex: Token Sale
Token Sale ,default,0xd29ba5f94fb91eefc5e3aaf69f181febed73930e,IMMLA: Presale
Token Sale ,default,0x721ab71b7ee1a736f470911d798f1442b16f7f09,IMSmart: Token Sale
Token Sale ,default,0xb3e9446e0d08b1124abba9f2e38787adf54373a9,INCX: Token Sale
Token Sale ,default,0xee74792bd15d23a63e5357f599cbe1ec2f898bbc,Indorse: Presale
Token Sale ,default,0x5f6a9a1b4587759dcfec19f6c8e207e73ed988b8,Indorse: Token Sale
Token Sale ,default,0x94c6c46e2e9f3cfeb712a1f4d7795df5b684661a,InstaCoin: Presale
Token Sale ,default,0x417f0b9133a8388fdb4ffa14e0c41638db7b6185,InstaCoin: Token Sale
Token Sale ,default,0x74364e3a29e5e32f5eb9f912b5197bdb32b63ee2,Insure Network: Token Sale
Token Sale ,default,0xeccc636a5f6aee792f509daae43ef68934b062a0,Internxt: Token Sale
Token Sale ,default,0xfc5de599c9fe4e5cf0744aef3139ae53aa30a566,InvestFeed: Token Sale
Token Sale ,default,0x261b1d9c54d20dc5484cc352db9771abbedb3a6e,IPExchange: Token Sale
Token Sale ,default,0xa667227ca1b68563d9245ad91aab9db58a60c382,IQT: Token Sale
Token Sale ,default,0x269b4c23ddab676e2869ae72cd6ae4f24bdfea45,IronBlock: Presale
Token Sale ,default,0x74f536cbcfb9cae062135384bfa2cd5de2f8a447,Javvy: Token Sale
Token Sale ,default,0x102580c6308a4ec4708c8241bd29d1c02e1f9a2d,JesusCoin: Token Sale 1
Token Sale ,default,0x99da01230f505df9ef9987f8529d875e954b0a81,JesusCoin: Token Sale 2
Token Sale ,default,0x949c9b8dff9b264cad57f69cd98eca1338f05b39,Jincor: Presale
Token Sale ,default,0xe0de6bbc6589160e8539230eead301f8481bc1b2,Joyso: Token Sale
Token Sale ,default,0x7d7f4ba9cf9f9d97d1b8500303812cf3085ba2d8,KabutoCoin: Token Sale
Token Sale ,default,0x8522d00c368a0810c7684da6714f1a66d0f9d5b8,KaiserEx: Token Sale
Token Sale ,default,0x3aa5fa4fbf18d19548680a5f2bba061b18fed26b,KickCoin: Token Sale
Token Sale ,default,0x71c2683152b632fa1d515a3df067825e2b240216,KickICO: Token Sale
Token Sale ,default,0x8bfe5ebb128ee82f4ba80f56bb32409cc87bc6fb,Kin: Token Sale
Token Sale ,default,0x7248bd9c18a0cf471a32860de04cf811f87c00a2,Kryptopy: Presale
Token Sale ,default,0xa22eb33c9a1b181d650efef4d48f9d63dbf3c200,KumoCoin: Token Sale
Token Sale ,default,0xd6cd31f283d24cfb442cba1bcf42290c07c15792,Kyber: Token Sale
Token Sale ,default,0xe8205644fef286a2af423b72669e662feec127cd,Lambo: Token Sale
Token Sale ,default,0x0c68fc2a91a81369956603bccbcdb95b87758b63,Leadcoin: Token Sale
Token Sale ,default,0xfc5772c279bb3a0bed4219c0de484deff3ed2241,LendConnect: Token Sale
Token Sale ,default,0xf9b60a9bfb3ea7152ad948edac574e38b767bd3f,Lendingblock: Token Sale
Token Sale ,default,0x9864505e8fc3673e5e210f6dc3853e986274cf37,LendX: Token Sale
Token Sale ,default,0xd3e0f0e805f3fc592137df9bcfe61614380bf71c,Leverage: Token Sale
Token Sale ,default,0xf2fbb2939981594e25d93e6226231fcc1b01718e,Leverj: Token Sale
Token Sale ,default,0x9df3a24d738ae98dea766cd89c3aef16583a4daf,Lif: Token Sale
Token Sale ,default,0xe42516bb7743cd74d4186d64c914185ee594b5b6,Liquidity Dividends Protocol: Presale
Token Sale ,default,0xab29470ee3eb017ed2e60cec6a28133124f3e5e2,LooksCoin: Token Sale
Token Sale ,default,0x5b5750f5a140f4780ef59e33597e073d4a8d3adb,Looq: Token Sale
Token Sale ,default,0x47b8b6256f49cba6c8bd37361cac8b0fe324d605,Lordmancer: Token Sale
Token Sale ,default,0xeaa76f1f32ced565c78bf1d57546002a0b0d9684,LPesa: Token Sale
Token Sale ,default,0x588cfe5203b9bfc759782d207bcbfeb93edd678d,LSD: Token Sale
Token Sale ,default,0xadf10eb786b160aea0037887a4b95341b9b68434,LTO Network: Token Sale
Token Sale ,default,0x5e0f4b3c49f9c73e13e25a5d7152b61b81ae68ca,Lucrum Token: Presale
Token Sale ,default,0xe417b912f6cb6592ec2d71dbf6f2b48191b2cdf6,LUKSO: Reversible ICO
Token Sale ,default,0x8cbdb7e550ba16910b354beb559ac32bcf8c6b31,LuuiHub: Token Sale
Token Sale ,default,0x9b60874d7bc4e4fbdd142e0f5a12002e4f7715a6,Maecenas: Token Sale
Token Sale ,default,0x63c0f17c1f72e1315e3d4f8a89a37d95f1314793,MASSToken: Presale
Token Sale ,default,0xe05cedd2838e4e1d99b539d8c768d6ef2a10f729,MatchPool: Token Sale
Token Sale ,default,0xa8a78cd94619e245d7390002553daffc7c1e534f,Matchroom: Token Sale
Token Sale ,default,0x97ca8108064eb2a90428ed6f407ae583ee7c3fd8,Matryx: Token Sale
Token Sale ,default,0x946048a75af11c300a274344887ec39452218b3d,MCH: Presale
Token Sale ,default,0xa1d2c7e6de2fa512f1fdf486ca17ab79b4dc5d01,MCH: Token Sale
Token Sale ,default,0xeeedac8686ae12183129e80e632e922dd8daecc4,MDAPP: Token Sale
Token Sale ,default,0xae6d4920b24a28e47e04351455baced95f638d9e,MDToken: Presale
Token Sale ,default,0x1cce4079a9c65920390ea38d5ffbeeb3f4aaab77,MeeTip: Token Sale
Token Sale ,default,0xa31c56bc8a489ea4e4ec430801e3aab0d6cce7f6,MegaX: Token Sale
Token Sale ,default,0x3bf541f87056d134e0109be1be92978b26cb09e0,Melonport: Token Sale
Token Sale ,default,0xfefc7c1287ec628b332a46d3396dafe62550d3aa,Metatron: Token Sale
Token Sale ,default,0x3cecd05537ea3a9de9267c0e8a8abf218a903148,Metta: Token Sale
Token Sale ,default,0xefab21b4de8b0a8c167e9afa8183e0e14cef400f,MEX: Token Sale
Token Sale ,default,0x5241beb93854f28dfc6779874622492bcc29e9f8,MingoToken: Token Sale
Token Sale ,default,0x4870e705a3def9dda6da7a953d1cd3ccedd08573,Moeda: Token Sale
Token Sale ,default,0xace62f87abe9f4ee9fd6e115d91548df24ca0943,Monaco: Token Sale
Token Sale ,default,0x741fc999f5b62c80831cf659aed04c64ac8ef24e,Monetha: Token Sale
Token Sale ,default,0x6bfccc95791eff58ef484ce37b611f58d07aa729,Moonbeam: Take Flight Round 1
Token Sale ,default,0x24aed4d3cff2b44edc3f4b40bbb04605f2d24de7,Moonbeam: Take Flight Round 2
Token Sale ,default,0xc0477799e0688475802f00fb1941d34efb29342b,Moonbeam: Take Flight Round 3
Token Sale ,default,0xbc8571ef3c6cb55eee4529b2866eed16e22a2aab,MoonTrader: Token Sale
Token Sale ,default,0x8d2301e58406648b72f37366785a54e0f7e081ce,Moozicore: Presale
Token Sale ,default,0x6b609d9095d069c805650234ab67595b3a6ab934,MoxyOne: Token Sale
Token Sale ,default,0xf3d71e8595497ff02a3a50416795fa9a4f2d2a34,MRAToken: Token Sale
Token Sale ,default,0xed44116439a9042890121a8aee008202a5954132,MundiCoin: Token Sale
Token Sale ,default,0x6e0ec952e49212f2e2e2f94fedaa84f5c044acef,MyBit: Token Sale
Token Sale ,default,0x4f529990b7f3d1fb4152736155e431c96fd86294,Mysterium: Presale
Token Sale ,default,0xb2f79aaaeafba79d5ca63657a690d02a969a36fe,MyWill: Token Sale
Token Sale ,default,0x4eb5f89549c4d7a57267340c13fcca1049b57f9e,MyWish: Token Sale
Token Sale ,default,0x87bbb9d32c5a10f3129e63cd96349342fcbd5972,Neon District: Token Sale
Token Sale ,default,0x5c9f77612069eabd4b06be53d67e3f16af2d8436,NetworkUnits: Token Sale
Token Sale ,default,0xf432cec23b2a0d6062b969467f65669de81f4653,Neufund: Token Sale
Token Sale ,default,0x4a381b816e45fbfce0d9b010a4ec62d3fbc1e1af,NextExchange: Presale
Token Sale ,default,0x4b0712de9b75bc68a566215acca876ea5e55c172,Nitro: Token Sale
Token Sale ,default,0xa0abd7fc926a23d116037c7610e1367e501f497f,Nocta: Token Sale
Token Sale ,default,0x7983a415823a907af25e68264b32c34abe10ba8e,NodePower: Token Sale
Token Sale ,default,0x0532dd9ecb00c424c72335df4f60c11c03229ec0,Obirum: Token Sale
Token Sale ,default,0x8edcce0beb122b74d127de716f217a6630efb453,Omegon: Token Sale
Token Sale ,default,0x72aa408393154d34fc789d03d22c9feb5e9fe32b,OneLedger: Token Sale
Token Sale ,default,0x14cf6193935b17fc72649ba420fdd5bfdf1f0001,OpenLongevity: Presale
Token Sale ,default,0xc8fe4a2d14cb9027ef955d15e8bf811a6db0bf74,Oracles: Presale
Token Sale ,default,0xb179064a699dd94ca3e588b9cf9954fe3654878d,Ore: Token Sale
Token Sale ,default,0x9b5f737c26040707921a309ae83976ad15227fa5,Oren: Token Sale
Token Sale ,default,0x94cbf65a33496da05915f0ec2db07a7785eacb9c,Origo: Token Sale
Token Sale ,default,0x21fe6fcaba63f797517157ae7c1ff44439d6c148,Oris.Space: Token Sale
Token Sale ,default,0xb2f1db990391cf852c982ece7fa67a143ae37c37,Oryza: Presale
Token Sale ,default,0x939da7bce862f79676db57267ebd6856eaead7c1,PallyCoin: Token Sale
Token Sale ,default,0xb765049d934d69d91a495f21f32e3845af028db0,PayFairToken: Token Sale
Token Sale ,default,0xf8a15b1540d5f9d002d9ccb7fd1f23e795c2859d,Paypie: Presale
Token Sale ,default,0x2f3f3d77db581548e0e0eb553ce0b5d0065920fc,Pcore: Token Sale
Token Sale ,default,0x79289d5cd5217234f2c14dde8030c74fa9c71cc6,PearlWallet: Token Sale
Token Sale ,default,0x746aaac06b04c36f5fea9bbb35ca75518eda1cca,Perlin: Token Sale
Token Sale ,default,0xace64624b702f3f3cd850d4d130574c78db332dd,PiProtocol: Token Sale
Token Sale ,default,0x26d08b9d227933a85e855656dc46ab889e183c88,Playkey: Token Sale
Token Sale ,default,0x58ebcd3230e0c28bf82e3f91f72d80eff32d00f4,PlusCoin: Token Sale
Token Sale ,default,0x83b164b8db82d35bd2ae70785095baf0f3417111,PodOne: Presale
Token Sale ,default,0xd9e7d9a56ee6a4035ee8a9624c96eca1e4440671,PolicyPal Network: Token Sale
Token Sale ,default,0x4a089c689894bde6a67625488c64a5e16e1cbeba,PolySwarm: Token Sale
Token Sale ,default,0xe4f4c979738f84d9dcd204e94a94750608dfd184,Populous: Token Sale 1
Token Sale ,default,0x575a9368ccbc951986bb25412876be1a3218c883,Populous: Token Sale 2
Token Sale ,default,0xf2fd0c1eb5a2989e32ce929276463164410796b4,Populous: Token Sale 3
Token Sale ,default,0x97ee19d8c8b2d607af236d8beddf9f45aca99585,Populous: Token Sale 4
Token Sale ,default,0x2444a95abc8cd48951835babf04cb1389bd38105,PornCoin: Token Sale
Token Sale ,default,0xbd54cb91a42fa604c0535ef849851f347e1cbaaa,POVCoin: Token Sale
Token Sale ,default,0x16fa565b6b61248a5807c3af14f0005b383c4214,Presearch: Token Sale
Token Sale ,default,0x55d5a9ab9a97509ba0db01b8d5040567b14d2304,PrestiCoin: Token Sale
Token Sale ,default,0x901f84102829c7462fa26b1d825f63febebebff6,PrivateCity: Token Sale
Token Sale ,default,0xec203ddb210458df139d02a62baf49ca36a0b8d9,Privatix: Token Sale
Token Sale ,default,0x3931e02c9acb4f68d7617f19617a20acd3642607,Proof: Presale
Token Sale ,default,0x1eb0d4794d4067ed004c9d55ff6eb50620b27c58,Prospectors: Token Sale
Token Sale ,default,0x4d775ab99e2cac1de2efc166c789854c42f2be53,Prosperium: Token Sale
Token Sale ,default,0xa145958ba7b9b3dbd481b2ee080b53f60b77751d,Quadrant Protocol: Token Sale
Token Sale ,default,0xad41548fa92921597da3ae783a330396b47cba3c,Quantstamp: Token Sale
Token Sale ,default,0xfe4478dcd52d8c1308de1960463417bd74425a24,Quinads: Token Sale
Token Sale ,default,0x1474943300e182b35211e9ee9b6a00cd71584451,Rate3: Token Sale
Token Sale ,default,0x26436e73fdd02adde8ae7ab61fa660d6f7926e6f,Ravelous: Token Sale
Token Sale ,default,0x32ec2e6967687825123c5c0f30c18e2c47708df1,Realisto: Token Sale
Token Sale ,default,0x4d0269b1898bee6aa94f54d1724f9862aabdd010,Rebglo: Token Sale
Token Sale ,default,0x1f9a9d661438c17d9ce6b3469773d85763eb7eeb,Reborn: Token Sale
Token Sale ,default,0xaf30132d04bc28126e0d479d40c8dffd1bc056e2,Rekt: Token Sale
Token Sale ,default,0xf487e54a41660ef17374f6ebf8340c6ef3163f30,Remme: Token Sale
Token Sale ,default,0x5a779aaeb53d2cba1755442c38dd6721c0cb31d0,Republic Protocol: Token Sale
Token Sale ,default,0x97208bf5dc25e6fd4719cfc2a3c1d1a59a974c3b,Request: Token Sale
Token Sale ,default,0xa1c9b3d6bd4bc341d904a25d517d31e109c2f2c7,Requitix: Token Sale
Token Sale ,default,0xdfe0cee9fab5a271405170bac32a0ba6c591e8b5,RestoreCoin: Presale
Token Sale ,default,0x0710714a1e30c70aea2dc1254e24292bea7943f4,Rich: Token Sale
Token Sale ,default,0x4a52e2f4cf4813e34086f454dd86022ad3517d32,RippleGold: Token Sale
Token Sale ,default,0xa21363b4be73644ae7fd32eb897e27d594efe709,RoboAdvisorCoin: Token Sale
Token Sale ,default,0xa5d1e58ece1fc438d64e65769d2ab730143a4caf,Robomed Token
Token Sale ,default,0xa52966d88586e708b128bc22e7a8b7900a7918ac,RobotTrading: Token Sale
Token Sale ,default,0x2efc356d401cdc868461d5bb016f42ece6dc2211,RocketICO: Presale
Token Sale ,default,0x0614e57bbc71cd0b15217152d4b07af5e717d4ef,RoseCoin: Presale
Token Sale ,default,0xfdaf2cd7e527cc812eb926ff0a9d85ee6d8becbb,SalesHustler: Token Sale
Token Sale ,default,0x601b83b21b48bb8943c05572f0b3925031f10fb5,SanctuaryCloud: Token Sale
Token Sale ,default,0x4fd997ed7c10dbd04e95d3730cd77d79513076f2,Santiment: Presale
Token Sale ,default,0xda2cf810c5718135247628689d84f94c61b41d6a,Santiment: Token Sale
Token Sale ,default,0x1b8fc6f937fd9849c9a83e0e4544e73af31884a6,SatoshiBrewery: Token Sale
Token Sale ,default,0x2c30840965f8fb2dc42bf4d6d530661d9f0e73c3,Savedroid: Token Sale
Token Sale ,default,0xbe7507c3ae554c85beda48310f014c4c15d9c338,Schmeckle: Token Sale
Token Sale ,default,0xd4882728ca8c019a51c60abf2fdd293928380972,Seele: Token Sale
Token Sale ,default,0x25e3e38b52f604585a117abb2b408e64e1bdc074,SelfPay: Presale
Token Sale ,default,0x8338005b31bf37dadea7f76a7778dcf9150d8f02,Sentinel Chain: Token Sale
Token Sale ,default,0xeb51df201213a067227115662ec3787b92956890,Serenity: Token Sale
Token Sale ,default,0x42a8c51f81dba88a8620f2b3f589faebac6a43db,Sessia: Token Sale
Token Sale ,default,0x2eae96e6bf99565c9d8ce978b24c3fc3b552dc7b,ShiftCash: Token Sale
Token Sale ,default,0xaca6000bef758de6bcf8fd4ddef0fdbbc23a77ba,Shivers: Token Sale
Token Sale ,default,0xea6278dbbe7cbb567e9e825d998c05432f0bdcf3,SilentNotary: Token Sale
Token Sale ,default,0x58b7056deb51ed292614f0da1e94e7e9c589828d,SimpleToken: Token Sale
Token Sale ,default,0x29afa3443f752eb29d814d9042fd88a4a2dc0f1e,Sirin Labs: Token Sale
Token Sale ,default,0x422adcf787e49dd93ce10a583655c212e00d42ce,SkinCoin: Token Sale
Token Sale ,default,0x38538851a1df08022f96406663074efbb4421d7d,Slot: Token Sale
Token Sale ,default,0xf8fc0cc97d01a47e0ba66b167b120a8a0deab949,SmartIFT: Token Sale
Token Sale ,default,0x5863c92b31f777ebd4f7d79a54a7dc6348a19972,SmartKey: Token Sale
Token Sale ,default,0x55f93985431fc9304077687a35a1ba103dc1e081,SmartMesh: Token Sale
Token Sale ,default,0x72974fd2590bcce78a01ff6f6dfaa3b623f80fe0,Smathium: Token Sale
Token Sale ,default,0x63f28b9f453d66d9d15a124d05399a8120725be3,SmokeExchange: Token Sale
Token Sale ,default,0xbdf5c4f1c1a9d7335a6a68d9aa011d5f40cf5520,SNGLS: Token Sale
Token Sale ,default,0x7c457dffffdea37c790e9d96ce93b86b7606ad1e,Snovio: Presale
Token Sale ,default,0x582e3d8dcd41f586fbcc6559f16476d20b2a3b95,Sociall: Token Sale
Token Sale ,default,0xbd59ed7c40f4df71d4638ea192411edc2c925a1b,SocialX: Token Sale
Token Sale ,default,0x16c452375d23d49ec94eb0743c7a644a17e48e2e,Sofin: Token Sale
Token Sale ,default,0x1103849f41222a4c348515331f0e734d4bd9ad34,SolarDAO: Token Sale
Token Sale ,default,0x63b992e6246d88f07fc35a056d2c365e6d441a3d,Soma Token
Token Sale ,default,0xd48165de9d697ae724e93a7fb2f44caa77610fa6,SovereignWallet: Token Sale
Token Sale ,default,0x53151a85ea7b82a4b43903427953efba067cde92,Sportify: Token Sale
Token Sale ,default,0xa3b7f0e143c62c260ce6d0f9c6b2d6dfd33c735d,Stacktical: Token Sale
Token Sale ,default,0x4f4e76761eb0a5a2992a6f3ab1c90a874450ecca,Starbase: Token Sale
Token Sale ,default,0x55d34b686aa8c04921397c5807db9ecedba00a4c,Status: Token Sale
Token Sale ,default,0xeba49ddea9f59f0a80ecbb1fb7a585ce0bfe5a5e,STeX Exchange: Token Sale
Token Sale ,default,0x81f6bd86c18c67756b9c76a64fc2851b5717c88c,Stimus: Token Sale
Token Sale ,default,0xe75509810e09b04eef4ebd0b471bacf5530b162e,Storj: Token Sale
Token Sale ,default,0xc88c7e1aebd89187d13bd42e1ff814d32f492bf6,StormToken: Token Sale
Token Sale ,default,0x40349a89114bb34d4e82e5bf9ae6b2ac3c78b00a,Stox: Token Sale
Token Sale ,default,0x456c4350eefd17315713b265d8be8b6063a5fab8,StuffGoGo: Token Sale
Token Sale ,default,0xaf518d65f84e4695a4da0450ec02c1248f56b668,Substratum: Token Sale
Token Sale ,default,0x9703394f8abe04458b8b64c922723b7b878c2252,SunMultiwallet: Token Sale
Token Sale ,default,0xb599ff1910a23ed2e520259c360a4a6d4986f00c,Swarm Fund: Presale
Token Sale ,default,0xbeada3257bff2d41ef6e563190e6624b57eacc89,SymmetryFund: Token Sale
Token Sale ,default,0x3077695dfce75c54984719c26265a8aaf4653516,T8Coin: Token Sale
Token Sale ,default,0x98d0d19faced5aa18b67c927b33b04ec27e264d3,Tapcoin: Token Sale
Token Sale ,default,0x510a71bd8a3ee739b099d433f5492d3f7b3fdd57,TensorBox: Token Sale
Token Sale ,default,0xd43d09ec1bc5e57c8f3d0c64020d403b04c7f783,TenX: Token Sale
Token Sale ,default,0xd77fc35cc9007557dcd18bfe26fe66f1ea3a0e7f,Tettix: Token Sale
Token Sale ,default,0xb56d622ddf60ec532b5f43b4ff9b0e7b1ff92db3,Tezos: Token Sale
Token Sale ,default,0xb84e224216fec19d8631a0ad187326bc48f91b6b,TheAbyss: Token Sale
Token Sale ,default,0x49edf201c1e139282643d5e7c6fb0c7219ad1db7,TokenCard: Token Sale
Token Sale ,default,0xe45f944e04a8e8617bb705e33c80b74e806d1e60,Trackr: Presale
Token Sale ,default,0xa971afdca01bd1ca1499346e730a3d1dc06a3a9d,Trackr: Token Sale
Token Sale ,default,0x86fe3c20379ac71ebbf8c0499b41fd2b457e4e9e,Trade.io: Token Sale
Token Sale ,default,0xa963e00c442b2ef8daf89af65bc0fab8650af4c1,Traderly: Token Sale
Token Sale ,default,0x8dd9034f7ccc805bdc4d593a01f6a2e2eb94a67a,Ubcoin: Token Sale
Token Sale ,default,0xc8fa1b3cdd5a882b577e2e32098c75fbf2597c4f,UCoin: Token Sale
Token Sale ,default,0xd0d9e2d407b726994b202a434e01e714b832153e,Unolabo: Token Sale
Token Sale ,default,0x731e773febe85a7c2c9a4b5edd3b7c7d65b02c1e,Upfiring: Token Sale
Token Sale ,default,0x325351388c17c72bf3c3a5e3e7a21b62be028dc5,Uppsala: Presale
Token Sale ,default,0xa7261f7d2cb31464408b008913a3de249316da8d,Uppsala: Token Sale
Token Sale ,default,0xaea3846e14bec1ba8f562844d39b1215a1d588c6,USDDex: Token Sale
Token Sale ,default,0x8f8e5e6515c3e6088c327257bdcf2c973b1530ad,Valus: Token Sale
Token Sale ,default,0xaaab2ec23dd5dd9602e631b8399fa94c9d134b3a,VeChain: Token Sale
Token Sale ,default,0xd980442a6ba33931cfaa57c0fd3b2c3826433dd5,VentureCoin: Token Sale
Token Sale ,default,0x8a3be504d84790d377fd2465723d4530327ed503,Verasity: Token Sale
Token Sale ,default,0x5a1583c02dbbd6edd84abe6e5159497ee77b9a88,VerifyToken: Presale
Token Sale ,default,0xe2d2ca03b4a8b1ffb7b839964f64ad90a78e81b9,VEXX: Token Sale
Token Sale ,default,0x73a42216218e39da42541f3602ac845aee0f0b5e,Vezt: Token Sale
Token Sale ,default,0x91c94bee75786fbbfdcfefba1102b68f48a002f4,Viberate: Token Sale
Token Sale ,default,0x7a121269e74d349b5ecfccb9ca948549278d0d10,ViceIndustry: Token Sale
Token Sale ,default,0xdd1ace2f45962e4c1297c784009478865e3b13be,Viewly: Token Sale
Token Sale ,default,0xee1d6be24f0997d03610f3cc5eef94b6587da36b,VIM Project: Token Sale
Token Sale ,default,0xd553e590e105f5bd6720d92cf9edc4c2c305f6eb,Vinchain: Presale
Token Sale ,default,0x5088c2985210925d15ea470a160fc08b352818d0,VIURE Founders: Token Sale
Token Sale ,default,0x708352cd28ea06e6bbd5c1a9408b4966ac1226e4,Vyral: Token Sale
Token Sale ,default,0xf8872e72bc2bdd1d8d20793a72aea9f1600c4cd3,W3C: Token Sale
Token Sale ,default,0xaac3090257be280087d8bdc530265203d105b120,Wanchain: Token Sale
Token Sale ,default,0xe5bb2aa9e4d748439a66c0f5350257abbce4d8b6,WandX: Token Sale
Token Sale ,default,0x53c9e14ed72e88905d4768c53487ab1c013682da,WebLifeGold: Token Sale
Token Sale ,default,0x8a451bcd32a78661678e08a724c9f759906fd2eb,Winbix: Token Sale
Token Sale ,default,0xa8bf430972c5ee2250ea829d1821fbf02ccaf297,WinTokens: Presale
Token Sale ,default,0x81481c47639c8e1bbf07e7b1b868b48ee8bbcd23,WisePlat: Token Sale
Token Sale ,default,0x85e49ad719a539fb9fbb1dfe0ce9a2cc184d5c9f,Witcoin: Token Sale
Token Sale ,default,0xf137c481c6e41387419ee877d6cdd1e70799571b,WYS: Token Sale
Token Sale ,default,0x30b4d6e27c7930cc79cc6e130151cc177daca745,Xrpc: Token Sale
Token Sale ,default,0xc87274a20dfbeaf763a85c3852875477e4d0c27d,XToken: Token Sale
Token Sale ,default,0xac31924b7e27b063e1ed4e3d7234a1e4aa32d81d,YouTweakIt: Token Sale
Token Sale ,default,0xef90b9fea51c983827ba3b79c3c19a9751fc7e99,Zebi: Token Sale
Token Sale ,default,0xc0c07641a65ad6f9244e8d9056c131eceafa38f9,ZeelCoin: Presale
Token Sale ,default,0xb9cea999eee3e5a57dda1ea8d39b2bfa59704a86,Zeex: Token Sale
Token Sale ,default,0x33e3ffd74d98a688a3bc48907d0a8102f5793379,Zelaacoin: Token Sale
Token Sale ,default,0x5b6c645389b7013cac775c01eb670bb3b735125e,ZipCoin: Token Sale
Token Sale ,default,0x74fc5903d368005a7ab8bc0e518889c0edcab175,Zynecoin: Token Sale
