labelName,tabType,address,nameTag
Tokenlon ,default,0x3212b29e33587a00fb1c83346f5dbfa69a458923,imBTC Token
Tokenlon ,default,0x8a42d311d282bfcaa5133b2de0a8bcdbecea3073,Tokenlon: Allowance Target
Tokenlon ,default,0x7839254cff8aafbdc2da66fe709eb8f17ce09fe5,Tokenlon: AMM Quoter
Tokenlon ,default,0x904144473fde753dc0729608cfeea6f4a8b275e6,Tokenlon: AMM Wrapper
Tokenlon ,default,0x3b1b761ec28b63227a1e7204a80622180dccc22f,Tokenlon: Deployer
Tokenlon ,default,0x2870719cef30785261ede70d7bdaaba0a772cf6f,Tokenlon: Deployer 2
Tokenlon ,default,0xdc6c91b569c98f9f6f74d90f9beff99fdaf4248b,Tokenlon: DEX 1
Tokenlon ,default,0x03f34be1bf910116595db1b11e9d1b2ca5d59659,Tokenlon: DEX 2
Tokenlon ,default,0x00000000d49a1772a9ed1533f0d6b7f54a4a814e,Tokenlon: Emergency Recipient
Tokenlon ,default,0xb9e29984fe50602e7a619662ebed4f90d93824c7,Tokenlon: Fee Recipient
Tokenlon ,default,0x0000000000095413afc295d19edeb1ad7b71c952,Tokenlon: LON Token
Tokenlon ,default,0x0000000006a0403952389b70d8ee4e45479023db,Tokenlon: Merkle Redeem
Tokenlon ,default,0x292a6921efc261070a0d5c96911c102cbf1045e4,Tokenlon: Mining Treasury
Tokenlon ,default,0x74c3ca9431c009dc35587591dc90780078174f8a,Tokenlon: Multisig 1
Tokenlon ,default,0x9afc226dc049b99342ad6774eeb08bfa2f874465,Tokenlon: Multisig 2
Tokenlon ,default,0x0485c25a5e8d7d0c5676d0e6d3bfc4aa597ba0b0,Tokenlon: Permanent Storage
Tokenlon ,default,0x6d9cc14a1d36e6ff13fc6efa9e9326fcd12e7903,Tokenlon: Permanent Storage Proxy
Tokenlon ,default,0x8d90113a1e286a5ab3e496fbd1853f265e5913c6,Tokenlon: PMM
Tokenlon ,default,0xbf1c2c17cc77e7dec3466b96f46f93c09f02ab07,Tokenlon: Rewards Distributor
Tokenlon ,default,0x3c68dfc45dc92c9c605d92b49858073e10b857a6,Tokenlon: Spender
Tokenlon ,default,0x413ecce5d56204962090eef1dead4c0a247e289b,Tokenlon: Staking
Tokenlon ,default,0x929cf614c917944dd278bc2134714eaa4121bc6a,Tokenlon: Staking Rewards
Tokenlon ,default,0xba4f753781b1e7a9e2a46618b7721a4685206020,Tokenlon: Staking Rewards Factory
Tokenlon ,default,0x000000003a8dbf47cd362eda39b3a5f3fc6e99ce,Tokenlon: Treasury Vester Factory
Tokenlon ,default,0x89062f9dd198bcefb07417e488a6be71c1c9f1c3,Tokenlon: User Proxy
Tokenlon ,default,0xf88506b0f1d30056b9e5580668d5875b9cd30f23,Tokenlon: xLON Token
