labelName,tabType,address,nameTag
Trade.io ,default,0x1119aaefb02bf12b84d28a5d8ea48ec3c90ef1db,Trade.io
Trade.io ,default,0xd947b0ceab2a8885866b9a04a06ae99de852a3d4,Trade.io Token
Trade.io ,default,0x80bc5512561c7f85a3a9508c7df7901b370fa1df,Trade.io: Old Token
Trade.io ,default,0x86fe3c20379ac71ebbf8c0499b41fd2b457e4e9e,Trade.io: Token Sale
Trade.io ,default,0x58f75ddacffb183a30f69fe58a67a0d0985fce0f,Trade.io: Wallet 1
Trade.io ,default,0x5a2fad810f990c4535ada938400b6b67ef7646af,Trade.io: Wallet 2
