labelName,tabType,address,nameTag
TrustToken ,default,0x00006100f7090010005f1bd7ae6122c3c2cf0090,TrueAUD
TrustToken ,default,0x00000100f2a2bd000715001920eb70d229700085,TrueCAD
TrustToken ,default,0x00000000441378008ea67f4284a57932b1c000a5,TrueGBP
TrustToken ,default,0x0000852600ceb001e08e00bc008be620d60031f2,TrueHKD
TrustToken ,default,0xd6c03398c2113447d736c869a5c9118823cce9ca,TrueUSD: Implementation
TrustToken ,default,0x8dd5fbce2f6a956c3022ba3663759011dd51e73e,TrueUSD: Legacy Contract
TrustToken ,default,0x0000000000075efbee23fe2de1bd0b7690883cc9,TrueUSD: Token Controller
TrustToken ,default,0x21c464af99159ab6b220dc169ff3f57fe1cdfaf4,TrueUSD: Token Controller Implementation
TrustToken ,default,0x0000000000085d4780b73119b644ae5ecd22b376,TrueUSD: TUSD Token
TrustToken ,default,0x0000000000013949f288172bd7e36837bddc7211,TrustToken: Registry
TrustToken ,default,0x3583950a5273624c83bf3219a30a97c28e740480,TrustToken: Registry Implementation
