labelName,tabType,address,nameTag
unagii.com ,Main,0x634b0273d7060313faa60f96705116c9de50fa1f,unagii.com: uDAIv2 Token
unagii.com ,Main,0xde07f45688cb6cfaac398c1485860e186d55996d,unagii.com: uETHv2 Token
unagii.com ,Main,0x791fb6a7152e980233cd94d83fd4b4630f888c5c,unagii.com: uKNC Token
unagii.com ,Main,0x49b09e7e434a3a4a924a3b640cbba54bf93b5677,unagii.com: uUSDCv2 Token
unagii.com ,Main,0xbf8734c5a7b3e6d88aa0110bebb37844ac043d0a,unagii.com: uUSDTv2 Token
unagii.com ,Main,0x7f20551e082ba3e035f2890cbd1ec4e275b9c8c0,unagii.com: uWBTCv2 Token
unagii.com ,Others,0x634b0273d7060313faa60f96705116c9de50fa1f,unagii.com: uDAIv2 Token
unagii.com ,Others,0xde07f45688cb6cfaac398c1485860e186d55996d,unagii.com: uETHv2 Token
unagii.com ,Others,0x791fb6a7152e980233cd94d83fd4b4630f888c5c,unagii.com: uKNC Token
unagii.com ,Others,0x49b09e7e434a3a4a924a3b640cbba54bf93b5677,unagii.com: uUSDCv2 Token
unagii.com ,Others,0xbf8734c5a7b3e6d88aa0110bebb37844ac043d0a,unagii.com: uUSDTv2 Token
unagii.com ,Others,0x7f20551e082ba3e035f2890cbd1ec4e275b9c8c0,unagii.com: uWBTCv2 Token
unagii.com ,Legacy,0x017ff603cc711008772d32c03091d3cba371bcd3,unagii.com: Old KNC pool
unagii.com ,Legacy,0x4ad0b81f92b16624bbcf46fc0030cfbbf8d02376,unagii.com: Old uDAI Token
unagii.com ,Legacy,0x77607588222e01bf892a29abab45796a2047fc7b,unagii.com: Old uETH Token
unagii.com ,Legacy,0xbc5991ccd8caceba01edc44c2bb9832712c29cab,unagii.com: Old uUSDC Token
unagii.com ,Legacy,0x178bf8fd04b47d2de3ef3f6b3d112106375ad584,unagii.com: Old uUSDT Token
unagii.com ,Legacy,0x3af5ba94c29a8407785f5f6d90ef5d69a8eb2436,unagii.com: Old uWBTC Token
