labelName,tabType,address,nameTag
Unibright ,default,0x1ff21eca1c3ba96ed53783ab9c92ffbf77862584,Ambisafe Operations
Unibright ,default,0x556be6cedc08ab4364ecef47f999be1bac293f23,Unibright: Carbonara Lockup
Unibright ,default,0xc745342761267cd82c7772499312d54afd98eada,Unibright: Client Company 2 Lockup
Unibright ,default,0x595272235ba0951e5d7fbd41350e30bb17bea16a,Unibright: Client Company Lockup
Unibright ,default,0xb71b8e95af3c10d386a31015ed9125a8e2c2a276,Unibright: Client ProofOfConcept Lockup
Unibright ,default,0x9952166fca1f6410c8f30b76f411bdf4257710fd,Unibright: Client Study Lockup
Unibright ,default,0xf55fcbaf097158adae280bef309b8ad03e551d74,Unibright: Deep Dive Workshop Supply Chain Lockup
Unibright ,default,0x62588aa3e37042c186cb40fa4d0a6b105fa34e20,Unibright: Deployer
Unibright ,default,0xafbbc7359d4489a8b6b8d96053c2d013f7418edc,Unibright: EMINENT / EEA / Baseline Lockup
Unibright ,default,0x32540a276fb2a63b4922ae5b12d277211dd54833,Unibright: First Touch and Small Workshops Lockup
Unibright ,default,0x147aea1ac5ef81ba60e910ddb1aa71498944251b,Unibright: Large Workshop Custodian Lockup
Unibright ,default,0xc50bb7840a5ad8424eb1e6553efff3f31bab2f76,Unibright: Large Workshop Real Estate Lockup
Unibright ,default,0x1717fccaed27e1196a26f0e94ab8102ed8c83f54,Unibright: Large Workshop STO Lockup
Unibright ,default,0x37b0897c0f3b48a423a4a351cec02e33f0df973f,Unibright: Medium Workshop Track & Trace Lockup
Unibright ,default,0x587eaf1c867b26e074aa047852013db99a0a5f82,Unibright: UB Demo Lockup
Unibright ,default,0x8400d94a5cb0fa0d041a3788e395285d61c9ee5e,Unibright: UBT Token
