labelName,tabType,address,nameTag
Unifier System ,Main,0xec02cec4edd54196d2767b61f43b29a49b056fe6,Unifier System: UNIF Token
Unifier System ,Main,0x0d93efb410765f2025b2ae07740274eb495fafeb,Unifier System: USDC Treasure
Unifier System ,Main,0xcaee4a96e3fa7efea170f7df9658aefd2cbe7e7c,Unifier System: USDT Treasure
Unifier System ,Others,0xec02cec4edd54196d2767b61f43b29a49b056fe6,Unifier System: UNIF Token
Unifier System ,Others,0x0d93efb410765f2025b2ae07740274eb495fafeb,Unifier System: USDC Treasure
Unifier System ,Others,0xcaee4a96e3fa7efea170f7df9658aefd2cbe7e7c,Unifier System: USDT Treasure
