labelName,tabType,address,nameTag
Unit Protocol ,default,0x0e13ab042ec5ab9fc6f43979406088b9028f66fa,Unit Protocol: CDP Manager 01
Unit Protocol ,default,0xad3617d11f4c1d30603551ea75e9ace9cb386e15,Unit Protocol: CDP Manager01_Fallback
Unit Protocol ,default,0x921985f4220e33c202fbb3b7ddc92f46fb219a09,Unit Protocol: Deployer
Unit Protocol ,default,0xf827ac3a510eca8d7f356c9c9d78699d5848cabf,Unit Protocol: Deployer 1
Unit Protocol ,default,0x92e187a03b6cd19cb6af293ba17f2745fd2357d5,Unit Protocol: DUCK Token
Unit Protocol ,default,0xb1cff81b9305166ff1efc49a129ad2afcd7bcf19,Unit Protocol: FTM Vault
Unit Protocol ,default,0xaef1ed4c492bf4c57221be0706def67813d79955,Unit Protocol: Liquidation Auction 02
Unit Protocol ,default,0x1456688345527be1f37e9e627da0837d6f08c925,Unit Protocol: USDP Stablecoin
Unit Protocol ,default,0x203153522b9eaef4ae17c6e99851ee7b2f7d312e,Unit Protocol: Vault Manager Parameters
Unit Protocol ,default,0xb46f8cf42e504efe8bef895f848741daa55e9f1d,Unit Protocol: Vault Parameters
