labelName,tabType,address,nameTag
Vesper Finance ,default,0x8d0b8e2b5584ce1487317f81da7d97397ef3e899,Vesper Finance: Collateral Manager
Vesper Finance ,default,0xa4f1671d3aee73c05b552d57f2d16d3cfcbd0217,Vesper Finance: Controller
Vesper Finance ,default,0x2c361913e2da663e1898162ec01497c46eb87abf,Vesper Finance: vBetaETH Pool
Vesper Finance ,default,0x1e86044468b92c310800d4b350e0f83387a7097f,Vesper Finance: vBetaUSDC Pool
Vesper Finance ,default,0x74cc5bc20b0c396df5680ee4aeb6169a6288a8af,Vesper Finance: vBetaWBTC Pool
Vesper Finance ,default,0xca0c34a3f35520b9490c1d58b35a19ab64014d80,Vesper Finance: vDAI Pool
Vesper Finance ,default,0x103cc17c2b1586e5cd9bad308690bcd0bbe54d5e,Vesper Finance: vETH Token
Vesper Finance ,default,0x0a27e910aee974d05000e05eab8a4b8ebd93d40c,Vesper Finance: vLINK Pool
Vesper Finance ,default,0x0c49066c0808ee8c673553b7cbd99bcc9abf113d,Vesper Finance: vUSDC Token
Vesper Finance ,default,0xb1c0d6efd3bab0fc3ca648a12c15d0827e3bcde5,Vesper Finance: vUSDC-v2.1 Pool
Vesper Finance ,default,0xba4cfe5741b357fa371b506e5db0774abfecf8fc,Vesper Finance: vVSP Pool
Vesper Finance ,default,0xcc9be1b4ae3c9d20e8dfe6cc041e196150ac0605,Vesper Finance: vWBTC Pool
Vesper Finance ,default,0x4b2e76ebbc9f2923d83f5fbde695d8733db1a17b,Vesper Finance: vWBTC Token
