labelName,tabType,address,nameTag
Wallet App ,default,0x6b59210ade46b62b25e82e95ab390a7ccadd4c3a,Bitberry
Wallet App ,default,0xa9c7d31bb1879bff8be25ead2f59b310a52b7c5a,Cobo
Wallet App ,default,0x4fed1fc4144c223ae3c1553be203cdfcbd38c581,Cryptonator
Wallet App ,default,0x7ed1e469fcb3ee19c0366d829e291451be638e59,Freewallet
Wallet App ,default,0x28c9386ebab8d52ead4a327e6423316435b2d4fc,RenrenBit
Wallet App ,default,0x46c635b772115ad2c3df7abe0d35eb908abad4b8,Streamity: STM Wallet App
Wallet App ,default,0x6e8d7d12c3f0a9285981b8998ce7cf0cf0bce78e,ZixiPay
