labelName,tabType,address,nameTag
Wrapped Bitcoin ,Main,0xca06411bd7a7296d7dbdd0050dfc846e95febeb7,Wrapped BTC: Controller
Wrapped Bitcoin ,Main,0xe5a5f138005e19a3e6d0fe68b039397eeef2322b,Wrapped BTC: Factory
Wrapped Bitcoin ,Main,0x3e8640574aa764763291ed733672d3a105107ac5,Wrapped BTC: Members
Wrapped Bitcoin ,Main,0x2260fac5e5542a773aa44fbcfedf7c193bc2c599,Wrapped BTC: WBTC Token
Wrapped Bitcoin ,Others,0xca06411bd7a7296d7dbdd0050dfc846e95febeb7,Wrapped BTC: Controller
Wrapped Bitcoin ,Others,0xe5a5f138005e19a3e6d0fe68b039397eeef2322b,Wrapped BTC: Factory
Wrapped Bitcoin ,Others,0x3e8640574aa764763291ed733672d3a105107ac5,Wrapped BTC: Members
Wrapped Bitcoin ,Others,0x2260fac5e5542a773aa44fbcfedf7c193bc2c599,Wrapped BTC: WBTC Token
