labelName,tabType,address,nameTag
Yam.Finance ,Main,0x62702387c2a26c903985e9d078d18c45acae0908,Yam.Finance: Governor
Yam.Finance ,Main,0x5b0501f7041120d36bc8c6dc3faea0b74b32a0ed,Yam.Finance: Incentivizer
Yam.Finance ,Main,0x72cfed9293cbfb2bfc7515c413048c697c6c811c,Yam.Finance: Migrator
Yam.Finance ,Main,0x1fb361f274f316d383b94d761832ab68099a7b00,Yam.Finance: Rebaser
Yam.Finance ,Main,0xcf27ca116dd5c7b4201c75b46489d1c075362087,Yam.Finance: Reserves
Yam.Finance ,Main,0x8b4f1616751117c38a0f84f9a146cca191ea3ec5,Yam.Finance: Timelock
Yam.Finance ,Main,0x0aacfbec6a24756c20d41914f2caba817c0d8521,Yam.Finance: YAM Token
Yam.Finance ,Others,0x683a78ba1f6b25e29fbbc9cd1bfa29a51520de84,Yam.Finance: Deployer
Yam.Finance ,Others,0xf1d7c9e4c57a5c1902f4a4ae2630d2da78ffb1c1,Yam.Finance: Migration Contract
Yam.Finance ,Others,0x90c1f9220d90d3966fbee24045edd73e1d588ad5,Yearn.Finance: Voting YFI
Yam.Finance ,Others,0x4c1317326fd8efdebdbe5e1cd052010d97723bd6,yearn: Old yCRV Token
Yam.Finance ,Legacy,0x9ebb67687fee2d265d7b824714df13622d90e663,Yam.Finance: AMPL Pool
Yam.Finance ,Legacy,0x8538e5910c6f80419cd3170c26073ff238048c9e,Yam.Finance: COMP Pool
Yam.Finance ,Legacy,0x6009a344c7f993b16eba2c673fefd2e07f9be5fd,Yam.Finance: LEND Pool
Yam.Finance ,Legacy,0xfdc28897a1e32b595f1f4f1d3ae0df93b1eee452,Yam.Finance: LINK Pool
Yam.Finance ,Legacy,0xcfe1e539acb2d489a651ca011a6eb93d32f97e23,Yam.Finance: MKR Pool
Yam.Finance ,Legacy,0x0e2298e3b3390e3b945a5456fbf59ecc3f55da16,Yam.Finance: Old YAM V1 Token
Yam.Finance ,Legacy,0xaba8cac6866b83ae4eec97dd07ed254282f6ad8a,Yam.Finance: Old YAMv2 Token
Yam.Finance ,Legacy,0x6c3fc1ffdb14d92394f40eec91d9ce8b807f132d,Yam.Finance: SNX Pool
Yam.Finance ,Legacy,0x587a07ce5c265a38dd6d42def1566ba73eeb06f5,Yam.Finance: WETH Pool
Yam.Finance ,Legacy,0xaddbcd6a68bfeb6e312e82b30ce1eb4a54497f4c,Yam.Finance: yCrv Uniswap Pool
Yam.Finance ,Legacy,0xc5b6488c7d5bed173b76bd5dca712f45fb9eaeab,Yam.Finance: YFI Pool
