labelName,tabType,address,nameTag
Yearn.Finance ,Main,0xa069e33994dcc24928d99f4bbeda83aaef00b5f3,yearn: Strategy Curve YCRV
Yearn.Finance ,Main,0x93a62da5a14c80f265dabc077fcee437b1a0efde,yearn: Treasury Vault
Yearn.Finance ,Main,0x29e240cfd7946ba20895a7a02edb25c210f9f324,yearn: yaLINK Vault
Yearn.Finance ,Main,0x04bc0ab673d88ae9dbc9da2380cb6b79c4bca9ae,yearn: yBUSD Token
Yearn.Finance ,Main,0x5dbcf33d8c2e976c6b560249878e6f1491bca25c,yearn: yCRV Vault
Yearn.Finance ,Main,0x975f1bc238303593efab00d63cf0fc5f519a8de0,yearn: yCurve Zap In
Yearn.Finance ,Main,0xed03415e5705c5abbf8e94c491b715df526cad55,yearn: yCurve Zap Out
Yearn.Finance ,Main,0x2c3a2558e9b91e893e53bce94de3457a29f6b262,yearn: yCurve Zap Swap
Yearn.Finance ,Main,0x16de59092dae5ccf4a1e6439d611fd0653f0bd01,yearn: yDAI Token
Yearn.Finance ,Main,0xf61718057901f84c4eec4339ef8f0d86d2b45600,yearn: ySUSD Token
Yearn.Finance ,Main,0x73a052500105205d34daf004eab301916da8190f,yearn: yTUSD Token
Yearn.Finance ,Main,0xd6ad7a6750a7593e092a9b218d66c0a814a3436e,yearn: yUSDC Token
Yearn.Finance ,Main,0x597ad1e0c13bfe8025993d9e79c69e1c0233522e,yearn: yUSDC Vault
Yearn.Finance ,Main,0x83f798e925bcd4017eb265844fddabb448f1707d,yearn: yUSDT Token
Yearn.Finance ,Main,0xba2e7fed597fd0e3e70f5130bcdbbfe06bb94fe1,yearn: yYFI Vault
Yearn.Finance ,Main,0x033e52f513f9b98e129381c6708f9faa2dee5db5,Ygov.finance: Balancer
Yearn.Finance ,Main,0xb01419e74d8a2abb1bbad82925b19c36c191a701,Ygov.finance: Fee Rewards
Yearn.Finance ,Main,0x3a22df48d84957f907e67f4313e3d43179040d6e,Ygov.finance: Governance
Yearn.Finance ,Main,0x0001fb050fe7312791bf6475b96569d83f695c9f,Ygov.finance: yearn
Yearn.Finance ,Main,0x0bc529c00c6401aef6d220be8c6ea1667f6ad93e,Ygov.finance: YFI Token
Yearn.Finance ,Others,0x1cc481ce2bd2ec7bf67d1be64d4878b16078f309,Fixed Forex: ibCHF Token
Yearn.Finance ,Others,0xbb3bf20822507c70eafdf11c7469c98fc752ccca,Iron Bank Fixed Forex: Deployer
Yearn.Finance ,Others,0x96e61422b6a9ba0e068b6c5add4ffabc6a4aae27,Iron Bank Fixed Forex: ibEUR Token
Yearn.Finance ,Others,0xdf5e4e54d212f7a01cf94b3986f40933fcff589f,Yearn Finance: Buyback
Yearn.Finance ,Others,0x6903223578806940bd3ff0c51f87aa43968424c8,Yearn Finance: Buyback 2
Yearn.Finance ,Others,0x03403154afc09ce8e44c3b185c82c6ad5f86b9ab,Yearn Finance: yCRV/Aave Vault
Yearn.Finance ,Others,0x46afc2dfbd1ea0c0760cad8262a5838e803a37e5,Yearn Finance: yCRV/HBTC Vault
Yearn.Finance ,Others,0xcb550a6d4c8e3517a939bc79d0c7093eb7cf56b5,Yearn Finance: yCRV/WBTC Vault
Yearn.Finance ,Others,0x0a61c2146a7800bdc278833f21ebf56cd660ee2a,Yearn.Finance: Stealth Relayer
Yearn.Finance ,Others,0xc454f4e1ddb39c8de9663287d52b0e4feb4ca45e,Yearn.Finance: Stealth Vault
Yearn.Finance ,Others,0x35f5a420ef9bcc748329021fbd4ed0986abdf201,Yearn.Finance: The Blue Pill
Yearn.Finance ,Others,0x8e6741b456a074f0bc45b8b82a755d4af7e965df,yearn: 3CRV/DUSD Vault
Yearn.Finance ,Others,0x2d407ddb06311396fe14d4b49da5f0471447d45c,yearn: Deployer
Yearn.Finance ,Others,0x710295b5f326c2e47e6dd2e7f6b5b0f7c5ac2f24,yearn: Deployer 1
Yearn.Finance ,Others,0x7d96ab1f847c3564b8f9a93f35e1027ada74aec2,Yearn: Deployer 4
Yearn.Finance ,Others,0xe15461b18ee31b7379019dc523231c57d1cbc18c,yearn: Deployer 6
Yearn.Finance ,Others,0x50c1a2ea0a861a967d9d0ffe2ae4012c2e053804,yearn: Deployer 7
Yearn.Finance ,Others,0x0b634a8d61b09820e9f72f79cdcbc8a4d0aad26b,Yearn: Deployer 8
Yearn.Finance ,Others,0xc97232527b62efb0d8ed38cf3ea103a6cca4037e,Yearn: lp-yCRV Token
Yearn.Finance ,Others,0x27b5739e22ad9033bcbf192059122d163b60349d,Yearn: st-yCRV Token
Yearn.Finance ,Others,0xd0660cd418a64a1d44e9214ad8e459324d8157f1,Yearn: WOOFY Token
Yearn.Finance ,Others,0x9ca85572e6a3ebf24dedd195623f188735a5179f,yearn: y3Crv Vault
Yearn.Finance ,Others,0xfcc5c47be19d06bf83eb04298b026f81069ff65b,Yearn: yCRV Token
Yearn.Finance ,Others,0x27b7b1ad7288079a66d12350c828d3c00a6f07d7,yearn: yCRV-IB Vault
Yearn.Finance ,Others,0x7047f90229a057c13bf847c0744d646cfb6c9e1a,yearn: yCRV-renBTC Vault
Yearn.Finance ,Others,0x5533ed0a3b83f70c3c4a1f69ef5546d3d4713e44,yearn: yCRV/ DAI-USDC-USDT-sUSD Vault
Yearn.Finance ,Others,0xb8c3b7a2a618c552c23b1e4701109a9e756bab67,yearn: yCRV/1Inch Vault
Yearn.Finance ,Others,0xe625f5923303f1ce7a43acfefd11fd12f30dbca4,yearn: yCRV/aETH Vault
Yearn.Finance ,Others,0xa8b1cb4ed612ee179bdea16cca6ba596321ae52d,yearn: yCRV/bBTC Vault
Yearn.Finance ,Others,0x2994529c0652d127b7842094103715ec5299bbed,yearn: yCRV/BUSD Vault
Yearn.Finance ,Others,0x629c759d1e83efbf63d84eb3868b564d9521c129,yearn: yCRV/Compound Vault
Yearn.Finance ,Others,0x98b058b2cbacf5e99bc7012df757ea7cfebd35bc,yearn: yCRV/EURS Vault
Yearn.Finance ,Others,0xcc7e70a958917cce67b4b87a8c30e6297451ae98,yearn: yCRV/GUSD Vault
Yearn.Finance ,Others,0x625b7df2fa8abe21b0a976736cda4775523aed1e,yearn: yCRV/HBTC Vault
Yearn.Finance ,Others,0x39546945695dcb1c037c836925b355262f551f55,Yearn: yCRV/HUSD Vault
Yearn.Finance ,Others,0x96ea6af74af09522fcb4c28c269c26f59a31ced6,yearn: yCRV/Link Vault
Yearn.Finance ,Others,0x0fcdaedfb8a7dfda2e9838564c5a1665d856afdf,yearn: yCRV/MUSD Vault
Yearn.Finance ,Others,0x7f83935ecfe4729c4ea592ab2bc1a32588409797,yearn: yCRV/oBTC Vault
Yearn.Finance ,Others,0x123964ebe096a920dae00fb795ffbfa0c9ff4675,yearn: yCRV/pBTC Vault
Yearn.Finance ,Others,0x5334e150b938dd2b6bd040d9c4a03cff0ced3765,yearn: yCRV/renBTC Vault
Yearn.Finance ,Others,0x7ff566e1d69deff32a7b244ae7276b9f90e9d0f6,yearn: yCRV/renBTC/wBTC/sBTC Vault
Yearn.Finance ,Others,0xbacb69571323575c6a5a3b4f9eede1dc7d31fbc1,yearn: yCRV/sAave Vault
Yearn.Finance ,Others,0xb4d1be44bff40ad6e506edf43156577a3f8672ec,yearn: yCRV/sAave Vault 2
Yearn.Finance ,Others,0x8414db07a7f743debafb402070ab01a4e0d2e45e,yearn: yCRV/sBTC Vault
Yearn.Finance ,Others,0x986b4aff588a109c09b50a03f42e4110e29d353f,yearn: yCRV/sETH Vault
Yearn.Finance ,Others,0xdcd90c7f6324cfa40d7169ef80b12031770b4325,yearn: yCRV/stETH Vault
Yearn.Finance ,Others,0x07fb4756f67bd46b748b16119e802f1f880fb2cc,yearn: yCRV/tBTC Vault
Yearn.Finance ,Others,0xfe39ce91437c76178665d64d7a2694b0f6f17fe3,yearn: yCRV/USDN Vault
Yearn.Finance ,Others,0x1b5eb1173d2bf770e50f10410c9a96f7a8eb6e75,yearn: yCRV/USDP Vault
Yearn.Finance ,Others,0xf6c9e9af314982a4b38366f4abfaa00595c5a6fc,yearn: yCRV/UST Vault
Yearn.Finance ,Others,0xa9fe4601811213c340e850ea305481aff02f5b28,yearn: yCRV/WETH Vault
Yearn.Finance ,Others,0xe14d13d8b3b85af791b2aadd661cdbd5e6097db1,yearn: yCRV/YFI Vault
Yearn.Finance ,Others,0xc2cb1040220768554cf699b0d863a3cd4324ce32,yearn: yDAI Token 3
Yearn.Finance ,Others,0xacd43e627e64355f1861cec6d3a6688b31a6f952,yearn: yDAI Vault
Yearn.Finance ,Others,0x19d3364a399d251e894ac732651be8b0e4e85001,yearn: yDAI Vault V2
Yearn.Finance ,Others,0x020171085bcd43b6fd36ad8c95ad61848b1211a2,Yearn: yGifts
Yearn.Finance ,Others,0xec0d8d3ed5477106c6d4ea27d90a60e594693c90,yearn: yGUSD Vault
Yearn.Finance ,Others,0x881b06da56bb5675c54e4ed311c21e54c5025298,yearn: yLINK Vault
Yearn.Finance ,Others,0x37d19d1c4e1fa9dc47bd1ea12f742a0887eda74a,yearn: yTUSD Vault
Yearn.Finance ,Others,0x26ea744e5b887e5205727f55dfbe8685e3b21951,yearn: yUSDC Token 3
Yearn.Finance ,Others,0x5f18c75abdae578b483e5f43f12a39cf75b973a9,yearn: yUSDC Vault V2
Yearn.Finance ,Others,0xe6354ed5bc4b393a5aad09f21c46e101e692d447,yearn: yUSDT Token 3
Yearn.Finance ,Others,0x2f08119c6f07c006695e079aafc638b8789faf18,yearn: yUSDT Vault
Yearn.Finance ,Others,0x9d409a0a012cfba9b15f6d4b36ac57a46966ab9a,yearn: yvBOOST Vault
Yearn.Finance ,Others,0xda816459f1ab5631232fe5e97a05bbbb94970c95,Yearn: yvDAI Vault
Yearn.Finance ,Others,0xc5bddf9843308380375a611c18b50fb9341f502a,yearn: yveCRV-DAO Vault
Yearn.Finance ,Others,0xe11ba472f74869176652c35d30db89854b5ae84d,yearn: yvHEGIC Vault
Yearn.Finance ,Others,0xe0db48b4f71752c4bef16de1dbd042b82976b8c7,yearn: yvmUSD Vault
Yearn.Finance ,Others,0xa354f35829ae975e850e23e9615b11da1b3dc4de,Yearn: yvUSDC Vault
Yearn.Finance ,Others,0xe1237aa7f535b0cc33fd973d66cbf830354d16c7,yearn: yWETH Vault
Yearn.Finance ,Others,0x04aa51bbcb46541455ccf1b8bef2ebc5d3787ec9,yearn: yWTBC Token
Yearn.Finance ,Legacy,0x9d25057e62939d3408406975ad75ffe834da4cdd,yearn: yDAI Token 2
Yearn.Finance ,Legacy,0x36324b8168f960a12a8fd01406c9c78143d41380,yearn: ySUSD Token 2
Yearn.Finance ,Legacy,0xa2609b2b43ac0f5ebe27deb944d2a399c201e3da,yearn: yUSDC Token 2
Yearn.Finance ,Legacy,0xa1787206d5b1be0f432c4c4f96dc4d1257a1dd14,yearn: yUSDT Token 2
