labelName,tabType,address,nameTag
Zerion ,Main,0x30f0bb7556159b0e812de4af7023dacfdd4f7110,Zerion: Aave Debt Adapter
Zerion ,Main,0x987f3db2eec36224ba3f2d907fd93ec8aa208ac3,Zerion: Aave Token Adapter
Zerion ,Main,0x581ae5af7afa6f8171bbf40d1981779f168a9523,Zerion: Balancer Adapter
Zerion ,Main,0xb45c5ae417f70e4c52dfb784569ce843a45fe8ca,Zerion: Balancer Token Adapter
Zerion ,Main,0xa5dc252b96de88d9f4dcb5f687e5c0d049389aff,Zerion: Bancor Adapter
Zerion ,Main,0x0efbd54c0aac9bc939a159e09f6713d941bb4a57,Zerion: Bancor Token Adapter
Zerion ,Main,0x2449f66700a3e29d0ea3927af142f3d39f2c110e,Zerion: Chai Adapter
Zerion ,Main,0x186106d8369591facd3d80124b6e4f5d0f2f9418,Zerion: Chai Token Adapter
Zerion ,Main,0xaa74b0f33cab1b291980532bc5e0057e10adb2a3,Zerion: Compound Asset Adapter
Zerion ,Main,0xae61b0d0a562e5c1daf9c1ded4a8fd6a770b639a,Zerion: Compound Debt Adapter
Zerion ,Main,0x87968386134a636b3000c26a4b15126d41bb8962,Zerion: Compound Token Adapter
Zerion ,Main,0xed8885a1e77b5d679544b06196fe8ecc69367ebd,Zerion: Curve Adapter
Zerion ,Main,0x36c60c1cc2818ccb9ea5a1b87c0b309196d2d867,Zerion: Curve Token Adapter
Zerion ,Main,0x06fe76b2f432fdfecaef1a7d4f6c3d41b5861672,Zerion: DeFi SDK AdapterRegistry v0.1
Zerion ,Main,0xd9fadfafe49712c420b5efc85774f178fb2f3da3,Zerion: Dmm Adapter
Zerion ,Main,0xb018afbbe41bee25d92e595796c50a934d701771,Zerion: Dmm Token Adapter
Zerion ,Main,0xb99941b684d01e91af27b5eb88ef7405d3cfdefe,Zerion: DSR Adapter
Zerion ,Main,0x375c3222bb7d4834b4381abd4ed15dff4d4c0a68,Zerion: dYdX Asset Adapter
Zerion ,Main,0xbf3fc291876707b2d0c8fc49bcd76fae00219d37,Zerion: dYdX Debt Adapter
Zerion ,Main,0x85609afe45ee16e52acb33b8ad103531fc959647,Zerion: ERC20 Token Adapter
Zerion ,Main,0x363452e08751311efe6d99457ffb5fa3d048e30a,Zerion: Idle Adapter
Zerion ,Main,0xb72a4af9052728b830c814a256600f9b0920dd95,Zerion: Idle Token Adapter
Zerion ,Main,0xc9131a1bf881bbbdf50272adedabce5a9d62aab1,Zerion: Iearn Adapter v2
Zerion ,Main,0x38567918557518272a87087aa4a3729fcd3f410b,Zerion: Iearn Adapter v3
Zerion ,Main,0x65b23774dae2a5be02dd275918ddf048d177a5b4,Zerion: Iearn Token Adapter
Zerion ,Main,0x2e9ddd0026cc3f26393ae7796ccdc8ed1fb4bd05,Zerion: MCD Asset Adapter
Zerion ,Main,0x525a4259435682ab0d4bb6c8f0cdee25f5b6cd26,Zerion: MCD Debt Adapter
Zerion ,Main,0x8342228044fd5dc6fcf6b1c9a466da83dea28ae1,Zerion: PieDAO Pie Adapter
Zerion ,Main,0x2d66427c0614b703efaa3da4efd97fe05de11bf3,Zerion: PieDAO Pie Token Adapter
Zerion ,Main,0x6d4bd4137d0b2bd7146cd7bbcf57065c8f8ec080,Zerion: PoolTogether Adapter
Zerion ,Main,0xaa296eca3c01fcc70eb621d6d2ba0292ff58555d,Zerion: PoolTogether Token Adapter
Zerion ,Main,0x3fa5029121537a3895ca0ca196828f57b13b0ce8,Zerion: Synthetix Asset Adapter
Zerion ,Main,0x8537550aceccef73af7b05c83e25e80f2531c964,Zerion: Synthetix Debt Adapter
Zerion ,Main,0x6dd6a07ca202514ad502676fc42f76a6a7dcd65b,Zerion: TokenSets Adapter
Zerion ,Main,0xb917614900c8a761242907fe791ab57a4a1e848c,Zerion: TokenSets Token Adapter
Zerion ,Main,0x40706a6cdfeb61817eadf7766edb6724065088cc,Zerion: Uniswap V1 Adapter
Zerion ,Main,0xb260687cc277c0bff48c9c482c16bc62f4eba927,Zerion: Uniswap V1 Token Adapter
Zerion ,Main,0x42f21fbd1c8711b2edd0853f98fed73e6a5d280d,Zerion: Zrx Adapter
Zerion ,Others,0x8b62c02091fe06ae3454d3c12921b32611ba5501,Zerion: Aave Asset Adapter
Zerion ,Others,0xadfc6460233221eca99dac25d00f98d32ea3989e,Zerion: DeFi SDK AdapterRegistry v1.0
Zerion ,Others,0xd291328a6c202c5b18dcb24f279f69de1e065f70,Zerion: DeFi SDK Core v1.0
Zerion ,Others,0xb2be281e8b11b47fec825973fc8bb95332022a54,Zerion: DeFi SDK v1.0
Zerion ,Others,0xd8282a355383a6513eccc8a16f990ba0026c2d1a,Zerion: Deployer
Zerion ,Others,0x4a183b7ed67b9e14b3f45abfb2cf44ed22c29e54,Zerion: Multisig
